,mut_type,segment,motif,predicted_rate,tau_squared
0,AC,PB1,AAA,0.15973342065199383,0.4401954051836125
1,AC,NS,AAA,0.10263040874498289,0.4401954051836125
2,AC,NA,AAA,0.13524131871776102,0.4401954051836125
3,AC,HA,AAA,0.11864993018377097,0.4401954051836125
4,AC,PB2,AAA,0.13555012482102216,0.4401954051836125
5,AC,MP,AAA,0.11772450088391076,0.4401954051836125
6,AC,PA,AAA,0.12791542447106624,0.4401954051836125
7,AC,NP,AAA,0.16999295152544433,0.4401954051836125
8,AC,PB1,AAC,0.20866925657750407,0.4401954051836125
9,AC,NS,AAC,0.13407219984175323,0.4401954051836125
10,AC,NA,AAC,0.1766737688343884,0.4401954051836125
11,AC,HA,AAC,0.15499945235857068,0.4401954051836125
12,AC,PB2,AAC,0.17707718059212246,0.4401954051836125
13,AC,MP,AAC,0.1537905090877846,0.4401954051836125
14,AC,PA,AAC,0.16710351797527911,0.4401954051836125
15,AC,NP,AAC,0.2220718912387943,0.4401954051836125
16,AC,PB1,AAG,0.19315165211372368,0.4401954051836125
17,AC,NS,AAG,0.12410197518644804,0.4401954051836125
18,AC,NA,AAG,0.1635354958139009,0.4401954051836125
19,AC,HA,AAG,0.14347298107452924,0.4401954051836125
20,AC,PB2,AAG,0.16390890802021454,0.4401954051836125
21,AC,MP,AAG,0.1423539403787698,0.4401954051836125
22,AC,PA,AAG,0.15467693277065178,0.4401954051836125
23,AC,NP,AAG,0.2055576052951563,0.4401954051836125
24,AC,PB1,AAT,0.24132797677664572,0.4401954051836125
25,AC,NS,AAT,0.15505577228041248,0.4401954051836125
26,AC,NA,AAT,0.20432489136928395,0.4401954051836125
27,AC,HA,AAT,0.1792583385434581,0.4401954051836125
28,AC,PB2,AAT,0.204791440897943,0.4401954051836125
29,AC,MP,AAT,0.17786018417054414,0.4401954051836125
30,AC,PA,AAT,0.19325680537063575,0.4401954051836125
31,AC,NP,AAT,0.25682825103522766,0.4401954051836125
32,AC,PB1,CAA,0.14150066406745804,0.4401954051836125
33,AC,NS,CAA,0.09091567019383466,0.4401954051836125
34,AC,NA,CAA,0.11980421085212048,0.4401954051836125
35,AC,HA,CAA,0.10510664483382526,0.4401954051836125
36,AC,PB2,CAA,0.1200777683111743,0.4401954051836125
37,AC,MP,CAA,0.10428684857614043,0.4401954051836125
38,AC,PA,CAA,0.11331453012930087,0.4401954051836125
39,AC,NP,CAA,0.15058912173453995,0.4401954051836125
40,AC,PB1,CAC,0.18485072350957038,0.4401954051836125
41,AC,NS,CAC,0.11876854094250701,0.4401954051836125
42,AC,NA,CAC,0.1565073577672393,0.4401954051836125
43,AC,HA,CAC,0.13730705414876063,0.4401954051836125
44,AC,PB2,CAC,0.156864722127052,0.4401954051836125
45,AC,MP,CAC,0.1362361055962419,0.4401954051836125
46,AC,PA,CAC,0.14802950231076303,0.4401954051836125
47,AC,NP,CAC,0.19672351567219426,0.4401954051836125
48,AC,PB1,CAG,0.1711043745777154,0.4401954051836125
49,AC,NS,CAG,0.10993636666195317,0.4401954051836125
50,AC,NA,CAG,0.14486875171028357,0.4401954051836125
51,AC,HA,CAG,0.12709627086753505,0.4401954051836125
52,AC,PB2,CAG,0.14519954081470896,0.4401954051836125
53,AC,MP,CAG,0.12610496296889903,0.4401954051836125
54,AC,PA,CAG,0.1370213485294919,0.4401954051836125
55,AC,NP,CAG,0.1820942513761786,0.4401954051836125
56,AC,PB1,CAT,0.21378161710033605,0.4401954051836125
57,AC,NS,CAT,0.13735694543831237,0.4401954051836125
58,AC,NA,CAT,0.18100224546780852,0.4401954051836125
59,AC,HA,CAT,0.1587969120049763,0.4401954051836125
60,AC,PB2,CAT,0.18141554074350066,0.4401954051836125
61,AC,MP,CAT,0.15755834983415062,0.4401954051836125
62,AC,PA,CAT,0.17119752512580472,0.4401954051836125
63,AC,NP,CAT,0.22751261398166836,0.4401954051836125
64,AC,PB1,GAA,0.069930203977749,0.4401954051836125
65,AC,NS,GAA,0.044930894164550796,0.4401954051836125
66,AC,NA,GAA,0.05920772851135171,0.4401954051836125
67,AC,HA,GAA,0.051944131577659376,0.4401954051836125
68,AC,PB2,GAA,0.059342921720778256,0.4401954051836125
69,AC,MP,GAA,0.05153898493119018,0.4401954051836125
70,AC,PA,GAA,0.0560005018902746,0.4401954051836125
71,AC,NP,GAA,0.07442175673964403,0.4401954051836125
72,AC,PB1,GAC,0.09135397975444255,0.4401954051836125
73,AC,NS,GAC,0.058695896227664614,0.4401954051836125
74,AC,NA,GAC,0.0773465730695365,0.4401954051836125
75,AC,HA,GAC,0.06785770489125839,0.4401954051836125
76,AC,PB2,GAC,0.07752318399034579,0.4401954051836125
77,AC,MP,GAC,0.06732843775869139,0.4401954051836125
78,AC,PA,GAC,0.07315678240479005,0.4401954051836125
79,AC,NP,GAC,0.09722156195407018,0.4401954051836125
80,AC,PB1,GAG,0.08456047817556901,0.4401954051836125
81,AC,NS,GAG,0.054330999758262104,0.4401954051836125
82,AC,NA,GAG,0.07159472659628201,0.4401954051836125
83,AC,HA,GAG,0.06281149424387736,0.4401954051836125
84,AC,PB2,GAG,0.07175820391773864,0.4401954051836125
85,AC,MP,GAG,0.062321585846533564,0.4401954051836125
86,AC,PA,GAG,0.06771650801162023,0.4401954051836125
87,AC,NP,GAG,0.08999172000946232,0.4401954051836125
88,AC,PB1,GAT,0.1056517450928179,0.4401954051836125
89,AC,NS,GAT,0.06788236136957287,0.4401954051836125
90,AC,NA,GAT,0.08945204624594681,0.4401954051836125
91,AC,HA,GAT,0.0784780800904982,0.4401954051836125
92,AC,PB2,GAT,0.08965629845297825,0.4401954051836125
93,AC,MP,GAT,0.07786597762570925,0.4401954051836125
94,AC,PA,GAT,0.08460651355548367,0.4401954051836125
95,AC,NP,GAT,0.11243765962585243,0.4401954051836125
96,AC,PB1,TAA,0.1031920914585656,0.4401954051836125
97,AC,NS,TAA,0.06630200794807839,0.4401954051836125
98,AC,NA,TAA,0.08736953402197122,0.4401954051836125
99,AC,HA,TAA,0.07665105021291164,0.4401954051836125
100,AC,PB2,TAA,0.08756903108101255,0.4401954051836125
101,AC,MP,TAA,0.07605319796283264,0.4401954051836125
102,AC,PA,TAA,0.08263680904785498,0.4401954051836125
103,AC,NP,TAA,0.10982002469817011,0.4401954051836125
104,AC,PB1,TAC,0.1348059593380273,0.4401954051836125
105,AC,NS,TAC,0.08661425174299359,0.4401954051836125
106,AC,NA,TAC,0.11413601259818831,0.4401954051836125
107,AC,HA,TAC,0.10013382045239233,0.4401954051836125
108,AC,PB2,TAC,0.1143966274578065,0.4401954051836125
109,AC,MP,TAC,0.09935281054189293,0.4401954051836125
110,AC,PA,TAC,0.10795337281057481,0.4401954051836125
111,AC,NP,TAC,0.14346442227025738,0.4401954051836125
112,AC,PB1,TAG,0.12478116895597595,0.4401954051836125
113,AC,NS,TAG,0.08017321811150191,0.4401954051836125
114,AC,NA,TAG,0.10564833440533525,0.4401954051836125
115,AC,HA,TAG,0.09268740958807653,0.4401954051836125
116,AC,PB2,TAG,0.10588956874682984,0.4401954051836125
117,AC,MP,TAG,0.09196447916217491,0.4401954051836125
118,AC,PA,TAG,0.09992546411294963,0.4401954051836125
119,AC,NP,TAG,0.13279574881098447,0.4401954051836125
120,AC,PB1,TAT,0.15590437210570918,0.4401954051836125
121,AC,NS,TAT,0.10017020463863158,0.4401954051836125
122,AC,NA,TAT,0.13199938241714126,0.4401954051836125
123,AC,HA,TAT,0.11580571423426878,0.4401954051836125
124,AC,PB2,TAT,0.13230078597711528,0.4401954051836125
125,AC,MP,TAT,0.11490246885622565,0.4401954051836125
126,AC,PA,TAT,0.12484910079178176,0.4401954051836125
127,AC,NP,TAT,0.16591796670848946,0.4401954051836125
128,AG,PB1,AAA,1.463295518549103,0.16463228117032352
129,AG,NS,AAA,1.12019631519395,0.16463228117032352
130,AG,NA,AAA,1.172521381971521,0.16463228117032352
131,AG,HA,AAA,1.081908465289666,0.16463228117032352
132,AG,PB2,AAA,1.3795470995171024,0.16463228117032352
133,AG,MP,AAA,1.5818491746111352,0.16463228117032352
134,AG,PA,AAA,1.4086803767695941,0.16463228117032352
135,AG,NP,AAA,1.483551607777821,0.16463228117032352
136,AG,PB1,AAC,1.5988983866363682,0.16463228117032352
137,AG,NS,AAC,1.224004350710727,0.16463228117032352
138,AG,NA,AAC,1.2811783554081868,0.16463228117032352
139,AG,HA,AAC,1.1821683847942628,0.16463228117032352
140,AG,PB2,AAC,1.5073890432561718,0.16463228117032352
141,AG,MP,AAC,1.7284383510554318,0.16463228117032352
142,AG,PA,AAC,1.5392220868252697,0.16463228117032352
143,AG,NP,AAC,1.6210315975816683,0.16463228117032352
144,AG,PB1,AAG,1.5034669592705683,0.16463228117032352
145,AG,NS,AAG,1.1509487498879591,0.16463228117032352
146,AG,NA,AAG,1.2047102820217463,0.16463228117032352
147,AG,HA,AAG,1.1116097943981764,0.16463228117032352
148,AG,PB2,AAG,1.4174194184220832,0.16463228117032352
149,AG,MP,AAG,1.6252752355418736,0.16463228117032352
150,AG,PA,AAG,1.4473524833492688,0.16463228117032352
151,AG,NP,AAG,1.5242791332254304,0.16463228117032352
152,AG,PB1,AAT,1.6191381114655956,0.16463228117032352
153,AG,NS,AAT,1.2394984630665964,0.16463228117032352
154,AG,NA,AAT,1.297396207391373,0.16463228117032352
155,AG,HA,AAT,1.197132914754408,0.16463228117032352
156,AG,PB2,AAT,1.526470393078708,0.16463228117032352
157,AG,MP,AAT,1.75031786316329,0.16463228117032352
158,AG,PA,AAT,1.5587063966155563,0.16463228117032352
159,AG,NP,AAT,1.6415514966251323,0.16463228117032352
160,AG,PB1,CAA,0.8057659487642171,0.16463228117032352
161,AG,NS,CAA,0.6168378398434523,0.16463228117032352
162,AG,NA,CAA,0.6456507190887774,0.16463228117032352
163,AG,HA,CAA,0.5957545758593892,0.16463228117032352
164,AG,PB2,CAA,0.7596497518214881,0.16463228117032352
165,AG,MP,CAA,0.8710477035057386,0.16463228117032352
166,AG,PA,CAA,0.7756920361641892,0.16463228117032352
167,AG,NP,CAA,0.816919995741559,0.16463228117032352
168,AG,PB1,CAC,0.8804358785729427,0.16463228117032352
169,AG,NS,CAC,0.6739998957420869,0.16463228117032352
170,AG,NA,CAC,0.7054828501800101,0.16463228117032352
171,AG,HA,CAC,0.6509628561681725,0.16463228117032352
172,AG,PB2,CAC,0.8300461165905888,0.16463228117032352
173,AG,MP,CAC,0.9517672610653214,0.16463228117032352
174,AG,PA,CAC,0.8475750314463791,0.16463228117032352
175,AG,NP,CAC,0.8926235655373785,0.16463228117032352
176,AG,PB1,CAG,0.8278864149556612,0.16463228117032352
177,AG,NS,CAG,0.6337717157447448,0.16463228117032352
178,AG,NA,CAG,0.6633755868682968,0.16463228117032352
179,AG,HA,CAG,0.6121096588383944,0.16463228117032352
180,AG,PB2,CAG,0.7805042030157556,0.16463228117032352
181,AG,MP,CAG,0.8949603313675691,0.16463228117032352
182,AG,PA,CAG,0.7969868916830383,0.16463228117032352
183,AG,NP,CAG,0.8393466708506652,0.16463228117032352
184,AG,PB1,CAT,0.8915809144683027,0.16463228117032352
185,AG,NS,CAT,0.6825317527623731,0.16463228117032352
186,AG,NA,CAT,0.7144132355495401,0.16463228117032352
187,AG,HA,CAT,0.6592030978201819,0.16463228117032352
188,AG,PB2,CAT,0.8405532914903675,0.16463228117032352
189,AG,MP,CAT,0.9638152483711029,0.16463228117032352
190,AG,PA,CAT,0.8583040968779148,0.16463228117032352
191,AG,NP,CAT,0.9039228797987227,0.16463228117032352
192,AG,PB1,GAA,2.250087303861346,0.16463228117032352
193,AG,NS,GAA,1.7225088676205014,0.16463228117032352
194,AG,NA,GAA,1.8029683284317037,0.16463228117032352
195,AG,HA,GAA,1.6636342220894338,0.16463228117032352
196,AG,PB2,GAA,2.12130863134193,0.16463228117032352
197,AG,MP,GAA,2.432385460966357,0.16463228117032352
198,AG,PA,GAA,2.166106429486423,0.16463228117032352
199,AG,NP,GAA,2.281234784750656,0.16463228117032352
200,AG,PB1,GAC,2.458601775465054,0.16463228117032352
201,AG,NS,GAC,1.8821329078736182,0.16463228117032352
202,AG,NA,GAC,1.9700485069101135,0.16463228117032352
203,AG,HA,GAC,1.8178023782163215,0.16463228117032352
204,AG,PB2,GAC,2.317889247397841,0.16463228117032352
205,AG,MP,GAC,2.657793412142102,0.16463228117032352
206,AG,PA,GAC,2.366838435220894,0.16463228117032352
207,AG,NP,GAC,2.492635677920441,0.16463228117032352
208,AG,PB1,GAG,2.3118583183962715,0.16463228117032352
209,AG,NS,GAG,1.7697964195815874,0.16463228117032352
210,AG,NA,GAG,1.8524647113633534,0.16463228117032352
211,AG,HA,GAG,1.709305504949051,0.16463228117032352
212,AG,PB2,GAG,2.1795443211637497,0.16463228117032352
213,AG,MP,GAG,2.499161055587086,0.16463228117032352
214,AG,PA,GAG,2.2255719406736483,0.16463228117032352
215,AG,NP,GAG,2.3438608823267764,0.16463228117032352
216,AG,PB1,GAT,2.4897240930657034,0.16463228117032352
217,AG,NS,GAT,1.9059579692194704,0.16463228117032352
218,AG,NA,GAT,1.994986451693442,0.16463228117032352
219,AG,HA,GAT,1.8408131087521207,0.16463228117032352
220,AG,PB2,GAT,2.347230349336564,0.16463228117032352
221,AG,MP,GAT,2.691437205746682,0.16463228117032352
222,AG,PA,GAT,2.3967991625844927,0.16463228117032352
223,AG,NP,GAT,2.5241888151568586,0.16463228117032352
224,AG,PB1,TAA,1.9080333560021183,0.16463228117032352
225,AG,NS,TAA,1.460656379772133,0.16463228117032352
226,AG,NA,TAA,1.528884547972659,0.16463228117032352
227,AG,HA,TAA,1.4107317447131726,0.16463228117032352
228,AG,PB2,TAA,1.7988313698004925,0.16463228117032352
229,AG,MP,TAA,2.0626188975929565,0.16463228117032352
230,AG,PA,TAA,1.8368190927606014,0.16463228117032352
231,AG,NP,TAA,1.9344458567038705,0.16463228117032352
232,AG,PB1,TAC,2.0848498583423973,0.16463228117032352
233,AG,NS,TAC,1.5960146801812356,0.16463228117032352
234,AG,NA,TAC,1.6705655188027746,0.16463228117032352
235,AG,HA,TAC,1.5414635540161465,0.16463228117032352
236,AG,PB2,TAC,1.9655281783796308,0.16463228117032352
237,AG,MP,TAC,2.253760765205539,0.16463228117032352
238,AG,PA,TAC,2.00703620473724,0.16463228117032352
239,AG,NP,TAC,2.1137099923506915,0.16463228117032352
240,AG,PB1,TAG,1.9604140596150266,0.16463228117032352
241,AG,NS,TAG,1.500755368958286,0.16463228117032352
242,AG,NA,TAG,1.5708565858900203,0.16463228117032352
243,AG,HA,TAG,1.4494601669206193,0.16463228117032352
244,AG,PB2,TAG,1.848214181969221,0.16463228117032352
245,AG,MP,TAG,2.1192433946445064,0.16463228117032352
246,AG,PA,TAG,1.8872447712141585,0.16463228117032352
247,AG,NP,TAG,1.9875516552772952,0.16463228117032352
248,AG,PB1,TAT,2.1112410210302737,0.16463228117032352
249,AG,NS,TAT,1.6162179014867695,0.16463228117032352
250,AG,NA,TAT,1.6917124451442878,0.16463228117032352
251,AG,HA,TAT,1.5609762375164429,0.16463228117032352
252,AG,PB2,TAT,1.990408902387481,0.16463228117032352
253,AG,MP,TAT,2.28229009396084,0.16463228117032352
254,AG,PA,TAT,2.0324423599036328,0.16463228117032352
255,AG,NP,TAT,2.1404664823012287,0.16463228117032352
256,AT,PB1,AAA,0.1477887771887738,0.29889800743911016
257,AT,NS,AAA,0.10066783546213279,0.29889800743911016
258,AT,NA,AAA,0.1454958805706244,0.29889800743911016
259,AT,HA,AAA,0.11819804820328406,0.29889800743911016
260,AT,PB2,AAA,0.13830081370713257,0.29889800743911016
261,AT,MP,AAA,0.14466316301300733,0.29889800743911016
262,AT,PA,AAA,0.13942474491303694,0.29889800743911016
263,AT,NP,AAA,0.19519685419134353,0.29889800743911016
264,AT,PB1,AAC,0.11921459409735619,0.29889800743911016
265,AT,NS,AAC,0.08120423872205372,0.29889800743911016
266,AT,NA,AAC,0.11736501698575502,0.29889800743911016
267,AT,HA,AAC,0.0953450769922509,0.29889800743911016
268,AT,PB2,AAC,0.1115610784733003,0.29889800743911016
269,AT,MP,AAC,0.1166933009900116,0.29889800743911016
270,AT,PA,AAC,0.11246770348944811,0.29889800743911016
271,AT,NP,AAC,0.15745656865255853,0.29889800743911016
272,AT,PB1,AAG,0.2859880942131504,0.29889800743911016
273,AT,NS,AAG,0.194803712162829,0.29889800743911016
274,AT,NA,AAG,0.28155107844966837,0.29889800743911016
275,AT,HA,AAG,0.22872666780505052,0.29889800743911016
276,AT,PB2,AAG,0.2676278056601665,0.29889800743911016
277,AT,MP,AAG,0.2799396752575536,0.29889800743911016
278,AT,PA,AAG,0.2698027403860469,0.29889800743911016
279,AT,NP,AAG,0.37772811568282594,0.29889800743911016
280,AT,PB1,AAT,0.22515157321077658,0.29889800743911016
281,AT,NS,AAT,0.15336429434740936,0.29889800743911016
282,AT,NA,AAT,0.2216584170279726,0.29889800743911016
283,AT,HA,AAT,0.18007102440139902,0.29889800743911016
284,AT,PB2,AAT,0.21069695801540714,0.29889800743911016
285,AT,MP,AAT,0.22038979791017424,0.29889800743911016
286,AT,PA,AAT,0.21240923200537878,0.29889800743911016
287,AT,NP,AAT,0.29737629367376606,0.29889800743911016
288,AT,PB1,CAA,0.19438545983461827,0.29889800743911016
289,AT,NS,CAA,0.1324076419000834,0.29889800743911016
290,AT,NA,CAA,0.19136963027062573,0.29889800743911016
291,AT,HA,CAA,0.15546499800997765,0.29889800743911016
292,AT,PB2,CAA,0.18190601329371414,0.29889800743911016
293,AT,MP,CAA,0.19027436317099342,0.29889800743911016
294,AT,PA,CAA,0.18338431150037116,0.29889800743911016
295,AT,NP,CAA,0.256740944623889,0.29889800743911016
296,AT,PB1,CAC,0.1568020531289181,0.29889800743911016
297,AT,NS,CAC,0.10680732045264915,0.29889800743911016
298,AT,NA,CAC,0.1543693183558376,0.29889800743911016
299,AT,HA,CAC,0.12540665797939632,0.29889800743911016
300,AT,PB2,CAC,0.14673544196782007,0.29889800743911016
301,AT,MP,CAC,0.15348581539171147,0.29889800743911016
302,AT,PA,CAC,0.14792791898815805,0.29889800743911016
303,AT,NP,CAC,0.20710143275908838,0.29889800743911016
304,AT,PB1,CAG,0.37615797530986134,0.29889800743911016
305,AT,NS,CAG,0.2562238478899774,0.29889800743911016
306,AT,NA,CAG,0.37032200206558563,0.29889800743911016
307,AT,HA,CAG,0.3008424546400675,0.29889800743911016
308,AT,PB2,CAG,0.35200882676856626,0.29889800743911016
309,AT,MP,CAG,0.36820253564576333,0.29889800743911016
310,AT,PA,CAG,0.3548695019486614,0.29889800743911016
311,AT,NP,CAG,0.49682293105167824,0.29889800743911016
312,AT,PB1,CAT,0.29614015978467045,0.29889800743911016
313,AT,NS,CAT,0.20171889534517004,0.29889800743911016
314,AT,NA,CAT,0.2915456379015834,0.29889800743911016
315,AT,HA,CAT,0.2368460552078754,0.29889800743911016
316,AT,PB2,CAT,0.2771281138436219,0.29889800743911016
317,AT,MP,CAT,0.28987703277973964,0.29889800743911016
318,AT,PA,CAT,0.2793802548602456,0.29889800743911016
319,AT,NP,CAT,0.3911367878486004,0.29889800743911016
320,AT,PB1,GAA,0.1375193369602332,0.29889800743911016
321,AT,NS,GAA,0.09367270133300717,0.29889800743911016
322,AT,NA,GAA,0.13538576749275255,0.29889800743911016
323,AT,HA,GAA,0.10998478726261507,0.29889800743911016
324,AT,PB2,GAA,0.1286906662592666,0.29889800743911016
325,AT,MP,GAA,0.13461091321371368,0.29889800743911016
326,AT,PA,GAA,0.12973649854210265,0.29889800743911016
327,AT,NP,GAA,0.18163315561390223,0.29889800743911016
328,AT,PB1,GAC,0.1109306961469134,0.29889800743911016
329,AT,NS,GAC,0.0755615770008928,0.29889800743911016
330,AT,NA,GAC,0.10920964111903854,0.29889800743911016
331,AT,HA,GAC,0.08871980687443372,0.29889800743911016
332,AT,PB2,GAC,0.10380900251052473,0.29889800743911016
333,AT,MP,GAC,0.108584600841168,0.29889800743911016
334,AT,PA,GAC,0.10465262861978576,0.29889800743911016
335,AT,NP,GAC,0.1465153398858902,0.29889800743911016
336,AT,PB1,GAG,0.2661155592652174,0.29889800743911016
337,AT,NS,GAG,0.18126733195583472,0.29889800743911016
338,AT,NA,GAG,0.2619868596610738,0.29889800743911016
339,AT,HA,GAG,0.2128330736609097,0.29889800743911016
340,AT,PB2,GAG,0.24903107723462445,0.29889800743911016
341,AT,MP,GAG,0.26048742849471285,0.29889800743911016
342,AT,PA,GAG,0.25105488166094314,0.29889800743911016
343,AT,NP,GAG,0.3514808161217148,0.29889800743911016
344,AT,PB1,GAT,0.20950640266784315,0.29889800743911016
345,AT,NS,GAT,0.14270742659363336,0.29889800743911016
346,AT,NA,GAT,0.20625597640885768,0.29889800743911016
347,AT,HA,GAT,0.16755837860272524,0.29889800743911016
348,AT,PB2,GAT,0.19605619937437202,0.29889800743911016
349,AT,MP,GAT,0.20507551018365938,0.29889800743911016
350,AT,PA,GAT,0.19764949210115587,0.29889800743911016
351,AT,NP,GAT,0.27671242371450055,0.29889800743911016
352,AT,PB1,TAA,0.1207526919474567,0.29889800743911016
353,AT,NS,TAA,0.08225192978658434,0.29889800743911016
354,AT,NA,TAA,0.11887925172915716,0.29889800743911016
355,AT,HA,TAA,0.09657521210322302,0.29889800743911016
356,AT,PB2,TAA,0.11300043123253166,0.29889800743911016
357,AT,MP,TAA,0.11819886930346232,0.29889800743911016
358,AT,PA,TAA,0.11391875345738739,0.29889800743911016
359,AT,NP,TAA,0.1594880616217073,0.29889800743911016
360,AT,PB1,TAC,0.09740579379915622,0.29889800743911016
361,AT,NS,TAC,0.06634895158992313,0.29889800743911016
362,AT,NA,TAC,0.09589457339772503,0.29889800743911016
363,AT,HA,TAC,0.07790290257321628,0.29889800743911016
364,AT,PB2,TAC,0.09115239193707714,0.29889800743911016
365,AT,MP,TAC,0.0953457393370265,0.29889800743911016
366,AT,PA,TAC,0.09189316138770272,0.29889800743911016
367,AT,NP,TAC,0.12865188339247075,0.29889800743911016
368,AT,PB1,TAG,0.23367019403002412,0.29889800743911016
369,AT,NS,TAG,0.1591668399486964,0.29889800743911016
370,AT,NA,TAG,0.23004487411165583,0.29889800743911016
371,AT,HA,TAG,0.18688402044461552,0.29889800743911016
372,AT,PB2,TAG,0.21866868775953788,0.29889800743911016
373,AT,MP,TAG,0.22872825672729216,0.29889800743911016
374,AT,PA,TAG,0.22044574571993095,0.29889800743911016
375,AT,NP,TAG,0.30862754033535833,0.29889800743911016
376,AT,PB1,TAT,0.18396294413261682,0.29889800743911016
377,AT,NS,TAT,0.12530823884831857,0.29889800743911016
378,AT,NA,TAT,0.18110881663734904,0.29889800743911016
379,AT,HA,TAT,0.1471293108436166,0.29889800743911016
380,AT,PB2,TAT,0.17215261773905047,0.29889800743911016
381,AT,MP,TAT,0.18007227532180323,0.29889800743911016
382,AT,PA,TAT,0.17355165288619553,0.29889800743911016
383,AT,NP,TAT,0.24297506661549384,0.29889800743911016
384,CA,PB1,ACA,0.6167121005799961,0.3680443554966802
385,CA,NS,ACA,0.5184810003477315,0.3680443554966802
386,CA,NA,ACA,0.48375536316783246,0.3680443554966802
387,CA,HA,ACA,0.45418946300179713,0.3680443554966802
388,CA,PB2,ACA,0.5712206153007824,0.3680443554966802
389,CA,MP,ACA,0.4586981372274214,0.3680443554966802
390,CA,PA,ACA,0.6018399647308779,0.3680443554966802
391,CA,NP,ACA,0.6267379279350835,0.3680443554966802
392,CA,PB1,ACC,0.38126533388561656,0.3680443554966802
393,CA,NS,ACC,0.32053665158348005,0.3680443554966802
394,CA,NA,ACC,0.29906847925260877,0.3680443554966802
395,CA,HA,ACC,0.28079017274973506,0.3680443554966802
396,CA,PB2,ACC,0.3531414713772916,0.3680443554966802
397,CA,MP,ACC,0.28357753687376863,0.3680443554966802
398,CA,PA,ACC,0.3720710439815046,0.3680443554966802
399,CA,NP,ACC,0.3874635265437824,0.3680443554966802
400,CA,PB1,ACG,1.0461267979551319,0.3680443554966802
401,CA,NS,ACG,0.8794976913607511,0.3680443554966802
402,CA,NA,ACG,0.8205927021513698,0.3680443554966802
403,CA,HA,ACG,0.7704401586221163,0.3680443554966802
404,CA,PB2,ACG,0.9689597344507667,0.3680443554966802
405,CA,MP,ACG,0.7780882085407725,0.3680443554966802
406,CA,PA,ACG,1.0208992406557695,0.3680443554966802
407,CA,NP,ACG,1.063133577387487,0.3680443554966802
408,CA,PB1,ACT,0.9775219508086141,0.3680443554966802
409,CA,NS,ACT,0.821820357409014,0.3680443554966802
410,CA,NA,ACT,0.7667783490436147,0.3680443554966802
411,CA,HA,ACT,0.7199148022110897,0.3680443554966802
412,CA,PB2,ACT,0.9054154923922851,0.3680443554966802
413,CA,MP,ACT,0.727061294100008,0.3680443554966802
414,CA,PA,ACT,0.953948813141543,0.3680443554966802
415,CA,NP,ACT,0.9934134280560987,0.3680443554966802
416,CA,PB1,CCA,0.7039081080579406,0.3680443554966802
417,CA,NS,CCA,0.5917882585334797,0.3680443554966802
418,CA,NA,CCA,0.5521528151143854,0.3680443554966802
419,CA,HA,CCA,0.5184066362582689,0.3680443554966802
420,CA,PB2,CCA,0.6519846492746255,0.3680443554966802
421,CA,MP,CCA,0.5235527852328455,0.3680443554966802
422,CA,PA,CCA,0.686933223020841,0.3680443554966802
423,CA,NP,CCA,0.7153514722445651,0.3680443554966802
424,CA,PB1,CCC,0.4351718728902925,0.3680443554966802
425,CA,NS,CCC,0.36585685243918376,0.3680443554966802
426,CA,NA,CCC,0.3413533271237676,0.3680443554966802
427,CA,HA,CCC,0.32049067802568637,0.3680443554966802
428,CA,PB2,CCC,0.40307161925346807,0.3680443554966802
429,CA,MP,CCC,0.32367214342124434,0.3680443554966802
430,CA,PA,CCC,0.42467761599918713,0.3680443554966802
431,CA,NP,CCC,0.4422464187979938,0.3680443554966802
432,CA,PB1,CCG,1.194037111392449,0.3680443554966802
433,CA,NS,CCG,1.0038485630245366,0.3680443554966802
434,CA,NA,CCG,0.9366150849225929,0.3680443554966802
435,CA,HA,CCG,0.8793715477895137,0.3680443554966802
436,CA,PB2,CCG,1.1059595114480667,0.3680443554966802
437,CA,MP,CCG,0.8881009441213044,0.3680443554966802
438,CA,PA,CCG,1.1652426672542253,0.3680443554966802
439,CA,NP,CCG,1.2134484540969777,0.3680443554966802
440,CA,PB1,CCT,1.1157323268534511,0.3680443554966802
441,CA,NS,CCT,0.9380163165328419,0.3680443554966802
442,CA,NA,CCT,0.8751920003960908,0.3680443554966802
443,CA,HA,CCT,0.8217024863153006,0.3680443554966802
444,CA,PB2,CCT,1.0334308434305344,0.3680443554966802
445,CA,MP,CCT,0.829859410072835,0.3680443554966802
446,CA,PA,CCT,1.0888262182808903,0.3680443554966802
447,CA,NP,CCT,1.133870676454509,0.3680443554966802
448,CA,PB1,GCA,0.7788932667008419,0.3680443554966802
449,CA,NS,GCA,0.6548296355841993,0.3680443554966802
450,CA,NA,GCA,0.6109719506840935,0.3680443554966802
451,CA,HA,GCA,0.5736308955278601,0.3680443554966802
452,CA,PB2,GCA,0.7214385620779286,0.3680443554966802
453,CA,MP,GCA,0.5793252478727933,0.3680443554966802
454,CA,PA,GCA,0.7601100995415722,0.3680443554966802
455,CA,NP,GCA,0.7915556571625153,0.3680443554966802
456,CA,PB1,GCC,0.4815293896628101,0.3680443554966802
457,CA,NS,GCC,0.40483045397423895,0.3680443554966802
458,CA,NA,GCC,0.3777166437195625,0.3680443554966802
459,CA,HA,GCC,0.3546315609906955,0.3680443554966802
460,CA,PB2,GCC,0.4460095950605099,0.3680443554966802
461,CA,MP,GCC,0.3581519380775265,0.3680443554966802
462,CA,PA,GCC,0.46991721196810726,0.3680443554966802
463,CA,NP,GCC,0.4893575651155369,0.3680443554966802
464,CA,PB1,GCG,1.3212342003282462,0.3680443554966802
465,CA,NS,GCG,1.1107854527835157,0.3680443554966802
466,CA,NA,GCG,1.0363897997273757,0.3680443554966802
467,CA,HA,GCG,0.9730482852247113,0.3680443554966802
468,CA,PB2,GCG,1.2237739654502542,0.3680443554966802
469,CA,MP,GCG,0.9827075972106945,0.3680443554966802
470,CA,PA,GCG,1.289372372909418,0.3680443554966802
471,CA,NP,GCG,1.3427133734718737,0.3680443554966802
472,CA,PB1,GCT,1.234587848723975,0.3680443554966802
473,CA,NS,GCT,1.037940300217166,0.3680443554966802
474,CA,NA,GCT,0.9684235035446483,0.3680443554966802
475,CA,HA,GCT,0.9092359165859285,0.3680443554966802
476,CA,PB2,GCT,1.1435190422366313,0.3680443554966802
477,CA,MP,GCT,0.9182617722608466,0.3680443554966802
478,CA,PA,GCT,1.2048155154316238,0.3680443554966802
479,CA,NP,GCT,1.2546584207370008,0.3680443554966802
480,CA,PB1,TCA,0.7510883255928349,0.3680443554966802
481,CA,NS,TCA,0.6314535194568667,0.3680443554966802
482,CA,NA,TCA,0.5891614667144841,0.3680443554966802
483,CA,HA,TCA,0.5531534129897918,0.3680443554966802
484,CA,PB2,TCA,0.6956846396995926,0.3680443554966802
485,CA,MP,TCA,0.5586444882769199,0.3680443554966802
486,CA,PA,TCA,0.7329756801584447,0.3680443554966802
487,CA,NP,TCA,0.7632986938890519,0.3680443554966802
488,CA,PB1,TCC,0.46433974777765125,0.3680443554966802
489,CA,NS,TCC,0.3903788116084502,0.3680443554966802
490,CA,NA,TCC,0.36423291047505585,0.3680443554966802
491,CA,HA,TCC,0.3419719193042895,0.3680443554966802
492,CA,PB2,TCC,0.43008793922595434,0.3680443554966802
493,CA,MP,TCC,0.34536662592796213,0.3680443554966802
494,CA,PA,TCC,0.4531421017405458,0.3680443554966802
495,CA,NP,TCC,0.4718884729298662,0.3680443554966802
496,CA,PB1,TCG,1.2740687661146242,0.3680443554966802
497,CA,NS,TCG,1.071132620465299,0.3680443554966802
498,CA,NA,TCG,0.9993927443176942,0.3680443554966802
499,CA,HA,TCG,0.9383123959538752,0.3680443554966802
500,CA,PB2,TCG,1.1800876678616454,0.3680443554966802
501,CA,MP,TCG,0.9476268897055812,0.3680443554966802
502,CA,PA,TCG,1.2433443425903328,0.3680443554966802
503,CA,NP,TCG,1.2947811754796446,0.3680443554966802
504,CA,PB1,TCT,1.1905155170015134,0.3680443554966802
505,CA,NS,TCT,1.0008878950225402,0.3680443554966802
506,CA,NA,TCT,0.9338527097852887,0.3680443554966802
507,CA,HA,TCT,0.8767780020104946,0.3680443554966802
508,CA,PB2,TCT,1.1026976858523987,0.3680443554966802
509,CA,MP,TCT,0.8854816525820699,0.3680443554966802
510,CA,PA,TCT,1.161805996817495,0.3680443554966802
511,CA,NP,TCT,1.2098696094958628,0.3680443554966802
512,CT,PB1,ACA,1.454515403323581,0.23227828453040086
513,CT,NS,ACA,1.1200962590220342,0.23227828453040086
514,CT,NA,ACA,1.3620898844800586,0.23227828453040086
515,CT,HA,ACA,1.1464457513836803,0.23227828453040086
516,CT,PB2,ACA,1.4019197932961045,0.23227828453040086
517,CT,MP,ACA,1.255937653489839,0.23227828453040086
518,CT,PA,ACA,1.389656522500078,0.23227828453040086
519,CT,NP,ACA,1.535189398336097,0.23227828453040086
520,CT,PB1,ACC,2.99563068044505,0.23227828453040086
521,CT,NS,ACC,2.306881529690936,0.23227828453040086
522,CT,NA,ACC,2.8052767527581715,0.23227828453040086
523,CT,HA,ACC,2.361149327441538,0.23227828453040086
524,CT,PB2,ACC,2.8873079891246194,0.23227828453040086
525,CT,MP,ACC,2.5866521309594783,0.23227828453040086
526,CT,PA,ACC,2.8620513090267394,0.23227828453040086
527,CT,NP,ACC,3.1617818906841073,0.23227828453040086
528,CT,PB1,ACG,4.075523482508163,0.23227828453040086
529,CT,NS,ACG,3.1384876336701746,0.23227828453040086
530,CT,NA,ACG,3.8165490009942133,0.23227828453040086
531,CT,HA,ACG,3.212318391754053,0.23227828453040086
532,CT,PB2,ACG,3.928151620199919,0.23227828453040086
533,CT,MP,ACG,3.5191125426846512,0.23227828453040086
534,CT,PA,ACG,3.8937901772152936,0.23227828453040086
535,CT,NP,ACG,4.301570425943735,0.23227828453040086
536,CT,PB1,ACT,2.1525875283,0.23227828453040086
537,CT,NS,ACT,1.6576690986956344,0.23227828453040086
538,CT,NA,ACT,2.015803814147086,0.23227828453040086
539,CT,HA,ACT,1.6966646215378884,0.23227828453040086
540,CT,PB2,ACT,2.0747494703944085,0.23227828453040086
541,CT,MP,ACT,1.85870546509651,0.23227828453040086
542,CT,PA,ACT,2.0566006328424833,0.23227828453040086
543,CT,NP,ACT,2.2719797568905453,0.23227828453040086
544,CT,PB1,CCA,1.2192724421627115,0.23227828453040086
545,CT,NS,CCA,0.9389398682712263,0.23227828453040086
546,CT,NA,CCA,1.1417951684116083,0.23227828453040086
547,CT,HA,CCA,0.9610277814195648,0.23227828453040086
548,CT,PB2,CCA,1.1751832714748627,0.23227828453040086
549,CT,MP,CCA,1.0528112431642578,0.23227828453040086
550,CT,PA,CCA,1.1649033747489785,0.23227828453040086
551,CT,NP,CCA,1.2868987998438821,0.23227828453040086
552,CT,PB1,CCC,2.5111387113658665,0.23227828453040086
553,CT,NS,CCC,1.9337829424557724,0.23227828453040086
554,CT,NA,CCC,2.3515712720966024,0.23227828453040086
555,CT,HA,CCC,1.9792738531350103,0.23227828453040086
556,CT,PB2,CCC,2.420335360582433,0.23227828453040086
557,CT,MP,CCC,2.1683054394156334,0.23227828453040086
558,CT,PA,CCC,2.3991635160261646,0.23227828453040086
559,CT,NP,CCC,2.6504178083170298,0.23227828453040086
560,CT,PB1,CCG,3.4163773434468956,0.23227828453040086
561,CT,NS,CCG,2.630890998512992,0.23227828453040086
562,CT,NA,CCG,3.199287549958412,0.23227828453040086
563,CT,HA,CCG,2.692780895663588,0.23227828453040086
564,CT,PB2,CCG,3.292840356453115,0.23227828453040086
565,CT,MP,CCG,2.9499563458455818,0.23227828453040086
566,CT,PA,CCG,3.264036288508309,0.23227828453040086
567,CT,NP,CCG,3.6058650643306547,0.23227828453040086
568,CT,PB1,CCT,1.8044433538497582,0.23227828453040086
569,CT,NS,CCT,1.3895695058614987,0.23227828453040086
570,CT,NA,CCT,1.6897820633455642,0.23227828453040086
571,CT,HA,CCT,1.4222581705952262,0.23227828453040086
572,CT,PB2,CCT,1.7391942690075537,0.23227828453040086
573,CT,MP,CCT,1.558091682295668,0.23227828453040086
574,CT,PA,CCT,1.7239806951713563,0.23227828453040086
575,CT,NP,CCT,1.9045259337909606,0.23227828453040086
576,CT,PB1,GCA,1.164913085517229,0.23227828453040086
577,CT,NS,GCA,0.8970787013957703,0.23227828453040086
578,CT,NA,GCA,1.090890014953303,0.23227828453040086
579,CT,HA,GCA,0.9181818594501159,0.23227828453040086
580,CT,PB2,GCA,1.122789561612451,0.23227828453040086
581,CT,MP,GCA,1.005873298970238,0.23227828453040086
582,CT,PA,GCA,1.1129679780191184,0.23227828453040086
583,CT,NP,GCA,1.2295244277115365,0.23227828453040086
584,CT,PB1,GCC,2.3991835157286325,0.23227828453040086
585,CT,NS,GCC,1.84756825162142,0.23227828453040086
586,CT,NA,GCC,2.2467301414052296,0.23227828453040086
587,CT,HA,GCC,1.8910310211303758,0.23227828453040086
588,CT,PB2,GCC,2.3124284904540455,0.23227828453040086
589,CT,MP,GCC,2.071634929510182,0.23227828453040086
590,CT,PA,GCC,2.2922005595050066,0.23227828453040086
591,CT,NP,GCC,2.5322530717744014,0.23227828453040086
592,CT,PB1,GCG,3.2640634978894867,0.23227828453040086
593,CT,NS,GCG,2.5135968342736326,0.23227828453040086
594,CT,NA,GCG,3.056652313627504,0.23227828453040086
595,CT,HA,GCG,2.5727274670665485,0.23227828453040086
596,CT,PB2,GCG,3.1460342144266673,0.23227828453040086
597,CT,MP,GCG,2.81843715165467,0.23227828453040086
598,CT,PA,GCG,3.118514330843049,0.23227828453040086
599,CT,NP,GCG,3.4451032048238863,0.23227828453040086
600,CT,PB1,GCT,1.7239950664723258,0.23227828453040086
601,CT,NS,GCT,1.327617720730664,0.23227828453040086
602,CT,NA,GCT,1.6144457704399278,0.23227828453040086
603,CT,HA,GCT,1.3588490124252919,0.23227828453040086
604,CT,PB2,GCT,1.6616550101220942,0.23227828453040086
605,CT,MP,GCT,1.4886265992548038,0.23227828453040086
606,CT,PA,GCT,1.6471197097032368,0.23227828453040086
607,CT,NP,GCT,1.8196156209720495,0.23227828453040086
608,CT,PB1,TCA,1.1618424739864945,0.23227828453040086
609,CT,NS,TCA,0.8947140784563181,0.23227828453040086
610,CT,NA,TCA,1.0880145219226867,0.23227828453040086
611,CT,HA,TCA,0.9157616103860521,0.23227828453040086
612,CT,PB2,TCA,1.1198299840977521,0.23227828453040086
613,CT,MP,TCA,1.0032219027513478,0.23227828453040086
614,CT,PA,TCA,1.1100342893610273,0.23227828453040086
615,CT,NP,TCA,1.2262835061938815,0.23227828453040086
616,CT,PB1,TCC,2.3928594726224697,0.23227828453040086
617,CT,NS,TCC,1.8426982193007437,0.23227828453040086
618,CT,NA,TCC,2.2408079523900857,0.23227828453040086
619,CT,HA,TCC,1.886046424656484,0.23227828453040086
620,CT,PB2,TCC,2.3063331261946303,0.23227828453040086
621,CT,MP,TCC,2.0661742765386326,0.23227828453040086
622,CT,PA,TCC,2.286158514346207,0.23227828453040086
623,CT,NP,TCC,2.525578268668833,0.23227828453040086
624,CT,PB1,TCG,3.2554597049213454,0.23227828453040086
625,CT,NS,TCG,2.5069712074188093,0.23227828453040086
626,CT,NA,TCG,3.0485952388496864,0.23227828453040086
627,CT,HA,TCG,2.5659459769073028,0.23227828453040086
628,CT,PB2,TCG,3.1377415365822814,0.23227828453040086
629,CT,MP,TCG,2.8110079917249586,0.23227828453040086
630,CT,PA,TCG,3.1102941930644477,0.23227828453040086
631,CT,NP,TCG,3.4360222066302697,0.23227828453040086
632,CT,PB1,TCT,1.7194507625273763,0.23227828453040086
633,CT,NS,TCT,1.3241182336595982,0.23227828453040086
634,CT,NA,TCT,1.6101902290951782,0.23227828453040086
635,CT,HA,TCT,1.3552672023332304,0.23227828453040086
636,CT,PB2,TCT,1.6572750292483125,0.23227828453040086
637,CT,MP,TCT,1.4847027065133978,0.23227828453040086
638,CT,PA,TCT,1.6427780426415528,0.23227828453040086
639,CT,NP,TCT,1.814819269401511,0.23227828453040086
640,GA,PB1,AGA,3.0732510809243143,0.22030830807103158
641,GA,NS,AGA,2.6034149877016675,0.22030830807103158
642,GA,NA,AGA,2.466921372500963,0.22030830807103158
643,GA,HA,AGA,2.4987817428389913,0.22030830807103158
644,GA,PB2,AGA,2.989322091955027,0.22030830807103158
645,GA,MP,AGA,2.5774697290810926,0.22030830807103158
646,GA,PA,AGA,2.9664329102323013,0.22030830807103158
647,GA,NP,AGA,3.3506147658074372,0.22030830807103158
648,GA,PB1,AGC,2.780387029276596,0.22030830807103158
649,GA,NS,AGC,2.355323750981305,0.22030830807103158
650,GA,NA,AGC,2.2318372322133784,0.22030830807103158
651,GA,HA,AGC,2.2606614831786334,0.22030830807103158
652,GA,PB2,AGC,2.7044560148017487,0.22030830807103158
653,GA,MP,AGC,2.3318509338764373,0.22030830807103158
654,GA,PA,AGC,2.6837480471489785,0.22030830807103158
655,GA,NP,AGC,3.0313194690723892,0.22030830807103158
656,GA,PB1,AGG,2.921638401237409,0.22030830807103158
657,GA,NS,AGG,2.47498072957272,0.22030830807103158
658,GA,NA,AGG,2.3452207531850564,0.22030830807103158
659,GA,HA,AGG,2.3755093560379126,0.22030830807103158
660,GA,PB2,AGG,2.8418498806470414,0.22030830807103158
661,GA,MP,AGG,2.4503154282615403,0.22030830807103158
662,GA,PA,AGG,2.820089890807908,0.22030830807103158
663,GA,NP,AGG,3.1853189048881294,0.22030830807103158
664,GA,PB1,AGT,3.607549649231258,0.22030830807103158
665,GA,NS,AGT,3.0560304310905235,0.22030830807103158
666,GA,NA,AGT,2.895806784966722,0.22030830807103158
667,GA,HA,AGT,2.933206224456308,0.22030830807103158
668,GA,PB2,AGT,3.5090292268043926,0.22030830807103158
669,GA,MP,AGT,3.0255744721821105,0.22030830807103158
670,GA,PA,AGT,3.4821606575529094,0.22030830807103158
671,GA,NP,AGT,3.9331342623207486,0.22030830807103158
672,GA,PB1,CGA,4.862797081172683,0.22030830807103158
673,GA,NS,CGA,4.119376669825912,0.22030830807103158
674,GA,NA,CGA,3.903403182427978,0.22030830807103158
675,GA,HA,CGA,3.9538157623979324,0.22030830807103158
676,GA,PB2,CGA,4.729996463247618,0.22030830807103158
677,GA,MP,CGA,4.078323555528314,0.22030830807103158
678,GA,PA,CGA,4.693778971366601,0.22030830807103158
679,GA,NP,CGA,5.301668908354241,0.22030830807103158
680,GA,PB1,CGC,4.399399064534028,0.22030830807103158
681,GA,NS,CGC,3.726822560180742,0.22030830807103158
682,GA,NA,CGC,3.531430167168634,0.22030830807103158
683,GA,HA,CGC,3.577038703461306,0.22030830807103158
684,GA,PB2,CGC,4.279253620560828,0.22030830807103158
685,GA,MP,CGC,3.689681583573611,0.22030830807103158
686,GA,PA,CGC,4.246487457950833,0.22030830807103158
687,GA,NP,CGC,4.796448802313189,0.22030830807103158
688,GA,PB1,CGG,4.62290073790726,0.22030830807103158
689,GA,NS,CGG,3.9161554818700663,0.22030830807103158
690,GA,NA,CGG,3.710836613409378,0.22030830807103158
691,GA,HA,CGG,3.7587621898323014,0.22030830807103158
692,GA,PB2,CGG,4.496651572179729,0.22030830807103158
693,GA,MP,CGG,3.8771276406478727,0.22030830807103158
694,GA,PA,CGG,4.462220797638438,0.22030830807103158
695,GA,NP,CGG,5.040121703507384,0.22030830807103158
696,GA,PB1,CGT,5.708216296857566,0.22030830807103158
697,GA,NS,CGT,4.835548892351592,0.22030830807103158
698,GA,NA,CGT,4.582027439600215,0.22030830807103158
699,GA,HA,CGT,4.641204474082134,0.22030830807103158
700,GA,PB2,CGT,5.552327692250235,0.22030830807103158
701,GA,MP,CGT,4.787358508883279,0.22030830807103158
702,GA,PA,CGT,5.509813625976125,0.22030830807103158
703,GA,NP,CGT,6.223387971581301,0.22030830807103158
704,GA,PB1,GGA,3.681141184461754,0.22030830807103158
705,GA,NS,GGA,3.1183713530465087,0.22030830807103158
706,GA,NA,GGA,2.9548792545811042,0.22030830807103158
707,GA,HA,GGA,2.993041616950874,0.22030830807103158
708,GA,PB2,GGA,3.580611013079806,0.22030830807103158
709,GA,MP,GGA,3.0872941134930834,0.22030830807103158
710,GA,PA,GGA,3.553194343468544,0.22030830807103158
711,GA,NP,GGA,4.013367500051385,0.22030830807103158
712,GA,PB1,GGC,3.3303485243174658,0.22030830807103158
713,GA,NS,GGC,2.8212075857695753,0.22030830807103158
714,GA,NA,GGC,2.673295391811864,0.22030830807103158
715,GA,HA,GGC,2.707821089369757,0.22030830807103158
716,GA,PB2,GGC,3.2393983294908018,0.22030830807103158
717,GA,MP,GGC,2.7930918375001306,0.22030830807103158
718,GA,PA,GGC,3.2145943188304726,0.22030830807103158
719,GA,NP,GGC,3.630915485599375,0.22030830807103158
720,GA,PB1,GGG,3.4995394654397542,0.22030830807103158
721,GA,NS,GGG,2.964532755208266,0.22030830807103158
722,GA,NA,GGG,2.8091062115912204,0.22030830807103158
723,GA,HA,GGG,2.8453859103354975,0.22030830807103158
724,GA,PB2,GGG,3.403968748482863,0.22030830807103158
725,GA,MP,GGG,2.934988648953064,0.22030830807103158
726,GA,PA,GGG,3.3779046252917926,0.22030830807103158
727,GA,NP,GGG,3.815376061919972,0.22030830807103158
728,GA,PB1,GGT,4.32112419034167,0.22030830807103158
729,GA,NS,GGT,3.6605142842648157,0.22030830807103158
730,GA,NA,GGT,3.4685983467314716,0.22030830807103158
731,GA,HA,GGT,3.5133954080049334,0.22030830807103158
732,GA,PB2,GGT,4.203116395027716,0.22030830807103158
733,GA,MP,GGT,3.624034126380574,0.22030830807103158
734,GA,PA,GGT,4.170933213688217,0.22030830807103158
735,GA,NP,GGT,4.711109550050809,0.22030830807103158
736,GA,PB1,TGA,2.2879212590968105,0.22030830807103158
737,GA,NS,TGA,1.9381457420076629,0.22030830807103158
738,GA,NA,TGA,1.8365313162007262,0.22030830807103158
739,GA,HA,TGA,1.8602501783111232,0.22030830807103158
740,GA,PB2,TGA,2.2254392447540123,0.22030830807103158
741,GA,MP,TGA,1.9188304608257152,0.22030830807103158
742,GA,PA,TGA,2.208399099289879,0.22030830807103158
743,GA,NP,TGA,2.4944082184879277,0.22030830807103158
744,GA,PB1,TGC,2.069894852484919,0.22030830807103158
745,GA,NS,TGC,1.7534510328082369,0.22030830807103158
746,GA,NA,TGC,1.6615199070845224,0.22030830807103158
747,GA,HA,TGC,1.6829784911131052,0.22030830807103158
748,GA,PB2,TGC,2.0133670330301086,0.22030830807103158
749,GA,MP,TGC,1.735976392484035,0.22030830807103158
750,GA,PA,TGC,1.9979507204093991,0.22030830807103158
751,GA,NP,TGC,2.2567047318238873,0.22030830807103158
752,GA,PB1,TGG,2.175051251450062,0.22030830807103158
753,GA,NS,TGG,1.8425312081371763,0.22030830807103158
754,GA,NA,TGG,1.7459297262732392,0.22030830807103158
755,GA,HA,TGG,1.7684784658817676,0.22030830807103158
756,GA,PB2,TGG,2.1156516619978127,0.22030830807103158
757,GA,MP,TGG,1.8241688076219202,0.22030830807103158
758,GA,PA,TGG,2.099452157941766,0.22030830807103158
759,GA,NP,TGG,2.37135159074105,0.22030830807103158
760,GA,PB1,TGT,2.6856866941184054,0.22030830807103158
761,GA,NS,TGT,2.2751011250391855,0.22030830807103158
762,GA,NA,TGT,2.155820572775816,0.22030830807103158
763,GA,HA,TGT,2.1836630660942573,0.22030830807103158
764,GA,PB2,TGT,2.612341899635219,0.22030830807103158
765,GA,MP,TGT,2.2524277950645386,0.22030830807103158
766,GA,PA,TGT,2.592339247989362,0.22030830807103158
767,GA,NP,TGT,2.9280723431615074,0.22030830807103158
768,GT,PB1,AGA,0.5176687021279459,0.3090117416007205
769,GT,NS,AGA,0.364700086708795,0.3090117416007205
770,GT,NA,AGA,0.3887671816366677,0.3090117416007205
771,GT,HA,AGA,0.37664174621482827,0.3090117416007205
772,GT,PB2,AGA,0.5054428482495338,0.3090117416007205
773,GT,MP,AGA,0.38359716086519147,0.3090117416007205
774,GT,PA,AGA,0.46559530613299926,0.3090117416007205
775,GT,NP,AGA,0.510029496966219,0.3090117416007205
776,GT,PB1,AGC,0.45938523264346787,0.3090117416007205
777,GT,NS,AGC,0.32363910255560396,0.3090117416007205
778,GT,NA,AGC,0.3449965227686588,0.3090117416007205
779,GT,HA,AGC,0.33423627021858604,0.3090117416007205
780,GT,PB2,AGC,0.44853586758602365,0.3090117416007205
781,GT,MP,AGC,0.34040858614990377,0.3090117416007205
782,GT,PA,AGC,0.413174694831658,0.3090117416007205
783,GT,NP,AGC,0.45260611305210474,0.3090117416007205
784,GT,PB1,AGG,0.5477176691626093,0.3090117416007205
785,GT,NS,AGG,0.385869728292309,0.3090117416007205
786,GT,NA,AGG,0.4113338389932717,0.3090117416007205
787,GT,HA,AGG,0.3985045618908862,0.3090117416007205
788,GT,PB2,AGG,0.5347821446422347,0.3090117416007205
789,GT,MP,AGG,0.4058637155053438,0.3090117416007205
790,GT,PA,AGG,0.4926215836498243,0.3090117416007205
791,GT,NP,AGG,0.5396350332446243,0.3090117416007205
792,GT,PB1,AGT,0.7224310235907294,0.3090117416007205
793,GT,NS,AGT,0.5089561255328581,0.3090117416007205
794,GT,NA,AGT,0.5425428885574093,0.3090117416007205
795,GT,HA,AGT,0.5256212730777126,0.3090117416007205
796,GT,PB2,AGT,0.7053692694314659,0.3090117416007205
797,GT,MP,AGT,0.5353278813866652,0.3090117416007205
798,GT,PA,AGT,0.6497601500844984,0.3090117416007205
799,GT,NP,AGT,0.7117701534594655,0.3090117416007205
800,GT,PB1,CGA,0.9270753094511631,0.3090117416007205
801,GT,NS,CGA,0.6531290077082098,0.3090117416007205
802,GT,NA,CGA,0.6962299511999287,0.3090117416007205
803,GT,HA,CGA,0.6745149204288515,0.3090117416007205
804,GT,PB2,CGA,0.905180442674318,0.3090117416007205
805,GT,MP,CGA,0.6869711364659434,0.3090117416007205
806,GT,PA,CGA,0.8338188318859878,0.3090117416007205
807,GT,NP,CGA,0.9133945161944781,0.3090117416007205
808,GT,PB1,CGC,0.8226974220376505,0.3090117416007205
809,GT,NS,CGC,0.579594284759515,0.3090117416007205
810,GT,NA,CGC,0.6178425637682826,0.3090117416007205
811,GT,HA,CGC,0.5985723926692275,0.3090117416007205
812,GT,PB2,CGC,0.8032676623735385,0.3090117416007205
813,GT,MP,CGC,0.6096261837880161,0.3090117416007205
814,GT,PA,CGC,0.7399405382127521,0.3090117416007205
815,GT,NP,CGC,0.8105569268384331,0.3090117416007205
816,GT,PB1,CGG,0.98088898467981,0.3090117416007205
817,GT,NS,CGG,0.6910410003423632,0.3090117416007205
818,GT,NA,CGG,0.7366438119687051,0.3090117416007205
819,GT,HA,CGG,0.713668295019664,0.3090117416007205
820,GT,PB2,CGG,0.9577231928358295,0.3090117416007205
821,GT,MP,CGG,0.7268475534650309,0.3090117416007205
822,GT,PA,CGG,0.8822192750443826,0.3090117416007205
823,GT,NP,CGG,0.9664140663313657,0.3090117416007205
824,GT,PB1,CGT,1.2937772015178977,0.3090117416007205
825,GT,NS,CGT,0.9114722517236907,0.3090117416007205
826,GT,NA,CGT,0.9716216457211528,0.3090117416007205
827,GT,HA,CGT,0.9413172988623077,0.3090117416007205
828,GT,PB2,CGT,1.2632218850539916,0.3090117416007205
829,GT,MP,CGT,0.9587005342496374,0.3090117416007205
830,GT,PA,CGT,1.1636334005368136,0.3090117416007205
831,GT,NP,CGT,1.2746850110197412,0.3090117416007205
832,GT,PB1,GGA,0.2861161351315205,0.3090117416007205
833,GT,NS,GGA,0.20157019124841888,0.3090117416007205
834,GT,NA,GGA,0.21487210453060226,0.3090117416007205
835,GT,HA,GGA,0.2081703613009602,0.3090117416007205
836,GT,PB2,GGA,0.27935889049610996,0.3090117416007205
837,GT,MP,GGA,0.21201462762383952,0.3090117416007205
838,GT,PA,GGA,0.2573351044375595,0.3090117416007205
839,GT,NP,GGA,0.2818939369430547,0.3090117416007205
840,GT,PB1,GGC,0.2539027891007357,0.3090117416007205
841,GT,NS,GGC,0.17887573426789244,0.3090117416007205
842,GT,NA,GGC,0.19068000696705348,0.3090117416007205
843,GT,HA,GGC,0.18473280200756767,0.3090117416007205
844,GT,PB2,GGC,0.2479063315476583,0.3090117416007205
845,GT,MP,GGC,0.18814424869503393,0.3090117416007205
846,GT,PA,GGC,0.2283621674121635,0.3090117416007205
847,GT,NP,GGC,0.2501559612761016,0.3090117416007205
848,GT,PB1,GGG,0.3027242365626312,0.3090117416007205
849,GT,NS,GGG,0.21327067846562273,0.3090117416007205
850,GT,NA,GGG,0.2273447241020922,0.3090117416007205
851,GT,HA,GGG,0.2202539667007328,0.3090117416007205
852,GT,PB2,GGG,0.295574756081283,0.3090117416007205
853,GT,MP,GGG,0.22432138005091706,0.3090117416007205
854,GT,PA,GGG,0.2722725616149392,0.3090117416007205
855,GT,NP,GGG,0.29825695364399435,0.3090117416007205
856,GT,PB1,GGT,0.39928852472483545,0.3090117416007205
857,GT,NS,GGT,0.28130068321762874,0.3090117416007205
858,GT,NA,GGT,0.29986412888985275,0.3090117416007205
859,GT,HA,GGT,0.29051153098055144,0.3090117416007205
860,GT,PB2,GGT,0.3898584719931444,0.3090117416007205
861,GT,MP,GGT,0.29587638545828393,0.3090117416007205
862,GT,PA,GGT,0.3591232426075954,0.3090117416007205
863,GT,NP,GGT,0.39339624855175825,0.3090117416007205
864,GT,PB1,TGA,0.522995992687656,0.3090117416007205
865,GT,NS,TGA,0.3684531884919679,0.3090117416007205
866,GT,NA,TGA,0.3927679561245682,0.3090117416007205
867,GT,HA,TGA,0.3805177387381448,0.3090117416007205
868,GT,PB2,TGA,0.510644323445705,0.3090117416007205
869,GT,MP,TGA,0.38754473104938164,0.3090117416007205
870,GT,PA,TGA,0.4703867132024468,0.3090117416007205
871,GT,NP,TGA,0.5152781730271685,0.3090117416007205
872,GT,PB1,TGC,0.464112732303138,0.3090117416007205
873,GT,NS,TGC,0.32696964876925416,0.3090117416007205
874,GT,NA,TGC,0.348546856623735,0.3090117416007205
875,GT,HA,TGC,0.33767587110565694,0.3090117416007205
876,GT,PB2,TGC,0.4531517172274257,0.3090117416007205
877,GT,MP,TGC,0.3439117058864962,0.3090117416007205
878,GT,PA,TGC,0.41742664524364886,0.3090117416007205
879,GT,NP,TGC,0.45726384929039393,0.3090117416007205
880,GT,PB1,TGG,0.5533541914331699,0.3090117416007205
881,GT,NS,TGG,0.3898406853008349,0.3090117416007205
882,GT,NA,TGG,0.41556684529315135,0.3090117416007205
883,GT,HA,TGG,0.40260554304318696,0.3090117416007205
884,GT,PB2,TGG,0.540285548380848,0.3090117416007205
885,GT,MP,TGG,0.4100404291665186,0.3090117416007205
886,GT,PA,TGG,0.4976911161544927,0.3090117416007205
887,GT,NP,TGG,0.5451883777031085,0.3090117416007205
888,GT,PB1,TGT,0.72986550814851,0.3090117416007205
889,GT,NS,TGT,0.5141937556072905,0.3090117416007205
890,GT,NA,TGT,0.5481261575411603,0.3090117416007205
891,GT,HA,TGT,0.5310304029604721,0.3090117416007205
892,GT,PB2,TGT,0.7126281727314051,0.3090117416007205
893,GT,MP,TGT,0.5408369012619983,0.3090117416007205
894,GT,PA,TGT,0.6564467840250711,0.3090117416007205
895,GT,NP,TGT,0.719094927786407,0.3090117416007205
896,TA,PB1,ATA,0.18810253494024964,0.3468622507085124
897,TA,NS,ATA,0.14521655713570464,0.3468622507085124
898,TA,NA,ATA,0.13723424293915273,0.3468622507085124
899,TA,HA,ATA,0.1678887195896299,0.3468622507085124
900,TA,PB2,ATA,0.16690279755026374,0.3468622507085124
901,TA,MP,ATA,0.14957031780016802,0.3468622507085124
902,TA,PA,ATA,0.13574296776695152,0.3468622507085124
903,TA,NP,ATA,0.21381553822282892,0.3468622507085124
904,TA,PB1,ATC,0.1908668028934819,0.3468622507085124
905,TA,NS,ATC,0.14735059257173136,0.3468622507085124
906,TA,NA,ATC,0.13925097397344366,0.3468622507085124
907,TA,HA,ATC,0.17035593465091672,0.3468622507085124
908,TA,PB2,ATC,0.16935552395673964,0.3468622507085124
909,TA,MP,ATC,0.15176833409155452,0.3468622507085124
910,TA,PA,ATC,0.13773778371025613,0.3468622507085124
911,TA,NP,ATC,0.21695767259332113,0.3468622507085124
912,TA,PB1,ATG,0.27993684497369525,0.3468622507085124
913,TA,NS,ATG,0.21611332806027497,0.3468622507085124
914,TA,NA,ATG,0.20423393551258137,0.3468622507085124
915,TA,HA,ATG,0.24985435992940394,0.3468622507085124
916,TA,PB2,ATG,0.24838709684771362,0.3468622507085124
917,TA,MP,ATG,0.22259265607447534,0.3468622507085124
918,TA,PA,ATG,0.20201459877250916,0.3468622507085124
919,TA,NP,ATG,0.3182032990435989,0.3468622507085124
920,TA,PB1,ATT,0.11423770877107216,0.3468622507085124
921,TA,NS,ATT,0.0881923615121716,0.3468622507085124
922,TA,NA,ATT,0.08334457312487237,0.3468622507085124
923,TA,HA,ATT,0.10196153210014196,0.3468622507085124
924,TA,PB2,ATT,0.1013627657154153,0.3468622507085124
925,TA,MP,ATT,0.09083647071040175,0.3468622507085124
926,TA,PA,ATT,0.0824388976172373,0.3468622507085124
927,TA,NP,ATT,0.129853631127238,0.3468622507085124
928,TA,PB1,CTA,0.29912940753719,0.3468622507085124
929,TA,NS,CTA,0.23093012922123554,0.3468622507085124
930,TA,NA,CTA,0.21823628159632855,0.3468622507085124
931,TA,HA,CTA,0.26698445738105453,0.3468622507085124
932,TA,PB2,CTA,0.2654165982577996,0.3468622507085124
933,TA,MP,CTA,0.23785368210441885,0.3468622507085124
934,TA,PA,CTA,0.21586478639623904,0.3468622507085124
935,TA,NP,CTA,0.34001942233876054,0.3468622507085124
936,TA,PB1,CTC,0.30352527511753413,0.3468622507085124
937,TA,NS,CTC,0.2343237717143833,0.3468622507085124
938,TA,NA,CTC,0.22144338116912765,0.3468622507085124
939,TA,HA,CTC,0.27090793762433774,0.3468622507085124
940,TA,PB2,CTC,0.2693170379677323,0.3468622507085124
941,TA,MP,CTC,0.24134906993217134,0.3468622507085124
942,TA,PA,CTC,0.21903703557116902,0.3468622507085124
943,TA,NP,CTC,0.3450161906861203,0.3468622507085124
944,TA,PB1,CTG,0.4451686023870472,0.3468622507085124
945,TA,NS,CTG,0.3436734747040758,0.3468622507085124
946,TA,NA,CTG,0.324782311669925,0.3468622507085124
947,TA,HA,CTG,0.3973300342816062,0.3468622507085124
948,TA,PB2,CTG,0.3949967242256485,0.3468622507085124
949,TA,MP,CTG,0.3539772037353859,0.3468622507085124
950,TA,PA,CTG,0.3212530190721714,0.3468622507085124
951,TA,NP,CTG,0.5060216990139234,0.3468622507085124
952,TA,PB1,CTT,0.18166612243663527,0.3468622507085124
953,TA,NS,CTT,0.14024759877277254,0.3468622507085124
954,TA,NA,CTT,0.13253842000695149,0.3468622507085124
955,TA,HA,CTT,0.1621439748187753,0.3468622507085124
956,TA,PB2,CTT,0.16119178864024575,0.3468622507085124
957,TA,MP,CTT,0.14445238430732926,0.3468622507085124
958,TA,PA,CTT,0.13109817265406024,0.3468622507085124
959,TA,NP,CTT,0.20649928911368426,0.3468622507085124
960,TA,PB1,GTA,0.15022146325995944,0.3468622507085124
961,TA,NS,GTA,0.1159720878266124,0.3468622507085124
962,TA,NA,GTA,0.10959729378575764,0.3468622507085124
963,TA,HA,GTA,0.13407841170033383,0.3468622507085124
964,TA,PB2,GTA,0.13329103979457577,0.3468622507085124
965,TA,MP,GTA,0.11944906541177405,0.3468622507085124
966,TA,PA,GTA,0.10840633940248749,0.3468622507085124
967,TA,NP,GTA,0.17075624754207536,0.3468622507085124
968,TA,PB1,GTC,0.15242904848420463,0.3468622507085124
969,TA,NS,GTC,0.11767636005213221,0.3468622507085124
970,TA,NA,GTC,0.11120788498310213,0.3468622507085124
971,TA,HA,GTC,0.13604876609668073,0.3468622507085124
972,TA,PB2,GTC,0.1352498233371484,0.3468622507085124
973,TA,MP,GTC,0.1212044336935795,0.3468622507085124
974,TA,PA,GTC,0.10999942888441658,0.3468622507085124
975,TA,NP,GTC,0.17326560246940095,0.3468622507085124
976,TA,PB1,GTG,0.22356169992968364,0.3468622507085124
977,TA,NS,GTG,0.17259129645172805,0.3468622507085124
978,TA,NA,GTG,0.16310423806774163,0.3468622507085124
979,TA,HA,GTG,0.19953738296189397,0.3468622507085124
980,TA,PB2,GTG,0.19836560498883876,0.3468622507085124
981,TA,MP,GTG,0.17776578352359873,0.3468622507085124
982,TA,PA,GTG,0.1613318429606468,0.3468622507085124
983,TA,NP,GTG,0.2541218554638817,0.3468622507085124
984,TA,PB1,GTT,0.09123192186913746,0.3468622507085124
985,TA,NS,GTT,0.07043172277778216,0.3468622507085124
986,TA,NA,GTT,0.0665602073548451,0.3468622507085124
987,TA,HA,GTT,0.08142798582260465,0.3468622507085124
988,TA,PB2,GTT,0.08094980214212907,0.3468622507085124
989,TA,MP,GTT,0.07254334744516593,0.3468622507085124
990,TA,PA,GTT,0.06583692151481714,0.3468622507085124
991,TA,NP,GTT,0.10370302815828075,0.3468622507085124
992,TA,PB1,TTA,0.1481128866186387,0.3468622507085124
993,TA,NS,TTA,0.1143442509640915,0.3468622507085124
994,TA,NA,TTA,0.1080589364258063,0.3468622507085124
995,TA,HA,TTA,0.13219642625776445,0.3468622507085124
996,TA,PB2,TTA,0.13142010626145054,0.3468622507085124
997,TA,MP,TTA,0.11777242411372597,0.3468622507085124
998,TA,PA,TTA,0.10688469881881398,0.3468622507085124
999,TA,NP,TTA,0.16835943534817646,0.3468622507085124
1000,TA,PB1,TTC,0.15028948517469046,0.3468622507085124
1001,TA,NS,TTC,0.11602460125111329,0.3468622507085124
1002,TA,NA,TTC,0.10964692063408453,0.3468622507085124
1003,TA,HA,TTC,0.1341391238654934,0.3468622507085124
1004,TA,PB2,TTC,0.1333513954291606,0.3468622507085124
1005,TA,MP,TTC,0.11950315324959575,0.3468622507085124
1006,TA,PA,TTC,0.10845542697369809,0.3468622507085124
1007,TA,NP,TTC,0.17083356783078799,0.3468622507085124
1008,TA,PB1,TTG,0.22042368643856264,0.3468622507085124
1009,TA,NS,TTG,0.17016872667843533,0.3468622507085124
1010,TA,NA,TTG,0.16081483295194332,0.3468622507085124
1011,TA,HA,TTG,0.19673658568796762,0.3468622507085124
1012,TA,PB2,TTG,0.19558125532239257,0.3468622507085124
1013,TA,MP,TTG,0.17527058230115228,0.3468622507085124
1014,TA,PA,TTG,0.15906731598703208,0.3468622507085124
1015,TA,NP,TTG,0.2505548857589404,0.3468622507085124
1016,TA,PB1,TTT,0.08995134920514226,0.3468622507085124
1017,TA,NS,TTT,0.0694431111490949,0.3468622507085124
1018,TA,NA,TTT,0.06562593807385014,0.3468622507085124
1019,TA,HA,TTT,0.0802850256548008,0.3468622507085124
1020,TA,PB2,TTT,0.07981355397750395,0.3468622507085124
1021,TA,MP,TTT,0.07152509609421624,0.3468622507085124
1022,TA,PA,TTT,0.06491280460216015,0.3468622507085124
1023,TA,NP,TTT,0.10224740538598505,0.3468622507085124
1024,TC,PB1,ATA,2.533425454412719,0.15493040505998357
1025,TC,NS,ATA,2.0543930629531517,0.15493040505998357
1026,TC,NA,ATA,2.021697479359506,0.15493040505998357
1027,TC,HA,ATA,1.9324454248343699,0.15493040505998357
1028,TC,PB2,ATA,2.3824150789277807,0.15493040505998357
1029,TC,MP,ATA,2.161037725947023,0.15493040505998357
1030,TC,PA,ATA,2.3680095555870295,0.15493040505998357
1031,TC,NP,ATA,2.5442721854448087,0.15493040505998357
1032,TC,PB1,ATC,2.510048145919732,0.15493040505998357
1033,TC,NS,ATC,2.035436049509217,0.15493040505998357
1034,TC,NA,ATC,2.003042166027843,0.15493040505998357
1035,TC,HA,ATC,1.914613689243521,0.15493040505998357
1036,TC,PB2,ATC,2.3604312261321794,0.15493040505998357
1037,TC,MP,ATC,2.1410966436087002,0.15493040505998357
1038,TC,PA,ATC,2.3461586304694673,0.15493040505998357
1039,TC,NP,ATC,2.5207947882055612,0.15493040505998357
1040,TC,PB1,ATG,1.0157088347526808,0.15493040505998357
1041,TC,NS,ATG,0.8236536743015604,0.15493040505998357
1042,TC,NA,ATG,0.8105452589520514,0.15493040505998357
1043,TC,HA,ATG,0.7747620468811741,0.15493040505998357
1044,TC,PB2,ATG,0.9551652840228932,0.15493040505998357
1045,TC,MP,ATG,0.8664099852060024,0.15493040505998357
1046,TC,PA,ATG,0.949389776675341,0.15493040505998357
1047,TC,NP,ATG,1.0200575399882306,0.15493040505998357
1048,TC,PB1,ATT,1.6727746325652124,0.15493040505998357
1049,TC,NS,ATT,1.3564782792563415,0.15493040505998357
1050,TC,NA,ATT,1.33488998158723,0.15493040505998357
1051,TC,HA,ATT,1.2759584774239925,0.15493040505998357
1052,TC,PB2,ATT,1.5730652351857228,0.15493040505998357
1053,TC,MP,ATT,1.4268938056512033,0.15493040505998357
1054,TC,PA,ATT,1.563553530797002,0.15493040505998357
1055,TC,NP,ATT,1.6799365312842511,0.15493040505998357
1056,TC,PB1,CTA,2.4124489833605764,0.15493040505998357
1057,TC,NS,CTA,1.9562914107110543,0.15493040505998357
1058,TC,NA,CTA,1.9251571109970111,0.15493040505998357
1059,TC,HA,CTA,1.8401670325137582,0.15493040505998357
1060,TC,PB2,CTA,2.2686496755179113,0.15493040505998357
1061,TC,MP,CTA,2.057843563497818,0.15493040505998357
1062,TC,PA,CTA,2.25493204665394,0.15493040505998357
1063,TC,NP,CTA,2.4227777598420683,0.15493040505998357
1064,TC,PB1,CTC,2.3901879912286073,0.15493040505998357
1065,TC,NS,CTC,1.9382396351079019,0.15493040505998357
1066,TC,NA,CTC,1.9073926286820275,0.15493040505998357
1067,TC,HA,CTC,1.8231868003451863,0.15493040505998357
1068,TC,PB2,CTC,2.2477155986005424,0.15493040505998357
1069,TC,MP,CTC,2.0388547103897054,0.15493040505998357
1070,TC,PA,CTC,2.234124549834354,0.15493040505998357
1071,TC,NP,CTC,2.4004214584150327,0.15493040505998357
1072,TC,PB1,CTG,0.9672065706616509,0.15493040505998357
1073,TC,NS,CTG,0.7843224539127482,0.15493040505998357
1074,TC,NA,CTG,0.7718399933657802,0.15493040505998357
1075,TC,HA,CTG,0.7377655060224078,0.15493040505998357
1076,TC,PB2,CTG,0.9095541036617986,0.15493040505998357
1077,TC,MP,CTG,0.825037059741788,0.15493040505998357
1078,TC,PA,CTG,0.9040543891133695,0.15493040505998357
1079,TC,NP,CTG,0.9713476159433124,0.15493040505998357
1080,TC,PB1,CTT,1.5928960746385121,0.15493040505998357
1081,TC,NS,CTT,1.291703547085919,0.15493040505998357
1082,TC,NA,CTT,1.2711461366937484,0.15493040505998357
1083,TC,HA,CTT,1.2150287375972477,0.15493040505998357
1084,TC,PB2,CTT,1.4979480137351742,0.15493040505998357
1085,TC,MP,CTT,1.3587565818488714,0.15493040505998357
1086,TC,PA,CTT,1.4888905135262662,0.15493040505998357
1087,TC,NP,CTT,1.5997159774122771,0.15493040505998357
1088,TC,PB1,GTA,2.3835648401884773,0.15493040505998357
1089,TC,NS,GTA,1.9328688216395071,0.15493040505998357
1090,TC,NA,GTA,1.9021072914956005,0.15493040505998357
1091,TC,HA,GTA,1.8181347953993952,0.15493040505998357
1092,TC,PB2,GTA,2.2414872349908936,0.15493040505998357
1093,TC,MP,GTA,2.033205095068506,0.15493040505998357
1094,TC,PA,GTA,2.2279338466803273,0.15493040505998357
1095,TC,NP,GTA,2.393769950693718,0.15493040505998357
1096,TC,PB1,GTC,2.361570377914062,0.15493040505998357
1097,TC,NS,GTC,1.9150331791337296,0.15493040505998357
1098,TC,NA,GTC,1.884555502528374,0.15493040505998357
1099,TC,HA,GTC,1.8013578667868508,0.15493040505998357
1100,TC,PB2,GTC,2.2208038008348963,0.15493040505998357
1101,TC,MP,GTC,2.014443594644588,0.15493040505998357
1102,TC,PA,GTC,2.207375477084295,0.15493040505998357
1103,TC,NP,GTC,2.3716813202581397,0.15493040505998357
1104,TC,PB1,GTG,0.9556262498935534,0.15493040505998357
1105,TC,NS,GTG,0.7749317964488337,0.15493040505998357
1106,TC,NA,GTG,0.7625987878405659,0.15493040505998357
1107,TC,HA,GTG,0.7289322728015739,0.15493040505998357
1108,TC,PB2,GTG,0.8986640532880323,0.15493040505998357
1109,TC,MP,GTG,0.8151589281335193,0.15493040505998357
1110,TC,PA,GTG,0.8932301865745288,0.15493040505998357
1111,TC,NP,GTG,0.9597177146263111,0.15493040505998357
1112,TC,PB1,GTT,1.573824401581185,0.15493040505998357
1113,TC,NS,GTT,1.2762380386141232,0.15493040505998357
1114,TC,NA,GTT,1.2559267611719591,0.15493040505998357
1115,TC,HA,GTT,1.2004812531708264,0.15493040505998357
1116,TC,PB2,GTT,1.480013149540526,0.15493040505998357
1117,TC,MP,GTT,1.3424882504077298,0.15493040505998357
1118,TC,PA,GTT,1.4710640943742366,0.15493040505998357
1119,TC,NP,GTT,1.5805626499657812,0.15493040505998357
1120,TC,PB1,TTA,2.1270444815611156,0.15493040505998357
1121,TC,NS,TTA,1.7248525785120892,0.15493040505998357
1122,TC,NA,TTA,1.697401618574369,0.15493040505998357
1123,TC,HA,TTA,1.622466281631648,0.15493040505998357
1124,TC,PB2,TTA,2.0002573344302483,0.15493040505998357
1125,TC,MP,TTA,1.8143906154470035,0.15493040505998357
1126,TC,PA,TTA,1.988162568084322,0.15493040505998357
1127,TC,NP,TTA,2.1361513133191212,0.15493040505998357
1128,TC,PB1,TTC,2.10741707356411,0.15493040505998357
1129,TC,NS,TTC,1.7089364161625844,0.15493040505998357
1130,TC,NA,TTC,1.681738761313346,0.15493040505998357
1131,TC,HA,TTC,1.6074948938929217,0.15493040505998357
1132,TC,PB2,TTC,1.9817998610947345,0.15493040505998357
1133,TC,MP,TTC,1.7976482364398751,0.15493040505998357
1134,TC,PA,TTC,1.9698166998025612,0.15493040505998357
1135,TC,NP,TTC,2.11643987158233,0.15493040505998357
1136,TC,PB1,TTG,0.8527813076443503,0.15493040505998357
1137,TC,NS,TTG,0.6915332754666725,0.15493040505998357
1138,TC,NA,TTG,0.6805275509908965,0.15493040505998357
1139,TC,HA,TTG,0.6504842419859609,0.15493040505998357
1140,TC,PB2,TTG,0.8019494091767625,0.15493040505998357
1141,TC,MP,TTG,0.7274311444972364,0.15493040505998357
1142,TC,PA,TTG,0.7971003377306581,0.15493040505998357
1143,TC,NP,TTG,0.856432447036315,0.15493040505998357
1144,TC,PB1,TTT,1.4044486862227665,0.15493040505998357
1145,TC,NS,TTT,1.13888870628663,0.15493040505998357
1146,TC,NA,TTT,1.1207633379860156,0.15493040505998357
1147,TC,HA,TTT,1.0712849013885717,0.15493040505998357
1148,TC,PB2,TTT,1.3207334448343073,0.15493040505998357
1149,TC,MP,TTT,1.1980090394203842,0.15493040505998357
1150,TC,PA,TTT,1.3127474911544668,0.15493040505998357
1151,TC,NP,TTT,1.4104617611767962,0.15493040505998357
1152,TG,PB1,ATA,0.15406041501494475,0.3958243750120309
1153,TG,NS,ATA,0.09212424570434322,0.3958243750120309
1154,TG,NA,ATA,0.10517719394503502,0.3958243750120309
1155,TG,HA,ATA,0.12199161550204013,0.3958243750120309
1156,TG,PB2,ATA,0.13226945365290782,0.3958243750120309
1157,TG,MP,ATA,0.10556518189876908,0.3958243750120309
1158,TG,PA,ATA,0.11550453846549164,0.3958243750120309
1159,TG,NP,ATA,0.15403794236451487,0.3958243750120309
1160,TG,PB1,ATC,0.10158615260008619,0.3958243750120309
1161,TG,NS,ATC,0.06074595918348922,0.3958243750120309
1162,TG,NA,ATC,0.06935296437512992,0.3958243750120309
1163,TG,HA,ATC,0.08044025369605247,0.3958243750120309
1164,TG,PB2,ATC,0.08721737444242816,0.3958243750120309
1165,TG,MP,ATC,0.06960880039550672,0.3958243750120309
1166,TG,PA,ATC,0.07616272920866612,0.3958243750120309
1167,TG,NP,ATC,0.10157133432184337,0.3958243750120309
1168,TG,PB1,ATG,0.21151652693041267,0.3958243750120309
1169,TG,NS,ATG,0.12648155267903463,0.3958243750120309
1170,TG,NA,ATG,0.14440253697474584,0.3958243750120309
1171,TG,HA,ATG,0.16748781848418853,0.3958243750120309
1172,TG,PB2,ATG,0.18159872834908503,0.3958243750120309
1173,TG,MP,ATG,0.14493522322290828,0.3958243750120309
1174,TG,PA,ATG,0.15858141637844536,0.3958243750120309
1175,TG,NP,ATG,0.21148567321001097,0.3958243750120309
1176,TG,PB1,ATT,0.26064511471540464,0.3958243750120309
1177,TG,NS,ATT,0.1558592100855329,0.3958243750120309
1178,TG,NA,ATT,0.17794267124743704,0.3958243750120309
1179,TG,HA,ATT,0.2063899322467899,0.3958243750120309
1180,TG,PB2,ATT,0.22377835940115925,0.3958243750120309
1181,TG,MP,ATT,0.17859908363409321,0.3958243750120309
1182,TG,PA,ATT,0.1954148551110128,0.3958243750120309
1183,TG,NP,ATT,0.2606070946532837,0.3958243750120309
1184,TG,PB1,CTA,0.14747712826456932,0.3958243750120309
1185,TG,NS,CTA,0.08818760613294585,0.3958243750120309
1186,TG,NA,CTA,0.1006827777299882,0.3958243750120309
1187,TG,HA,CTA,0.11677868792480645,0.3958243750120309
1188,TG,PB2,CTA,0.12661733502380954,0.3958243750120309
1189,TG,MP,CTA,0.10105418624016514,0.3958243750120309
1190,TG,PA,CTA,0.110568815699755,0.3958243750120309
1191,TG,NP,CTA,0.14745561591209666,0.3958243750120309
1192,TG,PB1,CTC,0.09724518822991435,0.3958243750120309
1193,TG,NS,CTC,0.05815017188671531,0.3958243750120309
1194,TG,NA,CTC,0.06638938381210364,0.3958243750120309
1195,TG,HA,CTC,0.07700289273410331,0.3958243750120309
1196,TG,PB2,CTC,0.0834904145642942,0.3958243750120309
1197,TG,MP,CTC,0.06663428748569265,0.3958243750120309
1198,TG,PA,CTC,0.07290815478717567,0.3958243750120309
1199,TG,NP,CTC,0.09723100316413438,0.3958243750120309
1200,TG,PB1,CTG,0.20247803414762142,0.3958243750120309
1201,TG,NS,CTG,0.12107676177386913,0.3958243750120309
1202,TG,NA,CTG,0.13823194923295493,0.3958243750120309
1203,TG,HA,CTG,0.16033075392500712,0.3958243750120309
1204,TG,PB2,CTG,0.17383867848741497,0.3958243750120309
1205,TG,MP,CTG,0.13874187281155492,0.3958243750120309
1206,TG,PA,CTG,0.15180493886993862,0.3958243750120309
1207,TG,NP,CTG,0.2024484988638129,0.3958243750120309
1208,TG,PB1,CTT,0.24950726642329438,0.3958243750120309
1209,TG,NS,CTT,0.1491990574916266,0.3958243750120309
1210,TG,NA,CTT,0.1703388514742914,0.3958243750120309
1211,TG,HA,CTT,0.1975705083458523,0.3958243750120309
1212,TG,PB2,CTT,0.2142158958161852,0.3958243750120309
1213,TG,MP,CTT,0.1709672141444293,0.3958243750120309
1214,TG,PA,CTT,0.18706441657458497,0.3958243750120309
1215,TG,NP,CTT,0.24947087102881557,0.3958243750120309
1216,TG,PB1,GTA,0.2140550264554342,0.3958243750120309
1217,TG,NS,GTA,0.1279995114223027,0.3958243750120309
1218,TG,NA,GTA,0.14613557304924082,0.3958243750120309
1219,TG,HA,GTA,0.16949791081049115,0.3958243750120309
1220,TG,PB2,GTA,0.18377817168785696,0.3958243750120309
1221,TG,MP,GTA,0.14667465229093227,0.3958243750120309
1222,TG,PA,GTA,0.16048461919666468,0.3958243750120309
1223,TG,NP,GTA,0.21402380244645164,0.3958243750120309
1224,TG,PB1,GTC,0.1411460989522054,0.3958243750120309
1225,TG,NS,GTC,0.08440181015234284,0.3958243750120309
1226,TG,NA,GTC,0.09636057791121187,0.3958243750120309
1227,TG,HA,GTC,0.11176550855922361,0.3958243750120309
1228,TG,PB2,GTC,0.12118179346613106,0.3958243750120309
1229,TG,MP,GTC,0.09671604226657335,0.3958243750120309
1230,TG,PA,GTC,0.10582221925143853,0.3958243750120309
1231,TG,NP,GTC,0.14112551010113045,0.3958243750120309
1232,TG,PB1,GTG,0.29388584837616466,0.3958243750120309
1233,TG,NS,GTG,0.17573633111535378,0.3958243750120309
1234,TG,NA,GTG,0.20063615218330147,0.3958243750120309
1235,TG,HA,GTG,0.23271136464949888,0.3958243750120309
1236,TG,PB2,GTG,0.2523173820949774,0.3958243750120309
1237,TG,MP,GTG,0.20137627850927428,0.3958243750120309
1238,TG,PA,GTG,0.22033660804389943,0.3958243750120309
1239,TG,NP,GTG,0.2938429795189297,0.3958243750120309
1240,TG,PB1,GTT,0.36214621984806045,0.3958243750120309
1241,TG,NS,GTT,0.216554313026779,0.3958243750120309
1242,TG,NA,GTT,0.24723757363451124,0.3958243750120309
1243,TG,HA,GTT,0.2867628417263207,0.3958243750120309
1244,TG,PB2,GTT,0.3109227158522333,0.3958243750120309
1245,TG,MP,GTT,0.24814960785678522,0.3958243750120309
1246,TG,PA,GTT,0.27151382122730866,0.3958243750120309
1247,TG,NP,GTT,0.3620933939134922,0.3958243750120309
1248,TG,PB1,TTA,0.11583054177249569,0.3958243750120309
1249,TG,NS,TTA,0.06926374493591658,0.3958243750120309
1250,TG,NA,TTA,0.07907762260397955,0.3958243750120309
1251,TG,HA,TTA,0.09171956932566074,0.3958243750120309
1252,TG,PB2,TTA,0.09944697653243442,0.3958243750120309
1253,TG,MP,TTA,0.07936933189788127,0.3958243750120309
1254,TG,PA,TTA,0.08684225124502051,0.3958243750120309
1255,TG,NP,TTA,0.11581364567836208,0.3958243750120309
1256,TG,PB1,TTC,0.07637769307002033,0.3958243750120309
1257,TG,NS,TTC,0.045671935662583485,0.3958243750120309
1258,TG,NA,TTC,0.05214312473662117,0.3958243750120309
1259,TG,HA,TTC,0.06047911895490422,0.3958243750120309
1260,TG,PB2,TTC,0.06557450681059815,0.3958243750120309
1261,TG,MP,TTC,0.05233547541179162,0.3958243750120309
1262,TG,PA,TTC,0.05726305609559662,0.3958243750120309
1263,TG,NP,TTC,0.07636655192648367,0.3958243750120309
1264,TG,PB1,TTG,0.15902900109551002,0.3958243750120309
1265,TG,NS,TTG,0.09509533496724552,0.3958243750120309
1266,TG,NA,TTG,0.10856925245518205,0.3958243750120309
1267,TG,HA,TTG,0.12592595413581775,0.3958243750120309
1268,TG,PB2,TTG,0.13653526175319147,0.3958243750120309
1269,TG,MP,TTG,0.10896975336720038,0.3958243750120309
1270,TG,PA,TTG,0.11922966306681176,0.3958243750120309
1271,TG,NP,TTG,0.15900580368201817,0.3958243750120309
1272,TG,PB1,TTT,0.19596639957714598,0.3958243750120309
1273,TG,NS,TTT,0.11718296840034627,0.3958243750120309
1274,TG,NA,TTT,0.13378645003024506,0.3958243750120309
1275,TG,HA,TTT,0.15517456360360515,0.3958243750120309
1276,TG,PB2,TTT,0.1682480772486696,0.3958243750120309
1277,TG,MP,TTT,0.13427997461516317,0.3958243750120309
1278,TG,PA,TTT,0.1469229362760488,0.3958243750120309
1279,TG,NP,TTT,0.19593781413945735,0.3958243750120309
