,mut_type,motif,segment,predicted_rate,tau_squared
0,AC,AAA,PB1,0.1188619180720163,0.4354039962960263
1,AC,AAA,NS,0.1188619180720163,0.4354039962960263
2,AC,AAA,NA,0.1188619180720163,0.4354039962960263
3,AC,AAA,HA,0.1188619180720163,0.4354039962960263
4,AC,AAA,PB2,0.1188619180720163,0.4354039962960263
5,AC,AAA,MP,0.1188619180720163,0.4354039962960263
6,AC,AAA,PA,0.1188619180720163,0.4354039962960263
7,AC,AAA,NP,0.1188619180720163,0.4354039962960263
8,AC,AAC,PB1,0.2441720304146029,0.4354039962960263
9,AC,AAC,NS,0.2441720304146029,0.4354039962960263
10,AC,AAC,NA,0.2441720304146029,0.4354039962960263
11,AC,AAC,HA,0.2441720304146029,0.4354039962960263
12,AC,AAC,PB2,0.2441720304146029,0.4354039962960263
13,AC,AAC,MP,0.2441720304146029,0.4354039962960263
14,AC,AAC,PA,0.2441720304146029,0.4354039962960263
15,AC,AAC,NP,0.2441720304146029,0.4354039962960263
16,AC,AAG,PB1,0.15083768824591945,0.4354039962960263
17,AC,AAG,NS,0.15083768824591945,0.4354039962960263
18,AC,AAG,NA,0.15083768824591945,0.4354039962960263
19,AC,AAG,HA,0.15083768824591945,0.4354039962960263
20,AC,AAG,PB2,0.15083768824591945,0.4354039962960263
21,AC,AAG,MP,0.15083768824591945,0.4354039962960263
22,AC,AAG,PA,0.15083768824591945,0.4354039962960263
23,AC,AAG,NP,0.15083768824591945,0.4354039962960263
24,AC,AAT,PB1,0.19336347319368277,0.4354039962960263
25,AC,AAT,NS,0.19336347319368277,0.4354039962960263
26,AC,AAT,NA,0.19336347319368277,0.4354039962960263
27,AC,AAT,HA,0.19336347319368277,0.4354039962960263
28,AC,AAT,PB2,0.19336347319368277,0.4354039962960263
29,AC,AAT,MP,0.19336347319368277,0.4354039962960263
30,AC,AAT,PA,0.19336347319368277,0.4354039962960263
31,AC,AAT,NP,0.19336347319368277,0.4354039962960263
32,AC,CAA,PB1,0.10026275411940917,0.4354039962960263
33,AC,CAA,NS,0.10026275411940917,0.4354039962960263
34,AC,CAA,NA,0.10026275411940917,0.4354039962960263
35,AC,CAA,HA,0.10026275411940917,0.4354039962960263
36,AC,CAA,PB2,0.10026275411940917,0.4354039962960263
37,AC,CAA,MP,0.10026275411940917,0.4354039962960263
38,AC,CAA,PA,0.10026275411940917,0.4354039962960263
39,AC,CAA,NP,0.10026275411940917,0.4354039962960263
40,AC,CAC,PB1,0.2059647080023007,0.4354039962960263
41,AC,CAC,NS,0.2059647080023007,0.4354039962960263
42,AC,CAC,NA,0.2059647080023007,0.4354039962960263
43,AC,CAC,HA,0.2059647080023007,0.4354039962960263
44,AC,CAC,PB2,0.2059647080023007,0.4354039962960263
45,AC,CAC,MP,0.2059647080023007,0.4354039962960263
46,AC,CAC,PA,0.2059647080023007,0.4354039962960263
47,AC,CAC,NP,0.2059647080023007,0.4354039962960263
48,AC,CAG,PB1,0.12723504965970445,0.4354039962960263
49,AC,CAG,NS,0.12723504965970445,0.4354039962960263
50,AC,CAG,NA,0.12723504965970445,0.4354039962960263
51,AC,CAG,HA,0.12723504965970445,0.4354039962960263
52,AC,CAG,PB2,0.12723504965970445,0.4354039962960263
53,AC,CAG,MP,0.12723504965970445,0.4354039962960263
54,AC,CAG,PA,0.12723504965970445,0.4354039962960263
55,AC,CAG,NP,0.12723504965970445,0.4354039962960263
56,AC,CAT,PB1,0.1631065246376628,0.4354039962960263
57,AC,CAT,NS,0.1631065246376628,0.4354039962960263
58,AC,CAT,NA,0.1631065246376628,0.4354039962960263
59,AC,CAT,HA,0.1631065246376628,0.4354039962960263
60,AC,CAT,PB2,0.1631065246376628,0.4354039962960263
61,AC,CAT,MP,0.1631065246376628,0.4354039962960263
62,AC,CAT,PA,0.1631065246376628,0.4354039962960263
63,AC,CAT,NP,0.1631065246376628,0.4354039962960263
64,AC,GAA,PB1,0.04889698896481592,0.4354039962960263
65,AC,GAA,NS,0.04889698896481592,0.4354039962960263
66,AC,GAA,NA,0.04889698896481592,0.4354039962960263
67,AC,GAA,HA,0.04889698896481592,0.4354039962960263
68,AC,GAA,PB2,0.04889698896481592,0.4354039962960263
69,AC,GAA,MP,0.04889698896481592,0.4354039962960263
70,AC,GAA,PA,0.04889698896481592,0.4354039962960263
71,AC,GAA,NP,0.04889698896481592,0.4354039962960263
72,AC,GAC,PB1,0.10044661293001969,0.4354039962960263
73,AC,GAC,NS,0.10044661293001969,0.4354039962960263
74,AC,GAC,NA,0.10044661293001969,0.4354039962960263
75,AC,GAC,HA,0.10044661293001969,0.4354039962960263
76,AC,GAC,PB2,0.10044661293001969,0.4354039962960263
77,AC,GAC,MP,0.10044661293001969,0.4354039962960263
78,AC,GAC,PA,0.10044661293001969,0.4354039962960263
79,AC,GAC,NP,0.10044661293001969,0.4354039962960263
80,AC,GAG,PB1,0.062051066458227416,0.4354039962960263
81,AC,GAG,NS,0.062051066458227416,0.4354039962960263
82,AC,GAG,NA,0.062051066458227416,0.4354039962960263
83,AC,GAG,HA,0.062051066458227416,0.4354039962960263
84,AC,GAG,PB2,0.062051066458227416,0.4354039962960263
85,AC,GAG,MP,0.062051066458227416,0.4354039962960263
86,AC,GAG,PA,0.062051066458227416,0.4354039962960263
87,AC,GAG,NP,0.062051066458227416,0.4354039962960263
88,AC,GAT,PB1,0.07954517113901387,0.4354039962960263
89,AC,GAT,NS,0.07954517113901387,0.4354039962960263
90,AC,GAT,NA,0.07954517113901387,0.4354039962960263
91,AC,GAT,HA,0.07954517113901387,0.4354039962960263
92,AC,GAT,PB2,0.07954517113901387,0.4354039962960263
93,AC,GAT,MP,0.07954517113901387,0.4354039962960263
94,AC,GAT,PA,0.07954517113901387,0.4354039962960263
95,AC,GAT,NP,0.07954517113901387,0.4354039962960263
96,AC,TAA,PB1,0.08112524226711687,0.4354039962960263
97,AC,TAA,NS,0.08112524226711687,0.4354039962960263
98,AC,TAA,NA,0.08112524226711687,0.4354039962960263
99,AC,TAA,HA,0.08112524226711687,0.4354039962960263
100,AC,TAA,PB2,0.08112524226711687,0.4354039962960263
101,AC,TAA,MP,0.08112524226711687,0.4354039962960263
102,AC,TAA,PA,0.08112524226711687,0.4354039962960263
103,AC,TAA,NP,0.08112524226711687,0.4354039962960263
104,AC,TAC,PB1,0.1666514847104929,0.4354039962960263
105,AC,TAC,NS,0.1666514847104929,0.4354039962960263
106,AC,TAC,NA,0.1666514847104929,0.4354039962960263
107,AC,TAC,HA,0.1666514847104929,0.4354039962960263
108,AC,TAC,PB2,0.1666514847104929,0.4354039962960263
109,AC,TAC,MP,0.1666514847104929,0.4354039962960263
110,AC,TAC,PA,0.1666514847104929,0.4354039962960263
111,AC,TAC,NP,0.1666514847104929,0.4354039962960263
112,AC,TAG,PB1,0.10294923891896172,0.4354039962960263
113,AC,TAG,NS,0.10294923891896172,0.4354039962960263
114,AC,TAG,NA,0.10294923891896172,0.4354039962960263
115,AC,TAG,HA,0.10294923891896172,0.4354039962960263
116,AC,TAG,PB2,0.10294923891896172,0.4354039962960263
117,AC,TAG,MP,0.10294923891896172,0.4354039962960263
118,AC,TAG,PA,0.10294923891896172,0.4354039962960263
119,AC,TAG,NP,0.10294923891896172,0.4354039962960263
120,AC,TAT,PB1,0.1319737966784652,0.4354039962960263
121,AC,TAT,NS,0.1319737966784652,0.4354039962960263
122,AC,TAT,NA,0.1319737966784652,0.4354039962960263
123,AC,TAT,HA,0.1319737966784652,0.4354039962960263
124,AC,TAT,PB2,0.1319737966784652,0.4354039962960263
125,AC,TAT,MP,0.1319737966784652,0.4354039962960263
126,AC,TAT,PA,0.1319737966784652,0.4354039962960263
127,AC,TAT,NP,0.1319737966784652,0.4354039962960263
128,AG,AAA,PB1,1.0303190873657202,0.11792921607185983
129,AG,AAA,NS,1.0303190873657202,0.11792921607185983
130,AG,AAA,NA,1.0303190873657202,0.11792921607185983
131,AG,AAA,HA,1.0303190873657202,0.11792921607185983
132,AG,AAA,PB2,1.0303190873657202,0.11792921607185983
133,AG,AAA,MP,1.0303190873657202,0.11792921607185983
134,AG,AAA,PA,1.0303190873657202,0.11792921607185983
135,AG,AAA,NP,1.0303190873657202,0.11792921607185983
136,AG,AAC,PB1,1.2071463239695444,0.11792921607185983
137,AG,AAC,NS,1.2071463239695444,0.11792921607185983
138,AG,AAC,NA,1.2071463239695444,0.11792921607185983
139,AG,AAC,HA,1.2071463239695444,0.11792921607185983
140,AG,AAC,PB2,1.2071463239695444,0.11792921607185983
141,AG,AAC,MP,1.2071463239695444,0.11792921607185983
142,AG,AAC,PA,1.2071463239695444,0.11792921607185983
143,AG,AAC,NP,1.2071463239695444,0.11792921607185983
144,AG,AAG,PB1,1.0969219144198432,0.11792921607185983
145,AG,AAG,NS,1.0969219144198432,0.11792921607185983
146,AG,AAG,NA,1.0969219144198432,0.11792921607185983
147,AG,AAG,HA,1.0969219144198432,0.11792921607185983
148,AG,AAG,PB2,1.0969219144198432,0.11792921607185983
149,AG,AAG,MP,1.0969219144198432,0.11792921607185983
150,AG,AAG,PA,1.0969219144198432,0.11792921607185983
151,AG,AAG,NP,1.0969219144198432,0.11792921607185983
152,AG,AAT,PB1,1.0496468680010005,0.11792921607185983
153,AG,AAT,NS,1.0496468680010005,0.11792921607185983
154,AG,AAT,NA,1.0496468680010005,0.11792921607185983
155,AG,AAT,HA,1.0496468680010005,0.11792921607185983
156,AG,AAT,PB2,1.0496468680010005,0.11792921607185983
157,AG,AAT,MP,1.0496468680010005,0.11792921607185983
158,AG,AAT,PA,1.0496468680010005,0.11792921607185983
159,AG,AAT,NP,1.0496468680010005,0.11792921607185983
160,AG,CAA,PB1,0.6404722191893639,0.11792921607185983
161,AG,CAA,NS,0.6404722191893639,0.11792921607185983
162,AG,CAA,NA,0.6404722191893639,0.11792921607185983
163,AG,CAA,HA,0.6404722191893639,0.11792921607185983
164,AG,CAA,PB2,0.6404722191893639,0.11792921607185983
165,AG,CAA,MP,0.6404722191893639,0.11792921607185983
166,AG,CAA,PA,0.6404722191893639,0.11792921607185983
167,AG,CAA,NP,0.6404722191893639,0.11792921607185983
168,AG,CAC,PB1,0.7503924701383536,0.11792921607185983
169,AG,CAC,NS,0.7503924701383536,0.11792921607185983
170,AG,CAC,NA,0.7503924701383536,0.11792921607185983
171,AG,CAC,HA,0.7503924701383536,0.11792921607185983
172,AG,CAC,PB2,0.7503924701383536,0.11792921607185983
173,AG,CAC,MP,0.7503924701383536,0.11792921607185983
174,AG,CAC,PA,0.7503924701383536,0.11792921607185983
175,AG,CAC,NP,0.7503924701383536,0.11792921607185983
176,AG,CAG,PB1,0.6818742090881476,0.11792921607185983
177,AG,CAG,NS,0.6818742090881476,0.11792921607185983
178,AG,CAG,NA,0.6818742090881476,0.11792921607185983
179,AG,CAG,HA,0.6818742090881476,0.11792921607185983
180,AG,CAG,PB2,0.6818742090881476,0.11792921607185983
181,AG,CAG,MP,0.6818742090881476,0.11792921607185983
182,AG,CAG,PA,0.6818742090881476,0.11792921607185983
183,AG,CAG,NP,0.6818742090881476,0.11792921607185983
184,AG,CAT,PB1,0.6524868530123022,0.11792921607185983
185,AG,CAT,NS,0.6524868530123022,0.11792921607185983
186,AG,CAT,NA,0.6524868530123022,0.11792921607185983
187,AG,CAT,HA,0.6524868530123022,0.11792921607185983
188,AG,CAT,PB2,0.6524868530123022,0.11792921607185983
189,AG,CAT,MP,0.6524868530123022,0.11792921607185983
190,AG,CAT,PA,0.6524868530123022,0.11792921607185983
191,AG,CAT,NP,0.6524868530123022,0.11792921607185983
192,AG,GAA,PB1,1.7129502490312365,0.11792921607185983
193,AG,GAA,NS,1.7129502490312365,0.11792921607185983
194,AG,GAA,NA,1.7129502490312365,0.11792921607185983
195,AG,GAA,HA,1.7129502490312365,0.11792921607185983
196,AG,GAA,PB2,1.7129502490312365,0.11792921607185983
197,AG,GAA,MP,1.7129502490312365,0.11792921607185983
198,AG,GAA,PA,1.7129502490312365,0.11792921607185983
199,AG,GAA,NP,1.7129502490312365,0.11792921607185983
200,AG,GAC,PB1,2.006933212843408,0.11792921607185983
201,AG,GAC,NS,2.006933212843408,0.11792921607185983
202,AG,GAC,NA,2.006933212843408,0.11792921607185983
203,AG,GAC,HA,2.006933212843408,0.11792921607185983
204,AG,GAC,PB2,2.006933212843408,0.11792921607185983
205,AG,GAC,MP,2.006933212843408,0.11792921607185983
206,AG,GAC,PA,2.006933212843408,0.11792921607185983
207,AG,GAC,NP,2.006933212843408,0.11792921607185983
208,AG,GAG,PB1,1.8236803428318265,0.11792921607185983
209,AG,GAG,NS,1.8236803428318265,0.11792921607185983
210,AG,GAG,NA,1.8236803428318265,0.11792921607185983
211,AG,GAG,HA,1.8236803428318265,0.11792921607185983
212,AG,GAG,PB2,1.8236803428318265,0.11792921607185983
213,AG,GAG,MP,1.8236803428318265,0.11792921607185983
214,AG,GAG,PA,1.8236803428318265,0.11792921607185983
215,AG,GAG,NP,1.8236803428318265,0.11792921607185983
216,AG,GAT,PB1,1.7450835241092248,0.11792921607185983
217,AG,GAT,NS,1.7450835241092248,0.11792921607185983
218,AG,GAT,NA,1.7450835241092248,0.11792921607185983
219,AG,GAT,HA,1.7450835241092248,0.11792921607185983
220,AG,GAT,PB2,1.7450835241092248,0.11792921607185983
221,AG,GAT,MP,1.7450835241092248,0.11792921607185983
222,AG,GAT,PA,1.7450835241092248,0.11792921607185983
223,AG,GAT,NP,1.7450835241092248,0.11792921607185983
224,AG,TAA,PB1,1.488679323994284,0.11792921607185983
225,AG,TAA,NS,1.488679323994284,0.11792921607185983
226,AG,TAA,NA,1.488679323994284,0.11792921607185983
227,AG,TAA,HA,1.488679323994284,0.11792921607185983
228,AG,TAA,PB2,1.488679323994284,0.11792921607185983
229,AG,TAA,MP,1.488679323994284,0.11792921607185983
230,AG,TAA,PA,1.488679323994284,0.11792921607185983
231,AG,TAA,NP,1.488679323994284,0.11792921607185983
232,AG,TAC,PB1,1.7441720682121915,0.11792921607185983
233,AG,TAC,NS,1.7441720682121915,0.11792921607185983
234,AG,TAC,NA,1.7441720682121915,0.11792921607185983
235,AG,TAC,HA,1.7441720682121915,0.11792921607185983
236,AG,TAC,PB2,1.7441720682121915,0.11792921607185983
237,AG,TAC,MP,1.7441720682121915,0.11792921607185983
238,AG,TAC,PA,1.7441720682121915,0.11792921607185983
239,AG,TAC,NP,1.7441720682121915,0.11792921607185983
240,AG,TAG,PB1,1.5849118919151048,0.11792921607185983
241,AG,TAG,NS,1.5849118919151048,0.11792921607185983
242,AG,TAG,NA,1.5849118919151048,0.11792921607185983
243,AG,TAG,HA,1.5849118919151048,0.11792921607185983
244,AG,TAG,PB2,1.5849118919151048,0.11792921607185983
245,AG,TAG,MP,1.5849118919151048,0.11792921607185983
246,AG,TAG,PA,1.5849118919151048,0.11792921607185983
247,AG,TAG,NP,1.5849118919151048,0.11792921607185983
248,AG,TAT,PB1,1.5166054953748453,0.11792921607185983
249,AG,TAT,NS,1.5166054953748453,0.11792921607185983
250,AG,TAT,NA,1.5166054953748453,0.11792921607185983
251,AG,TAT,HA,1.5166054953748453,0.11792921607185983
252,AG,TAT,PB2,1.5166054953748453,0.11792921607185983
253,AG,TAT,MP,1.5166054953748453,0.11792921607185983
254,AG,TAT,PA,1.5166054953748453,0.11792921607185983
255,AG,TAT,NP,1.5166054953748453,0.11792921607185983
256,AT,AAA,PB1,0.10263954746965923,0.32799321312409757
257,AT,AAA,NS,0.10263954746965923,0.32799321312409757
258,AT,AAA,NA,0.10263954746965923,0.32799321312409757
259,AT,AAA,HA,0.10263954746965923,0.32799321312409757
260,AT,AAA,PB2,0.10263954746965923,0.32799321312409757
261,AT,AAA,MP,0.10263954746965923,0.32799321312409757
262,AT,AAA,PA,0.10263954746965923,0.32799321312409757
263,AT,AAA,NP,0.10263954746965923,0.32799321312409757
264,AT,AAC,PB1,0.08446769975370383,0.32799321312409757
265,AT,AAC,NS,0.08446769975370383,0.32799321312409757
266,AT,AAC,NA,0.08446769975370383,0.32799321312409757
267,AT,AAC,HA,0.08446769975370383,0.32799321312409757
268,AT,AAC,PB2,0.08446769975370383,0.32799321312409757
269,AT,AAC,MP,0.08446769975370383,0.32799321312409757
270,AT,AAC,PA,0.08446769975370383,0.32799321312409757
271,AT,AAC,NP,0.08446769975370383,0.32799321312409757
272,AT,AAG,PB1,0.23011231776191338,0.32799321312409757
273,AT,AAG,NS,0.23011231776191338,0.32799321312409757
274,AT,AAG,NA,0.23011231776191338,0.32799321312409757
275,AT,AAG,HA,0.23011231776191338,0.32799321312409757
276,AT,AAG,PB2,0.23011231776191338,0.32799321312409757
277,AT,AAG,MP,0.23011231776191338,0.32799321312409757
278,AT,AAG,PA,0.23011231776191338,0.32799321312409757
279,AT,AAG,NP,0.23011231776191338,0.32799321312409757
280,AT,AAT,PB1,0.15955819626320913,0.32799321312409757
281,AT,AAT,NS,0.15955819626320913,0.32799321312409757
282,AT,AAT,NA,0.15955819626320913,0.32799321312409757
283,AT,AAT,HA,0.15955819626320913,0.32799321312409757
284,AT,AAT,PB2,0.15955819626320913,0.32799321312409757
285,AT,AAT,MP,0.15955819626320913,0.32799321312409757
286,AT,AAT,PA,0.15955819626320913,0.32799321312409757
287,AT,AAT,NP,0.15955819626320913,0.32799321312409757
288,AT,CAA,PB1,0.1417570510027293,0.32799321312409757
289,AT,CAA,NS,0.1417570510027293,0.32799321312409757
290,AT,CAA,NA,0.1417570510027293,0.32799321312409757
291,AT,CAA,HA,0.1417570510027293,0.32799321312409757
292,AT,CAA,PB2,0.1417570510027293,0.32799321312409757
293,AT,CAA,MP,0.1417570510027293,0.32799321312409757
294,AT,CAA,PA,0.1417570510027293,0.32799321312409757
295,AT,CAA,NP,0.1417570510027293,0.32799321312409757
296,AT,CAC,PB1,0.1166596338083872,0.32799321312409757
297,AT,CAC,NS,0.1166596338083872,0.32799321312409757
298,AT,CAC,NA,0.1166596338083872,0.32799321312409757
299,AT,CAC,HA,0.1166596338083872,0.32799321312409757
300,AT,CAC,PB2,0.1166596338083872,0.32799321312409757
301,AT,CAC,MP,0.1166596338083872,0.32799321312409757
302,AT,CAC,PA,0.1166596338083872,0.32799321312409757
303,AT,CAC,NP,0.1166596338083872,0.32799321312409757
304,AT,CAG,PB1,0.317811646382935,0.32799321312409757
305,AT,CAG,NS,0.317811646382935,0.32799321312409757
306,AT,CAG,NA,0.317811646382935,0.32799321312409757
307,AT,CAG,HA,0.317811646382935,0.32799321312409757
308,AT,CAG,PB2,0.317811646382935,0.32799321312409757
309,AT,CAG,MP,0.317811646382935,0.32799321312409757
310,AT,CAG,PA,0.317811646382935,0.32799321312409757
311,AT,CAG,NP,0.317811646382935,0.32799321312409757
312,AT,CAT,PB1,0.22036826859815783,0.32799321312409757
313,AT,CAT,NS,0.22036826859815783,0.32799321312409757
314,AT,CAT,NA,0.22036826859815783,0.32799321312409757
315,AT,CAT,HA,0.22036826859815783,0.32799321312409757
316,AT,CAT,PB2,0.22036826859815783,0.32799321312409757
317,AT,CAT,MP,0.22036826859815783,0.32799321312409757
318,AT,CAT,PA,0.22036826859815783,0.32799321312409757
319,AT,CAT,NP,0.22036826859815783,0.32799321312409757
320,AT,GAA,PB1,0.09617937738078482,0.32799321312409757
321,AT,GAA,NS,0.09617937738078482,0.32799321312409757
322,AT,GAA,NA,0.09617937738078482,0.32799321312409757
323,AT,GAA,HA,0.09617937738078482,0.32799321312409757
324,AT,GAA,PB2,0.09617937738078482,0.32799321312409757
325,AT,GAA,MP,0.09617937738078482,0.32799321312409757
326,AT,GAA,PA,0.09617937738078482,0.32799321312409757
327,AT,GAA,NP,0.09617937738078482,0.32799321312409757
328,AT,GAC,PB1,0.07915127230563654,0.32799321312409757
329,AT,GAC,NS,0.07915127230563654,0.32799321312409757
330,AT,GAC,NA,0.07915127230563654,0.32799321312409757
331,AT,GAC,HA,0.07915127230563654,0.32799321312409757
332,AT,GAC,PB2,0.07915127230563654,0.32799321312409757
333,AT,GAC,MP,0.07915127230563654,0.32799321312409757
334,AT,GAC,PA,0.07915127230563654,0.32799321312409757
335,AT,GAC,NP,0.07915127230563654,0.32799321312409757
336,AT,GAG,PB1,0.21562896559469427,0.32799321312409757
337,AT,GAG,NS,0.21562896559469427,0.32799321312409757
338,AT,GAG,NA,0.21562896559469427,0.32799321312409757
339,AT,GAG,HA,0.21562896559469427,0.32799321312409757
340,AT,GAG,PB2,0.21562896559469427,0.32799321312409757
341,AT,GAG,MP,0.21562896559469427,0.32799321312409757
342,AT,GAG,PA,0.21562896559469427,0.32799321312409757
343,AT,GAG,NP,0.21562896559469427,0.32799321312409757
344,AT,GAT,PB1,0.14951554591696675,0.32799321312409757
345,AT,GAT,NS,0.14951554591696675,0.32799321312409757
346,AT,GAT,NA,0.14951554591696675,0.32799321312409757
347,AT,GAT,HA,0.14951554591696675,0.32799321312409757
348,AT,GAT,PB2,0.14951554591696675,0.32799321312409757
349,AT,GAT,MP,0.14951554591696675,0.32799321312409757
350,AT,GAT,PA,0.14951554591696675,0.32799321312409757
351,AT,GAT,NP,0.14951554591696675,0.32799321312409757
352,AT,TAA,PB1,0.07930810164498911,0.32799321312409757
353,AT,TAA,NS,0.07930810164498911,0.32799321312409757
354,AT,TAA,NA,0.07930810164498911,0.32799321312409757
355,AT,TAA,HA,0.07930810164498911,0.32799321312409757
356,AT,TAA,PB2,0.07930810164498911,0.32799321312409757
357,AT,TAA,MP,0.07930810164498911,0.32799321312409757
358,AT,TAA,PA,0.07930810164498911,0.32799321312409757
359,AT,TAA,NP,0.07930810164498911,0.32799321312409757
360,AT,TAC,PB1,0.06526697635495145,0.32799321312409757
361,AT,TAC,NS,0.06526697635495145,0.32799321312409757
362,AT,TAC,NA,0.06526697635495145,0.32799321312409757
363,AT,TAC,HA,0.06526697635495145,0.32799321312409757
364,AT,TAC,PB2,0.06526697635495145,0.32799321312409757
365,AT,TAC,MP,0.06526697635495145,0.32799321312409757
366,AT,TAC,PA,0.06526697635495145,0.32799321312409757
367,AT,TAC,NP,0.06526697635495145,0.32799321312409757
368,AT,TAG,PB1,0.17780447728708648,0.32799321312409757
369,AT,TAG,NS,0.17780447728708648,0.32799321312409757
370,AT,TAG,NA,0.17780447728708648,0.32799321312409757
371,AT,TAG,HA,0.17780447728708648,0.32799321312409757
372,AT,TAG,PB2,0.17780447728708648,0.32799321312409757
373,AT,TAG,MP,0.17780447728708648,0.32799321312409757
374,AT,TAG,PA,0.17780447728708648,0.32799321312409757
375,AT,TAG,NP,0.17780447728708648,0.32799321312409757
376,AT,TAT,PB1,0.12328832267381513,0.32799321312409757
377,AT,TAT,NS,0.12328832267381513,0.32799321312409757
378,AT,TAT,NA,0.12328832267381513,0.32799321312409757
379,AT,TAT,HA,0.12328832267381513,0.32799321312409757
380,AT,TAT,PB2,0.12328832267381513,0.32799321312409757
381,AT,TAT,MP,0.12328832267381513,0.32799321312409757
382,AT,TAT,PA,0.12328832267381513,0.32799321312409757
383,AT,TAT,NP,0.12328832267381513,0.32799321312409757
384,CA,ACA,PB1,0.651563316390167,0.183184033662785
385,CA,ACA,NS,0.651563316390167,0.183184033662785
386,CA,ACA,NA,0.651563316390167,0.183184033662785
387,CA,ACA,HA,0.651563316390167,0.183184033662785
388,CA,ACA,PB2,0.651563316390167,0.183184033662785
389,CA,ACA,MP,0.651563316390167,0.183184033662785
390,CA,ACA,PA,0.651563316390167,0.183184033662785
391,CA,ACA,NP,0.651563316390167,0.183184033662785
392,CA,ACC,PB1,0.5509312249881522,0.183184033662785
393,CA,ACC,NS,0.5509312249881522,0.183184033662785
394,CA,ACC,NA,0.5509312249881522,0.183184033662785
395,CA,ACC,HA,0.5509312249881522,0.183184033662785
396,CA,ACC,PB2,0.5509312249881522,0.183184033662785
397,CA,ACC,MP,0.5509312249881522,0.183184033662785
398,CA,ACC,PA,0.5509312249881522,0.183184033662785
399,CA,ACC,NP,0.5509312249881522,0.183184033662785
400,CA,ACG,PB1,1.3660898065801095,0.183184033662785
401,CA,ACG,NS,1.3660898065801095,0.183184033662785
402,CA,ACG,NA,1.3660898065801095,0.183184033662785
403,CA,ACG,HA,1.3660898065801095,0.183184033662785
404,CA,ACG,PB2,1.3660898065801095,0.183184033662785
405,CA,ACG,MP,1.3660898065801095,0.183184033662785
406,CA,ACG,PA,1.3660898065801095,0.183184033662785
407,CA,ACG,NP,1.3660898065801095,0.183184033662785
408,CA,ACT,PB1,1.2227178621171189,0.183184033662785
409,CA,ACT,NS,1.2227178621171189,0.183184033662785
410,CA,ACT,NA,1.2227178621171189,0.183184033662785
411,CA,ACT,HA,1.2227178621171189,0.183184033662785
412,CA,ACT,PB2,1.2227178621171189,0.183184033662785
413,CA,ACT,MP,1.2227178621171189,0.183184033662785
414,CA,ACT,PA,1.2227178621171189,0.183184033662785
415,CA,ACT,NP,1.2227178621171189,0.183184033662785
416,CA,CCA,PB1,0.5067687073069886,0.183184033662785
417,CA,CCA,NS,0.5067687073069886,0.183184033662785
418,CA,CCA,NA,0.5067687073069886,0.183184033662785
419,CA,CCA,HA,0.5067687073069886,0.183184033662785
420,CA,CCA,PB2,0.5067687073069886,0.183184033662785
421,CA,CCA,MP,0.5067687073069886,0.183184033662785
422,CA,CCA,PA,0.5067687073069886,0.183184033662785
423,CA,CCA,NP,0.5067687073069886,0.183184033662785
424,CA,CCC,PB1,0.4284997293112112,0.183184033662785
425,CA,CCC,NS,0.4284997293112112,0.183184033662785
426,CA,CCC,NA,0.4284997293112112,0.183184033662785
427,CA,CCC,HA,0.4284997293112112,0.183184033662785
428,CA,CCC,PB2,0.4284997293112112,0.183184033662785
429,CA,CCC,MP,0.4284997293112112,0.183184033662785
430,CA,CCC,PA,0.4284997293112112,0.183184033662785
431,CA,CCC,NP,0.4284997293112112,0.183184033662785
432,CA,CCG,PB1,1.0625085052076513,0.183184033662785
433,CA,CCG,NS,1.0625085052076513,0.183184033662785
434,CA,CCG,NA,1.0625085052076513,0.183184033662785
435,CA,CCG,HA,1.0625085052076513,0.183184033662785
436,CA,CCG,PB2,1.0625085052076513,0.183184033662785
437,CA,CCG,MP,1.0625085052076513,0.183184033662785
438,CA,CCG,PA,1.0625085052076513,0.183184033662785
439,CA,CCG,NP,1.0625085052076513,0.183184033662785
440,CA,CCT,PB1,0.9509976003854848,0.183184033662785
441,CA,CCT,NS,0.9509976003854848,0.183184033662785
442,CA,CCT,NA,0.9509976003854848,0.183184033662785
443,CA,CCT,HA,0.9509976003854848,0.183184033662785
444,CA,CCT,PB2,0.9509976003854848,0.183184033662785
445,CA,CCT,MP,0.9509976003854848,0.183184033662785
446,CA,CCT,PA,0.9509976003854848,0.183184033662785
447,CA,CCT,NP,0.9509976003854848,0.183184033662785
448,CA,GCA,PB1,0.6285763047083737,0.183184033662785
449,CA,GCA,NS,0.6285763047083737,0.183184033662785
450,CA,GCA,NA,0.6285763047083737,0.183184033662785
451,CA,GCA,HA,0.6285763047083737,0.183184033662785
452,CA,GCA,PB2,0.6285763047083737,0.183184033662785
453,CA,GCA,MP,0.6285763047083737,0.183184033662785
454,CA,GCA,PA,0.6285763047083737,0.183184033662785
455,CA,GCA,NP,0.6285763047083737,0.183184033662785
456,CA,GCC,PB1,0.5314944915409245,0.183184033662785
457,CA,GCC,NS,0.5314944915409245,0.183184033662785
458,CA,GCC,NA,0.5314944915409245,0.183184033662785
459,CA,GCC,HA,0.5314944915409245,0.183184033662785
460,CA,GCC,PB2,0.5314944915409245,0.183184033662785
461,CA,GCC,MP,0.5314944915409245,0.183184033662785
462,CA,GCC,PA,0.5314944915409245,0.183184033662785
463,CA,GCC,NP,0.5314944915409245,0.183184033662785
464,CA,GCG,PB1,1.3178944561785355,0.183184033662785
465,CA,GCG,NS,1.3178944561785355,0.183184033662785
466,CA,GCG,NA,1.3178944561785355,0.183184033662785
467,CA,GCG,HA,1.3178944561785355,0.183184033662785
468,CA,GCG,PB2,1.3178944561785355,0.183184033662785
469,CA,GCG,MP,1.3178944561785355,0.183184033662785
470,CA,GCG,PA,1.3178944561785355,0.183184033662785
471,CA,GCG,NP,1.3178944561785355,0.183184033662785
472,CA,GCT,PB1,1.1795806426435893,0.183184033662785
473,CA,GCT,NS,1.1795806426435893,0.183184033662785
474,CA,GCT,NA,1.1795806426435893,0.183184033662785
475,CA,GCT,HA,1.1795806426435893,0.183184033662785
476,CA,GCT,PB2,1.1795806426435893,0.183184033662785
477,CA,GCT,MP,1.1795806426435893,0.183184033662785
478,CA,GCT,PA,1.1795806426435893,0.183184033662785
479,CA,GCT,NP,1.1795806426435893,0.183184033662785
480,CA,TCA,PB1,0.5631614616988104,0.183184033662785
481,CA,TCA,NS,0.5631614616988104,0.183184033662785
482,CA,TCA,NA,0.5631614616988104,0.183184033662785
483,CA,TCA,HA,0.5631614616988104,0.183184033662785
484,CA,TCA,PB2,0.5631614616988104,0.183184033662785
485,CA,TCA,MP,0.5631614616988104,0.183184033662785
486,CA,TCA,PA,0.5631614616988104,0.183184033662785
487,CA,TCA,NP,0.5631614616988104,0.183184033662785
488,CA,TCC,PB1,0.4761827840136617,0.183184033662785
489,CA,TCC,NS,0.4761827840136617,0.183184033662785
490,CA,TCC,NA,0.4761827840136617,0.183184033662785
491,CA,TCC,HA,0.4761827840136617,0.183184033662785
492,CA,TCC,PB2,0.4761827840136617,0.183184033662785
493,CA,TCC,MP,0.4761827840136617,0.183184033662785
494,CA,TCC,PA,0.4761827840136617,0.183184033662785
495,CA,TCC,NP,0.4761827840136617,0.183184033662785
496,CA,TCG,PB1,1.1807434717899505,0.183184033662785
497,CA,TCG,NS,1.1807434717899505,0.183184033662785
498,CA,TCG,NA,1.1807434717899505,0.183184033662785
499,CA,TCG,HA,1.1807434717899505,0.183184033662785
500,CA,TCG,PB2,1.1807434717899505,0.183184033662785
501,CA,TCG,MP,1.1807434717899505,0.183184033662785
502,CA,TCG,PA,1.1807434717899505,0.183184033662785
503,CA,TCG,NP,1.1807434717899505,0.183184033662785
504,CA,TCT,PB1,1.0568237363178739,0.183184033662785
505,CA,TCT,NS,1.0568237363178739,0.183184033662785
506,CA,TCT,NA,1.0568237363178739,0.183184033662785
507,CA,TCT,HA,1.0568237363178739,0.183184033662785
508,CA,TCT,PB2,1.0568237363178739,0.183184033662785
509,CA,TCT,MP,1.0568237363178739,0.183184033662785
510,CA,TCT,PA,1.0568237363178739,0.183184033662785
511,CA,TCT,NP,1.0568237363178739,0.183184033662785
512,CT,ACA,PB1,0.8830081680040072,0.163350799173802
513,CT,ACA,NS,0.8830081680040072,0.163350799173802
514,CT,ACA,NA,0.8830081680040072,0.163350799173802
515,CT,ACA,HA,0.883008168003921,0.163350799173802
516,CT,ACA,PB2,0.8830081680040072,0.163350799173802
517,CT,ACA,MP,0.8830081680040072,0.163350799173802
518,CT,ACA,PA,0.8830081680040072,0.163350799173802
519,CT,ACA,NP,0.8830081680040072,0.163350799173802
520,CT,ACC,PB1,2.055165349092565,0.163350799173802
521,CT,ACC,NS,2.055165349092565,0.163350799173802
522,CT,ACC,NA,2.055165349092565,0.163350799173802
523,CT,ACC,HA,2.0551653490923645,0.163350799173802
524,CT,ACC,PB2,2.055165349092565,0.163350799173802
525,CT,ACC,MP,2.055165349092565,0.163350799173802
526,CT,ACC,PA,2.055165349092565,0.163350799173802
527,CT,ACC,NP,2.055165349092565,0.163350799173802
528,CT,ACG,PB1,3.414650538329657,0.163350799173802
529,CT,ACG,NS,3.414650538329657,0.163350799173802
530,CT,ACG,NA,3.414650538329657,0.163350799173802
531,CT,ACG,HA,3.414650538329324,0.163350799173802
532,CT,ACG,PB2,3.414650538329657,0.163350799173802
533,CT,ACG,MP,3.414650538329657,0.163350799173802
534,CT,ACG,PA,3.414650538329657,0.163350799173802
535,CT,ACG,NP,3.414650538329657,0.163350799173802
536,CT,ACT,PB1,1.5036874433369014,0.163350799173802
537,CT,ACT,NS,1.5036874433369014,0.163350799173802
538,CT,ACT,NA,1.5036874433369014,0.163350799173802
539,CT,ACT,HA,1.5036874433367546,0.163350799173802
540,CT,ACT,PB2,1.5036874433369014,0.163350799173802
541,CT,ACT,MP,1.5036874433369014,0.163350799173802
542,CT,ACT,PA,1.5036874433369014,0.163350799173802
543,CT,ACT,NP,1.5036874433369014,0.163350799173802
544,CT,CCA,PB1,0.7443806046944668,0.163350799173802
545,CT,CCA,NS,0.7443806046944668,0.163350799173802
546,CT,CCA,NA,0.7443806046944668,0.163350799173802
547,CT,CCA,HA,0.7443806046943943,0.163350799173802
548,CT,CCA,PB2,0.7443806046944668,0.163350799173802
549,CT,CCA,MP,0.7443806046944668,0.163350799173802
550,CT,CCA,PA,0.7443806046944668,0.163350799173802
551,CT,CCA,NP,0.7443806046944668,0.163350799173802
552,CT,CCC,PB1,1.7325153727204208,0.163350799173802
553,CT,CCC,NS,1.7325153727204208,0.163350799173802
554,CT,CCC,NA,1.7325153727204208,0.163350799173802
555,CT,CCC,HA,1.7325153727202518,0.163350799173802
556,CT,CCC,PB2,1.7325153727204208,0.163350799173802
557,CT,CCC,MP,1.7325153727204208,0.163350799173802
558,CT,CCC,PA,1.7325153727204208,0.163350799173802
559,CT,CCC,NP,1.7325153727204208,0.163350799173802
560,CT,CCG,PB1,2.87856865275405,0.163350799173802
561,CT,CCG,NS,2.87856865275405,0.163350799173802
562,CT,CCG,NA,2.87856865275405,0.163350799173802
563,CT,CCG,HA,2.8785686527537697,0.163350799173802
564,CT,CCG,PB2,2.87856865275405,0.163350799173802
565,CT,CCG,MP,2.87856865275405,0.163350799173802
566,CT,CCG,PA,2.87856865275405,0.163350799173802
567,CT,CCG,NP,2.87856865275405,0.163350799173802
568,CT,CCT,PB1,1.2676165509009425,0.163350799173802
569,CT,CCT,NS,1.2676165509009425,0.163350799173802
570,CT,CCT,NA,1.2676165509009425,0.163350799173802
571,CT,CCT,HA,1.2676165509008188,0.163350799173802
572,CT,CCT,PB2,1.2676165509009425,0.163350799173802
573,CT,CCT,MP,1.2676165509009425,0.163350799173802
574,CT,CCT,PA,1.2676165509009425,0.163350799173802
575,CT,CCT,NP,1.2676165509009425,0.163350799173802
576,CT,GCA,PB1,0.7388423426075266,0.163350799173802
577,CT,GCA,NS,0.7388423426075266,0.163350799173802
578,CT,GCA,NA,0.7388423426075266,0.163350799173802
579,CT,GCA,HA,0.7388423426074545,0.163350799173802
580,CT,GCA,PB2,0.7388423426075266,0.163350799173802
581,CT,GCA,MP,0.7388423426075266,0.163350799173802
582,CT,GCA,PA,0.7388423426075266,0.163350799173802
583,CT,GCA,NP,0.7388423426075266,0.163350799173802
584,CT,GCC,PB1,1.7196252945221622,0.163350799173802
585,CT,GCC,NS,1.7196252945221622,0.163350799173802
586,CT,GCC,NA,1.7196252945221622,0.163350799173802
587,CT,GCC,HA,1.7196252945219943,0.163350799173802
588,CT,GCC,PB2,1.7196252945221622,0.163350799173802
589,CT,GCC,MP,1.7196252945221622,0.163350799173802
590,CT,GCC,PA,1.7196252945221622,0.163350799173802
591,CT,GCC,NP,1.7196252945221622,0.163350799173802
592,CT,GCG,PB1,2.857151829782492,0.163350799173802
593,CT,GCG,NS,2.857151829782492,0.163350799173802
594,CT,GCG,NA,2.857151829782492,0.163350799173802
595,CT,GCG,HA,2.8571518297822136,0.163350799173802
596,CT,GCG,PB2,2.857151829782492,0.163350799173802
597,CT,GCG,MP,2.857151829782492,0.163350799173802
598,CT,GCG,PA,2.857151829782492,0.163350799173802
599,CT,GCG,NP,2.857151829782492,0.163350799173802
600,CT,GCT,PB1,1.2581853638974683,0.163350799173802
601,CT,GCT,NS,1.2581853638974683,0.163350799173802
602,CT,GCT,NA,1.2581853638974683,0.163350799173802
603,CT,GCT,HA,1.2581853638973455,0.163350799173802
604,CT,GCT,PB2,1.2581853638974683,0.163350799173802
605,CT,GCT,MP,1.2581853638974683,0.163350799173802
606,CT,GCT,PA,1.2581853638974683,0.163350799173802
607,CT,GCT,NP,1.2581853638974683,0.163350799173802
608,CT,TCA,PB1,0.7965514520466332,0.163350799173802
609,CT,TCA,NS,0.7965514520466332,0.163350799173802
610,CT,TCA,NA,0.7965514520466332,0.163350799173802
611,CT,TCA,HA,0.7965514520465556,0.163350799173802
612,CT,TCA,PB2,0.7965514520466332,0.163350799173802
613,CT,TCA,MP,0.7965514520466332,0.163350799173802
614,CT,TCA,PA,0.7965514520466332,0.163350799173802
615,CT,TCA,NP,0.7965514520466332,0.163350799173802
616,CT,TCC,PB1,1.8539408833737758,0.163350799173802
617,CT,TCC,NS,1.8539408833737758,0.163350799173802
618,CT,TCC,NA,1.8539408833737758,0.163350799173802
619,CT,TCC,HA,1.853940883373595,0.163350799173802
620,CT,TCC,PB2,1.8539408833737758,0.163350799173802
621,CT,TCC,MP,1.8539408833737758,0.163350799173802
622,CT,TCC,PA,1.8539408833737758,0.163350799173802
623,CT,TCC,NP,1.8539408833737758,0.163350799173802
624,CT,TCG,PB1,3.0803167434867524,0.163350799173802
625,CT,TCG,NS,3.0803167434867524,0.163350799173802
626,CT,TCG,NA,3.0803167434867524,0.163350799173802
627,CT,TCG,HA,3.0803167434864522,0.163350799173802
628,CT,TCG,PB2,3.0803167434867524,0.163350799173802
629,CT,TCG,MP,3.0803167434867524,0.163350799173802
630,CT,TCG,PA,3.0803167434867524,0.163350799173802
631,CT,TCG,NP,3.0803167434867524,0.163350799173802
632,CT,TCT,PB1,1.3564590451318033,0.163350799173802
633,CT,TCT,NS,1.3564590451318033,0.163350799173802
634,CT,TCT,NA,1.3564590451318033,0.163350799173802
635,CT,TCT,HA,1.356459045131671,0.163350799173802
636,CT,TCT,PB2,1.3564590451318033,0.163350799173802
637,CT,TCT,MP,1.3564590451318033,0.163350799173802
638,CT,TCT,PA,1.3564590451318033,0.163350799173802
639,CT,TCT,NP,1.3564590451318033,0.163350799173802
640,GA,AGA,PB1,2.791278564629843,0.121478827837971
641,GA,AGA,NS,2.791278564629843,0.121478827837971
642,GA,AGA,NA,2.791278564629843,0.121478827837971
643,GA,AGA,HA,2.791278564629843,0.121478827837971
644,GA,AGA,PB2,2.791278564629843,0.121478827837971
645,GA,AGA,MP,2.791278564629843,0.121478827837971
646,GA,AGA,PA,2.791278564629843,0.121478827837971
647,GA,AGA,NP,2.791278564629843,0.121478827837971
648,GA,AGC,PB1,2.9036720188228546,0.121478827837971
649,GA,AGC,NS,2.9036720188228546,0.121478827837971
650,GA,AGC,NA,2.9036720188228546,0.121478827837971
651,GA,AGC,HA,2.9036720188228546,0.121478827837971
652,GA,AGC,PB2,2.9036720188228546,0.121478827837971
653,GA,AGC,MP,2.9036720188228546,0.121478827837971
654,GA,AGC,PA,2.9036720188228546,0.121478827837971
655,GA,AGC,NP,2.9036720188228546,0.121478827837971
656,GA,AGG,PB1,2.7415367874190597,0.121478827837971
657,GA,AGG,NS,2.7415367874190597,0.121478827837971
658,GA,AGG,NA,2.7415367874190597,0.121478827837971
659,GA,AGG,HA,2.7415367874190597,0.121478827837971
660,GA,AGG,PB2,2.7415367874190597,0.121478827837971
661,GA,AGG,MP,2.7415367874190597,0.121478827837971
662,GA,AGG,PA,2.7415367874190597,0.121478827837971
663,GA,AGG,NP,2.7415367874190597,0.121478827837971
664,GA,AGT,PB1,3.20639335814432,0.121478827837971
665,GA,AGT,NS,3.20639335814432,0.121478827837971
666,GA,AGT,NA,3.20639335814432,0.121478827837971
667,GA,AGT,HA,3.20639335814432,0.121478827837971
668,GA,AGT,PB2,3.20639335814432,0.121478827837971
669,GA,AGT,MP,3.20639335814432,0.121478827837971
670,GA,AGT,PA,3.20639335814432,0.121478827837971
671,GA,AGT,NP,3.20639335814432,0.121478827837971
672,GA,CGA,PB1,4.390706804750005,0.121478827837971
673,GA,CGA,NS,4.390706804750005,0.121478827837971
674,GA,CGA,NA,4.390706804750005,0.121478827837971
675,GA,CGA,HA,4.390706804750005,0.121478827837971
676,GA,CGA,PB2,4.390706804750005,0.121478827837971
677,GA,CGA,MP,4.390706804750005,0.121478827837971
678,GA,CGA,PA,4.390706804750005,0.121478827837971
679,GA,CGA,NP,4.390706804750005,0.121478827837971
680,GA,CGC,PB1,4.567502739913164,0.121478827837971
681,GA,CGC,NS,4.567502739913164,0.121478827837971
682,GA,CGC,NA,4.567502739913164,0.121478827837971
683,GA,CGC,HA,4.567502739913164,0.121478827837971
684,GA,CGC,PB2,4.567502739913164,0.121478827837971
685,GA,CGC,MP,4.567502739913164,0.121478827837971
686,GA,CGC,PA,4.567502739913164,0.121478827837971
687,GA,CGC,NP,4.567502739913164,0.121478827837971
688,GA,CGG,PB1,4.312462532591986,0.121478827837971
689,GA,CGG,NS,4.312462532591986,0.121478827837971
690,GA,CGG,NA,4.312462532591986,0.121478827837971
691,GA,CGG,HA,4.312462532591986,0.121478827837971
692,GA,CGG,PB2,4.312462532591986,0.121478827837971
693,GA,CGG,MP,4.312462532591986,0.121478827837971
694,GA,CGG,PA,4.312462532591986,0.121478827837971
695,GA,CGG,NP,4.312462532591986,0.121478827837971
696,GA,CGT,PB1,5.0436861855013175,0.121478827837971
697,GA,CGT,NS,5.0436861855013175,0.121478827837971
698,GA,CGT,NA,5.0436861855013175,0.121478827837971
699,GA,CGT,HA,5.0436861855013175,0.121478827837971
700,GA,CGT,PB2,5.0436861855013175,0.121478827837971
701,GA,CGT,MP,5.0436861855013175,0.121478827837971
702,GA,CGT,PA,5.0436861855013175,0.121478827837971
703,GA,CGT,NP,5.0436861855013175,0.121478827837971
704,GA,GGA,PB1,3.2580637615681907,0.121478827837971
705,GA,GGA,NS,3.2580637615681907,0.121478827837971
706,GA,GGA,NA,3.2580637615681907,0.121478827837971
707,GA,GGA,HA,3.2580637615681907,0.121478827837971
708,GA,GGA,PB2,3.2580637615681907,0.121478827837971
709,GA,GGA,MP,3.2580637615681907,0.121478827837971
710,GA,GGA,PA,3.2580637615681907,0.121478827837971
711,GA,GGA,NP,3.2580637615681907,0.121478827837971
712,GA,GGC,PB1,3.3892527603244957,0.121478827837971
713,GA,GGC,NS,3.3892527603244957,0.121478827837971
714,GA,GGC,NA,3.3892527603244957,0.121478827837971
715,GA,GGC,HA,3.3892527603244957,0.121478827837971
716,GA,GGC,PB2,3.3892527603244957,0.121478827837971
717,GA,GGC,MP,3.3892527603244957,0.121478827837971
718,GA,GGC,PA,3.3892527603244957,0.121478827837971
719,GA,GGC,NP,3.3892527603244957,0.121478827837971
720,GA,GGG,PB1,3.200003672611092,0.121478827837971
721,GA,GGG,NS,3.200003672611092,0.121478827837971
722,GA,GGG,NA,3.200003672611092,0.121478827837971
723,GA,GGG,HA,3.200003672611092,0.121478827837971
724,GA,GGG,PB2,3.200003672611092,0.121478827837971
725,GA,GGG,MP,3.200003672611092,0.121478827837971
726,GA,GGG,PA,3.200003672611092,0.121478827837971
727,GA,GGG,NP,3.200003672611092,0.121478827837971
728,GA,GGT,PB1,3.7425981547951643,0.121478827837971
729,GA,GGT,NS,3.7425981547951643,0.121478827837971
730,GA,GGT,NA,3.7425981547951643,0.121478827837971
731,GA,GGT,HA,3.7425981547951643,0.121478827837971
732,GA,GGT,PB2,3.7425981547951643,0.121478827837971
733,GA,GGT,MP,3.7425981547951643,0.121478827837971
734,GA,GGT,PA,3.7425981547951643,0.121478827837971
735,GA,GGT,NP,3.7425981547951643,0.121478827837971
736,GA,TGA,PB1,1.9017143510841308,0.121478827837971
737,GA,TGA,NS,1.9017143510841308,0.121478827837971
738,GA,TGA,NA,1.9017143510841308,0.121478827837971
739,GA,TGA,HA,1.9017143510841308,0.121478827837971
740,GA,TGA,PB2,1.9017143510841308,0.121478827837971
741,GA,TGA,MP,1.9017143510841308,0.121478827837971
742,GA,TGA,PA,1.9017143510841308,0.121478827837971
743,GA,TGA,NP,1.9017143510841308,0.121478827837971
744,GA,TGC,PB1,1.9782886663514108,0.121478827837971
745,GA,TGC,NS,1.9782886663514108,0.121478827837971
746,GA,TGC,NA,1.9782886663514108,0.121478827837971
747,GA,TGC,HA,1.9782886663514108,0.121478827837971
748,GA,TGC,PB2,1.9782886663514108,0.121478827837971
749,GA,TGC,MP,1.9782886663514108,0.121478827837971
750,GA,TGC,PA,1.9782886663514108,0.121478827837971
751,GA,TGC,NP,1.9782886663514108,0.121478827837971
752,GA,TGG,PB1,1.8678249884211389,0.121478827837971
753,GA,TGG,NS,1.8678249884211389,0.121478827837971
754,GA,TGG,NA,1.8678249884211389,0.121478827837971
755,GA,TGG,HA,1.8678249884211389,0.121478827837971
756,GA,TGG,PB2,1.8678249884211389,0.121478827837971
757,GA,TGG,MP,1.8678249884211389,0.121478827837971
758,GA,TGG,PA,1.8678249884211389,0.121478827837971
759,GA,TGG,NP,1.8678249884211389,0.121478827837971
760,GA,TGT,PB1,2.184534478812405,0.121478827837971
761,GA,TGT,NS,2.184534478812405,0.121478827837971
762,GA,TGT,NA,2.184534478812405,0.121478827837971
763,GA,TGT,HA,2.184534478812405,0.121478827837971
764,GA,TGT,PB2,2.184534478812405,0.121478827837971
765,GA,TGT,MP,2.184534478812405,0.121478827837971
766,GA,TGT,PA,2.184534478812405,0.121478827837971
767,GA,TGT,NP,2.184534478812405,0.121478827837971
768,GT,AGA,PB1,0.3716157763178073,0.15554982843020643
769,GT,AGA,NS,0.3716157763178073,0.15554982843020643
770,GT,AGA,NA,0.3716157763178073,0.15554982843020643
771,GT,AGA,HA,0.3716157763178073,0.15554982843020643
772,GT,AGA,PB2,0.3716157763178073,0.15554982843020643
773,GT,AGA,MP,0.3716157763178073,0.15554982843020643
774,GT,AGA,PA,0.3716157763178073,0.15554982843020643
775,GT,AGA,NP,0.3716157763178073,0.15554982843020643
776,GT,AGC,PB1,0.33534164737375954,0.15554982843020643
777,GT,AGC,NS,0.33534164737375954,0.15554982843020643
778,GT,AGC,NA,0.33534164737375954,0.15554982843020643
779,GT,AGC,HA,0.33534164737375954,0.15554982843020643
780,GT,AGC,PB2,0.33534164737375954,0.15554982843020643
781,GT,AGC,MP,0.33534164737375954,0.15554982843020643
782,GT,AGC,PA,0.33534164737375954,0.15554982843020643
783,GT,AGC,NP,0.33534164737375954,0.15554982843020643
784,GT,AGG,PB1,0.4656560634258115,0.15554982843020643
785,GT,AGG,NS,0.4656560634258115,0.15554982843020643
786,GT,AGG,NA,0.4656560634258115,0.15554982843020643
787,GT,AGG,HA,0.4656560634258115,0.15554982843020643
788,GT,AGG,PB2,0.4656560634258115,0.15554982843020643
789,GT,AGG,MP,0.4656560634258115,0.15554982843020643
790,GT,AGG,PA,0.4656560634258115,0.15554982843020643
791,GT,AGG,NP,0.4656560634258115,0.15554982843020643
792,GT,AGT,PB1,0.5941793582911863,0.15554982843020643
793,GT,AGT,NS,0.5941793582911863,0.15554982843020643
794,GT,AGT,NA,0.5941793582911863,0.15554982843020643
795,GT,AGT,HA,0.5941793582911863,0.15554982843020643
796,GT,AGT,PB2,0.5941793582911863,0.15554982843020643
797,GT,AGT,MP,0.5941793582911863,0.15554982843020643
798,GT,AGT,PA,0.5941793582911863,0.15554982843020643
799,GT,AGT,NP,0.5941793582911863,0.15554982843020643
800,GT,CGA,PB1,0.6749254404543599,0.15554982843020643
801,GT,CGA,NS,0.6749254404543599,0.15554982843020643
802,GT,CGA,NA,0.6749254404543599,0.15554982843020643
803,GT,CGA,HA,0.6749254404543599,0.15554982843020643
804,GT,CGA,PB2,0.6749254404543599,0.15554982843020643
805,GT,CGA,MP,0.6749254404543599,0.15554982843020643
806,GT,CGA,PA,0.6749254404543599,0.15554982843020643
807,GT,CGA,NP,0.6749254404543599,0.15554982843020643
808,GT,CGC,PB1,0.6090446732349339,0.15554982843020643
809,GT,CGC,NS,0.6090446732349339,0.15554982843020643
810,GT,CGC,NA,0.6090446732349339,0.15554982843020643
811,GT,CGC,HA,0.6090446732349339,0.15554982843020643
812,GT,CGC,PB2,0.6090446732349339,0.15554982843020643
813,GT,CGC,MP,0.6090446732349339,0.15554982843020643
814,GT,CGC,PA,0.6090446732349339,0.15554982843020643
815,GT,CGC,NP,0.6090446732349339,0.15554982843020643
816,GT,CGG,PB1,0.8457206171977288,0.15554982843020643
817,GT,CGG,NS,0.8457206171977288,0.15554982843020643
818,GT,CGG,NA,0.8457206171977288,0.15554982843020643
819,GT,CGG,HA,0.8457206171977288,0.15554982843020643
820,GT,CGG,PB2,0.8457206171977288,0.15554982843020643
821,GT,CGG,MP,0.8457206171977288,0.15554982843020643
822,GT,CGG,PA,0.8457206171977288,0.15554982843020643
823,GT,CGG,NP,0.8457206171977288,0.15554982843020643
824,GT,CGT,PB1,1.0791435419593383,0.15554982843020643
825,GT,CGT,NS,1.0791435419593383,0.15554982843020643
826,GT,CGT,NA,1.0791435419593383,0.15554982843020643
827,GT,CGT,HA,1.0791435419593383,0.15554982843020643
828,GT,CGT,PB2,1.0791435419593383,0.15554982843020643
829,GT,CGT,MP,1.0791435419593383,0.15554982843020643
830,GT,CGT,PA,1.0791435419593383,0.15554982843020643
831,GT,CGT,NP,1.0791435419593383,0.15554982843020643
832,GT,GGA,PB1,0.20846195960020508,0.15554982843020643
833,GT,GGA,NS,0.20846195960020508,0.15554982843020643
834,GT,GGA,NA,0.20846195960020508,0.15554982843020643
835,GT,GGA,HA,0.20846195960020508,0.15554982843020643
836,GT,GGA,PB2,0.20846195960020508,0.15554982843020643
837,GT,GGA,MP,0.20846195960020508,0.15554982843020643
838,GT,GGA,PA,0.20846195960020508,0.15554982843020643
839,GT,GGA,NP,0.20846195960020508,0.15554982843020643
840,GT,GGC,PB1,0.18811358774852177,0.15554982843020643
841,GT,GGC,NS,0.18811358774852177,0.15554982843020643
842,GT,GGC,NA,0.18811358774852177,0.15554982843020643
843,GT,GGC,HA,0.18811358774852177,0.15554982843020643
844,GT,GGC,PB2,0.18811358774852177,0.15554982843020643
845,GT,GGC,MP,0.18811358774852177,0.15554982843020643
846,GT,GGC,PA,0.18811358774852177,0.15554982843020643
847,GT,GGC,NP,0.18811358774852177,0.15554982843020643
848,GT,GGG,PB1,0.26121489362832123,0.15554982843020643
849,GT,GGG,NS,0.26121489362832123,0.15554982843020643
850,GT,GGG,NA,0.26121489362832123,0.15554982843020643
851,GT,GGG,HA,0.26121489362832123,0.15554982843020643
852,GT,GGG,PB2,0.26121489362832123,0.15554982843020643
853,GT,GGG,MP,0.26121489362832123,0.15554982843020643
854,GT,GGG,PA,0.26121489362832123,0.15554982843020643
855,GT,GGG,NP,0.26121489362832123,0.15554982843020643
856,GT,GGT,PB1,0.3333114503659938,0.15554982843020643
857,GT,GGT,NS,0.3333114503659938,0.15554982843020643
858,GT,GGT,NA,0.3333114503659938,0.15554982843020643
859,GT,GGT,HA,0.3333114503659938,0.15554982843020643
860,GT,GGT,PB2,0.3333114503659938,0.15554982843020643
861,GT,GGT,MP,0.3333114503659938,0.15554982843020643
862,GT,GGT,PA,0.3333114503659938,0.15554982843020643
863,GT,GGT,NP,0.3333114503659938,0.15554982843020643
864,GT,TGA,PB1,0.3647537909452491,0.15554982843020643
865,GT,TGA,NS,0.3647537909452491,0.15554982843020643
866,GT,TGA,NA,0.3647537909452491,0.15554982843020643
867,GT,TGA,HA,0.3647537909452491,0.15554982843020643
868,GT,TGA,PB2,0.3647537909452491,0.15554982843020643
869,GT,TGA,MP,0.3647537909452491,0.15554982843020643
870,GT,TGA,PA,0.3647537909452491,0.15554982843020643
871,GT,TGA,NP,0.3647537909452491,0.15554982843020643
872,GT,TGC,PB1,0.32914947355947993,0.15554982843020643
873,GT,TGC,NS,0.32914947355947993,0.15554982843020643
874,GT,TGC,NA,0.32914947355947993,0.15554982843020643
875,GT,TGC,HA,0.32914947355947993,0.15554982843020643
876,GT,TGC,PB2,0.32914947355947993,0.15554982843020643
877,GT,TGC,MP,0.32914947355947993,0.15554982843020643
878,GT,TGC,PA,0.32914947355947993,0.15554982843020643
879,GT,TGC,NP,0.32914947355947993,0.15554982843020643
880,GT,TGG,PB1,0.457057598830115,0.15554982843020643
881,GT,TGG,NS,0.457057598830115,0.15554982843020643
882,GT,TGG,NA,0.457057598830115,0.15554982843020643
883,GT,TGG,HA,0.457057598830115,0.15554982843020643
884,GT,TGG,PB2,0.457057598830115,0.15554982843020643
885,GT,TGG,MP,0.457057598830115,0.15554982843020643
886,GT,TGG,PA,0.457057598830115,0.15554982843020643
887,GT,TGG,NP,0.457057598830115,0.15554982843020643
888,GT,TGT,PB1,0.5832076764490698,0.15554982843020643
889,GT,TGT,NS,0.5832076764490698,0.15554982843020643
890,GT,TGT,NA,0.5832076764490698,0.15554982843020643
891,GT,TGT,HA,0.5832076764490698,0.15554982843020643
892,GT,TGT,PB2,0.5832076764490698,0.15554982843020643
893,GT,TGT,MP,0.5832076764490698,0.15554982843020643
894,GT,TGT,PA,0.5832076764490698,0.15554982843020643
895,GT,TGT,NP,0.5832076764490698,0.15554982843020643
896,TA,ATA,PB1,0.15213704916302662,0.2543838933953636
897,TA,ATA,NS,0.15213704916302662,0.2543838933953636
898,TA,ATA,NA,0.15213704916302662,0.2543838933953636
899,TA,ATA,HA,0.15213704916302662,0.2543838933953636
900,TA,ATA,PB2,0.15213704916302662,0.2543838933953636
901,TA,ATA,MP,0.15213704916302662,0.2543838933953636
902,TA,ATA,PA,0.15213704916302662,0.2543838933953636
903,TA,ATA,NP,0.15213704916302662,0.2543838933953636
904,TA,ATC,PB1,0.1907601939943437,0.2543838933953636
905,TA,ATC,NS,0.1907601939943437,0.2543838933953636
906,TA,ATC,NA,0.1907601939943437,0.2543838933953636
907,TA,ATC,HA,0.1907601939943437,0.2543838933953636
908,TA,ATC,PB2,0.1907601939943437,0.2543838933953636
909,TA,ATC,MP,0.1907601939943437,0.2543838933953636
910,TA,ATC,PA,0.1907601939943437,0.2543838933953636
911,TA,ATC,NP,0.1907601939943437,0.2543838933953636
912,TA,ATG,PB1,0.3064880987109954,0.2543838933953636
913,TA,ATG,NS,0.3064880987109954,0.2543838933953636
914,TA,ATG,NA,0.3064880987109954,0.2543838933953636
915,TA,ATG,HA,0.3064880987109954,0.2543838933953636
916,TA,ATG,PB2,0.3064880987109954,0.2543838933953636
917,TA,ATG,MP,0.3064880987109954,0.2543838933953636
918,TA,ATG,PA,0.3064880987109954,0.2543838933953636
919,TA,ATG,NP,0.3064880987109954,0.2543838933953636
920,TA,ATT,PB1,0.08884292317556362,0.2543838933953636
921,TA,ATT,NS,0.08884292317556362,0.2543838933953636
922,TA,ATT,NA,0.08884292317556362,0.2543838933953636
923,TA,ATT,HA,0.08884292317556362,0.2543838933953636
924,TA,ATT,PB2,0.08884292317556362,0.2543838933953636
925,TA,ATT,MP,0.08884292317556362,0.2543838933953636
926,TA,ATT,PA,0.08884292317556362,0.2543838933953636
927,TA,ATT,NP,0.08884292317556362,0.2543838933953636
928,TA,CTA,PB1,0.23945769463381936,0.2543838933953636
929,TA,CTA,NS,0.23945769463381936,0.2543838933953636
930,TA,CTA,NA,0.23945769463381936,0.2543838933953636
931,TA,CTA,HA,0.23945769463381936,0.2543838933953636
932,TA,CTA,PB2,0.23945769463381936,0.2543838933953636
933,TA,CTA,MP,0.23945769463381936,0.2543838933953636
934,TA,CTA,PA,0.23945769463381936,0.2543838933953636
935,TA,CTA,NP,0.23945769463381936,0.2543838933953636
936,TA,CTC,PB1,0.30024899610637984,0.2543838933953636
937,TA,CTC,NS,0.30024899610637984,0.2543838933953636
938,TA,CTC,NA,0.30024899610637984,0.2543838933953636
939,TA,CTC,HA,0.30024899610637984,0.2543838933953636
940,TA,CTC,PB2,0.30024899610637984,0.2543838933953636
941,TA,CTC,MP,0.30024899610637984,0.2543838933953636
942,TA,CTC,PA,0.30024899610637984,0.2543838933953636
943,TA,CTC,NP,0.30024899610637984,0.2543838933953636
944,TA,CTG,PB1,0.48240013825556305,0.2543838933953636
945,TA,CTG,NS,0.48240013825556305,0.2543838933953636
946,TA,CTG,NA,0.48240013825556305,0.2543838933953636
947,TA,CTG,HA,0.48240013825556305,0.2543838933953636
948,TA,CTG,PB2,0.48240013825556305,0.2543838933953636
949,TA,CTG,MP,0.48240013825556305,0.2543838933953636
950,TA,CTG,PA,0.48240013825556305,0.2543838933953636
951,TA,CTG,NP,0.48240013825556305,0.2543838933953636
952,TA,CTT,PB1,0.1398352451634126,0.2543838933953636
953,TA,CTT,NS,0.1398352451634126,0.2543838933953636
954,TA,CTT,NA,0.1398352451634126,0.2543838933953636
955,TA,CTT,HA,0.1398352451634126,0.2543838933953636
956,TA,CTT,PB2,0.1398352451634126,0.2543838933953636
957,TA,CTT,MP,0.1398352451634126,0.2543838933953636
958,TA,CTT,PA,0.1398352451634126,0.2543838933953636
959,TA,CTT,NP,0.1398352451634126,0.2543838933953636
960,TA,GTA,PB1,0.1332334181452291,0.2543838933953636
961,TA,GTA,NS,0.1332334181452291,0.2543838933953636
962,TA,GTA,NA,0.1332334181452291,0.2543838933953636
963,TA,GTA,HA,0.1332334181452291,0.2543838933953636
964,TA,GTA,PB2,0.1332334181452291,0.2543838933953636
965,TA,GTA,MP,0.1332334181452291,0.2543838933953636
966,TA,GTA,PA,0.1332334181452291,0.2543838933953636
967,TA,GTA,NP,0.1332334181452291,0.2543838933953636
968,TA,GTC,PB1,0.16705748423369643,0.2543838933953636
969,TA,GTC,NS,0.16705748423369643,0.2543838933953636
970,TA,GTC,NA,0.16705748423369643,0.2543838933953636
971,TA,GTC,HA,0.16705748423369643,0.2543838933953636
972,TA,GTC,PB2,0.16705748423369643,0.2543838933953636
973,TA,GTC,MP,0.16705748423369643,0.2543838933953636
974,TA,GTC,PA,0.16705748423369643,0.2543838933953636
975,TA,GTC,NP,0.16705748423369643,0.2543838933953636
976,TA,GTG,PB1,0.2684057383572691,0.2543838933953636
977,TA,GTG,NS,0.2684057383572691,0.2543838933953636
978,TA,GTG,NA,0.2684057383572691,0.2543838933953636
979,TA,GTG,HA,0.2684057383572691,0.2543838933953636
980,TA,GTG,PB2,0.2684057383572691,0.2543838933953636
981,TA,GTG,MP,0.2684057383572691,0.2543838933953636
982,TA,GTG,PA,0.2684057383572691,0.2543838933953636
983,TA,GTG,NP,0.2684057383572691,0.2543838933953636
984,TA,GTT,PB1,0.07780383803822982,0.2543838933953636
985,TA,GTT,NS,0.07780383803822982,0.2543838933953636
986,TA,GTT,NA,0.07780383803822982,0.2543838933953636
987,TA,GTT,HA,0.07780383803822982,0.2543838933953636
988,TA,GTT,PB2,0.07780383803822982,0.2543838933953636
989,TA,GTT,MP,0.07780383803822982,0.2543838933953636
990,TA,GTT,PA,0.07780383803822982,0.2543838933953636
991,TA,GTT,NP,0.07780383803822982,0.2543838933953636
992,TA,TTA,PB1,0.11037303844448217,0.2543838933953636
993,TA,TTA,NS,0.11037303844448217,0.2543838933953636
994,TA,TTA,NA,0.11037303844448217,0.2543838933953636
995,TA,TTA,HA,0.11037303844448217,0.2543838933953636
996,TA,TTA,PB2,0.11037303844448217,0.2543838933953636
997,TA,TTA,MP,0.11037303844448217,0.2543838933953636
998,TA,TTA,PA,0.11037303844448217,0.2543838933953636
999,TA,TTA,NP,0.11037303844448217,0.2543838933953636
1000,TA,TTC,PB1,0.13839352308491765,0.2543838933953636
1001,TA,TTC,NS,0.13839352308491765,0.2543838933953636
1002,TA,TTC,NA,0.13839352308491765,0.2543838933953636
1003,TA,TTC,HA,0.13839352308491765,0.2543838933953636
1004,TA,TTC,PB2,0.13839352308491765,0.2543838933953636
1005,TA,TTC,MP,0.13839352308491765,0.2543838933953636
1006,TA,TTC,PA,0.13839352308491765,0.2543838933953636
1007,TA,TTC,NP,0.13839352308491765,0.2543838933953636
1008,TA,TTG,PB1,0.22235229937683096,0.2543838933953636
1009,TA,TTG,NS,0.22235229937683096,0.2543838933953636
1010,TA,TTG,NA,0.22235229937683096,0.2543838933953636
1011,TA,TTG,HA,0.22235229937683096,0.2543838933953636
1012,TA,TTG,PB2,0.22235229937683096,0.2543838933953636
1013,TA,TTG,MP,0.22235229937683096,0.2543838933953636
1014,TA,TTG,PA,0.22235229937683096,0.2543838933953636
1015,TA,TTG,NP,0.22235229937683096,0.2543838933953636
1016,TA,TTT,PB1,0.0644541446618234,0.2543838933953636
1017,TA,TTT,NS,0.0644541446618234,0.2543838933953636
1018,TA,TTT,NA,0.0644541446618234,0.2543838933953636
1019,TA,TTT,HA,0.0644541446618234,0.2543838933953636
1020,TA,TTT,PB2,0.0644541446618234,0.2543838933953636
1021,TA,TTT,MP,0.0644541446618234,0.2543838933953636
1022,TA,TTT,PA,0.0644541446618234,0.2543838933953636
1023,TA,TTT,NP,0.0644541446618234,0.2543838933953636
1024,TC,ATA,PB1,1.9359257569996595,0.06439753524625308
1025,TC,ATA,NS,1.9359257569996595,0.06439753524625308
1026,TC,ATA,NA,1.9359257569996595,0.06439753524625308
1027,TC,ATA,HA,1.9359257569996595,0.06439753524625308
1028,TC,ATA,PB2,1.9359257569996595,0.06439753524625308
1029,TC,ATA,MP,1.9359257569996595,0.06439753524625308
1030,TC,ATA,PA,1.9359257569996595,0.06439753524625308
1031,TC,ATA,NP,1.9359257569996595,0.06439753524625308
1032,TC,ATC,PB1,2.0521188678817945,0.06439753524625308
1033,TC,ATC,NS,2.0521188678817945,0.06439753524625308
1034,TC,ATC,NA,2.0521188678817945,0.06439753524625308
1035,TC,ATC,HA,2.0521188678817945,0.06439753524625308
1036,TC,ATC,PB2,2.0521188678817945,0.06439753524625308
1037,TC,ATC,MP,2.0521188678817945,0.06439753524625308
1038,TC,ATC,PA,2.0521188678817945,0.06439753524625308
1039,TC,ATC,NP,2.0521188678817945,0.06439753524625308
1040,TC,ATG,PB1,0.7738722758215761,0.06439753524625308
1041,TC,ATG,NS,0.7738722758215761,0.06439753524625308
1042,TC,ATG,NA,0.7738722758215761,0.06439753524625308
1043,TC,ATG,HA,0.7738722758215761,0.06439753524625308
1044,TC,ATG,PB2,0.7738722758215761,0.06439753524625308
1045,TC,ATG,MP,0.7738722758215761,0.06439753524625308
1046,TC,ATG,PA,0.7738722758215761,0.06439753524625308
1047,TC,ATG,NP,0.7738722758215761,0.06439753524625308
1048,TC,ATT,PB1,1.2702985911833784,0.06439753524625308
1049,TC,ATT,NS,1.2702985911833784,0.06439753524625308
1050,TC,ATT,NA,1.2702985911833784,0.06439753524625308
1051,TC,ATT,HA,1.2702985911833784,0.06439753524625308
1052,TC,ATT,PB2,1.2702985911833784,0.06439753524625308
1053,TC,ATT,MP,1.2702985911833784,0.06439753524625308
1054,TC,ATT,PA,1.2702985911833784,0.06439753524625308
1055,TC,ATT,NP,1.2702985911833784,0.06439753524625308
1056,TC,CTA,PB1,1.9518236642241948,0.06439753524625308
1057,TC,CTA,NS,1.9518236642241948,0.06439753524625308
1058,TC,CTA,NA,1.9518236642241948,0.06439753524625308
1059,TC,CTA,HA,1.9518236642241948,0.06439753524625308
1060,TC,CTA,PB2,1.9518236642241948,0.06439753524625308
1061,TC,CTA,MP,1.9518236642241948,0.06439753524625308
1062,TC,CTA,PA,1.9518236642241948,0.06439753524625308
1063,TC,CTA,NP,1.9518236642241948,0.06439753524625308
1064,TC,CTC,PB1,2.0689709580290243,0.06439753524625308
1065,TC,CTC,NS,2.0689709580290243,0.06439753524625308
1066,TC,CTC,NA,2.0689709580290243,0.06439753524625308
1067,TC,CTC,HA,2.0689709580290243,0.06439753524625308
1068,TC,CTC,PB2,2.0689709580290243,0.06439753524625308
1069,TC,CTC,MP,2.0689709580290243,0.06439753524625308
1070,TC,CTC,PA,2.0689709580290243,0.06439753524625308
1071,TC,CTC,NP,2.0689709580290243,0.06439753524625308
1072,TC,CTG,PB1,0.7802273488920015,0.06439753524625308
1073,TC,CTG,NS,0.7802273488920015,0.06439753524625308
1074,TC,CTG,NA,0.7802273488920015,0.06439753524625308
1075,TC,CTG,HA,0.7802273488920015,0.06439753524625308
1076,TC,CTG,PB2,0.7802273488920015,0.06439753524625308
1077,TC,CTG,MP,0.7802273488920015,0.06439753524625308
1078,TC,CTG,PA,0.7802273488920015,0.06439753524625308
1079,TC,CTG,NP,0.7802273488920015,0.06439753524625308
1080,TC,CTT,PB1,1.28073033892839,0.06439753524625308
1081,TC,CTT,NS,1.28073033892839,0.06439753524625308
1082,TC,CTT,NA,1.28073033892839,0.06439753524625308
1083,TC,CTT,HA,1.28073033892839,0.06439753524625308
1084,TC,CTT,PB2,1.28073033892839,0.06439753524625308
1085,TC,CTT,MP,1.28073033892839,0.06439753524625308
1086,TC,CTT,PA,1.28073033892839,0.06439753524625308
1087,TC,CTT,NP,1.28073033892839,0.06439753524625308
1088,TC,GTA,PB1,1.8652708755457161,0.06439753524625308
1089,TC,GTA,NS,1.8652708755457161,0.06439753524625308
1090,TC,GTA,NA,1.8652708755457161,0.06439753524625308
1091,TC,GTA,HA,1.8652708755457161,0.06439753524625308
1092,TC,GTA,PB2,1.8652708755457161,0.06439753524625308
1093,TC,GTA,MP,1.8652708755457161,0.06439753524625308
1094,TC,GTA,PA,1.8652708755457161,0.06439753524625308
1095,TC,GTA,NP,1.8652708755457161,0.06439753524625308
1096,TC,GTC,PB1,1.9772233225256022,0.06439753524625308
1097,TC,GTC,NS,1.9772233225256022,0.06439753524625308
1098,TC,GTC,NA,1.9772233225256022,0.06439753524625308
1099,TC,GTC,HA,1.9772233225256022,0.06439753524625308
1100,TC,GTC,PB2,1.9772233225256022,0.06439753524625308
1101,TC,GTC,MP,1.9772233225256022,0.06439753524625308
1102,TC,GTC,PA,1.9772233225256022,0.06439753524625308
1103,TC,GTC,NP,1.9772233225256022,0.06439753524625308
1104,TC,GTG,PB1,0.7456284995760409,0.06439753524625308
1105,TC,GTG,NS,0.7456284995760409,0.06439753524625308
1106,TC,GTG,NA,0.7456284995760409,0.06439753524625308
1107,TC,GTG,HA,0.7456284995760409,0.06439753524625308
1108,TC,GTG,PB2,0.7456284995760409,0.06439753524625308
1109,TC,GTG,MP,0.7456284995760409,0.06439753524625308
1110,TC,GTG,PA,0.7456284995760409,0.06439753524625308
1111,TC,GTG,NP,0.7456284995760409,0.06439753524625308
1112,TC,GTT,PB1,1.2239368977937137,0.06439753524625308
1113,TC,GTT,NS,1.2239368977937137,0.06439753524625308
1114,TC,GTT,NA,1.2239368977937137,0.06439753524625308
1115,TC,GTT,HA,1.2239368977937137,0.06439753524625308
1116,TC,GTT,PB2,1.2239368977937137,0.06439753524625308
1117,TC,GTT,MP,1.2239368977937137,0.06439753524625308
1118,TC,GTT,PA,1.2239368977937137,0.06439753524625308
1119,TC,GTT,NP,1.2239368977937137,0.06439753524625308
1120,TC,TTA,PB1,1.613547692361047,0.06439753524625308
1121,TC,TTA,NS,1.613547692361047,0.06439753524625308
1122,TC,TTA,NA,1.613547692361047,0.06439753524625308
1123,TC,TTA,HA,1.613547692361047,0.06439753524625308
1124,TC,TTA,PB2,1.613547692361047,0.06439753524625308
1125,TC,TTA,MP,1.613547692361047,0.06439753524625308
1126,TC,TTA,PA,1.613547692361047,0.06439753524625308
1127,TC,TTA,NP,1.613547692361047,0.06439753524625308
1128,TC,TTC,PB1,1.7103918638145459,0.06439753524625308
1129,TC,TTC,NS,1.7103918638145459,0.06439753524625308
1130,TC,TTC,NA,1.7103918638145459,0.06439753524625308
1131,TC,TTC,HA,1.7103918638145459,0.06439753524625308
1132,TC,TTC,PB2,1.7103918638145459,0.06439753524625308
1133,TC,TTC,MP,1.7103918638145459,0.06439753524625308
1134,TC,TTC,PA,1.7103918638145459,0.06439753524625308
1135,TC,TTC,NP,1.7103918638145459,0.06439753524625308
1136,TC,TTG,PB1,0.6450039834013714,0.06439753524625308
1137,TC,TTG,NS,0.6450039834013714,0.06439753524625308
1138,TC,TTG,NA,0.6450039834013714,0.06439753524625308
1139,TC,TTG,HA,0.6450039834013714,0.06439753524625308
1140,TC,TTG,PB2,0.6450039834013714,0.06439753524625308
1141,TC,TTG,MP,0.6450039834013714,0.06439753524625308
1142,TC,TTG,PA,0.6450039834013714,0.06439753524625308
1143,TC,TTG,NP,0.6450039834013714,0.06439753524625308
1144,TC,TTT,PB1,1.0587634122860579,0.06439753524625308
1145,TC,TTT,NS,1.0587634122860579,0.06439753524625308
1146,TC,TTT,NA,1.0587634122860579,0.06439753524625308
1147,TC,TTT,HA,1.0587634122860579,0.06439753524625308
1148,TC,TTT,PB2,1.0587634122860579,0.06439753524625308
1149,TC,TTT,MP,1.0587634122860579,0.06439753524625308
1150,TC,TTT,PA,1.0587634122860579,0.06439753524625308
1151,TC,TTT,NP,1.0587634122860579,0.06439753524625308
1152,TG,ATA,PB1,0.14235066530488538,0.27892844192495464
1153,TG,ATA,NS,0.14235066530488538,0.27892844192495464
1154,TG,ATA,NA,0.14235066530488538,0.27892844192495464
1155,TG,ATA,HA,0.14235066530488538,0.27892844192495464
1156,TG,ATA,PB2,0.14235066530488538,0.27892844192495464
1157,TG,ATA,MP,0.14235066530488538,0.27892844192495464
1158,TG,ATA,PA,0.14235066530488538,0.27892844192495464
1159,TG,ATA,NP,0.14235066530488538,0.27892844192495464
1160,TG,ATC,PB1,0.08888135531324849,0.27892844192495464
1161,TG,ATC,NS,0.08888135531324849,0.27892844192495464
1162,TG,ATC,NA,0.08888135531324849,0.27892844192495464
1163,TG,ATC,HA,0.08888135531324849,0.27892844192495464
1164,TG,ATC,PB2,0.08888135531324849,0.27892844192495464
1165,TG,ATC,MP,0.08888135531324849,0.27892844192495464
1166,TG,ATC,PA,0.08888135531324849,0.27892844192495464
1167,TG,ATC,NP,0.08888135531324849,0.27892844192495464
1168,TG,ATG,PB1,0.18741738088404872,0.27892844192495464
1169,TG,ATG,NS,0.18741738088404872,0.27892844192495464
1170,TG,ATG,NA,0.18741738088404872,0.27892844192495464
1171,TG,ATG,HA,0.18741738088404872,0.27892844192495464
1172,TG,ATG,PB2,0.18741738088404872,0.27892844192495464
1173,TG,ATG,MP,0.18741738088404872,0.27892844192495464
1174,TG,ATG,PA,0.18741738088404872,0.27892844192495464
1175,TG,ATG,NP,0.18741738088404872,0.27892844192495464
1176,TG,ATT,PB1,0.1936357633578382,0.27892844192495464
1177,TG,ATT,NS,0.1936357633578382,0.27892844192495464
1178,TG,ATT,NA,0.1936357633578382,0.27892844192495464
1179,TG,ATT,HA,0.1936357633578382,0.27892844192495464
1180,TG,ATT,PB2,0.1936357633578382,0.27892844192495464
1181,TG,ATT,MP,0.1936357633578382,0.27892844192495464
1182,TG,ATT,PA,0.1936357633578382,0.27892844192495464
1183,TG,ATT,NP,0.1936357633578382,0.27892844192495464
1184,TG,CTA,PB1,0.13057391450282066,0.27892844192495464
1185,TG,CTA,NS,0.13057391450282066,0.27892844192495464
1186,TG,CTA,NA,0.13057391450282066,0.27892844192495464
1187,TG,CTA,HA,0.13057391450282066,0.27892844192495464
1188,TG,CTA,PB2,0.13057391450282066,0.27892844192495464
1189,TG,CTA,MP,0.13057391450282066,0.27892844192495464
1190,TG,CTA,PA,0.13057391450282066,0.27892844192495464
1191,TG,CTA,NP,0.13057391450282066,0.27892844192495464
1192,TG,CTC,PB1,0.08152815067432378,0.27892844192495464
1193,TG,CTC,NS,0.08152815067432378,0.27892844192495464
1194,TG,CTC,NA,0.08152815067432378,0.27892844192495464
1195,TG,CTC,HA,0.08152815067432378,0.27892844192495464
1196,TG,CTC,PB2,0.08152815067432378,0.27892844192495464
1197,TG,CTC,MP,0.08152815067432378,0.27892844192495464
1198,TG,CTC,PA,0.08152815067432378,0.27892844192495464
1199,TG,CTC,NP,0.08152815067432378,0.27892844192495464
1200,TG,CTG,PB1,0.17191223529221183,0.27892844192495464
1201,TG,CTG,NS,0.17191223529221183,0.27892844192495464
1202,TG,CTG,NA,0.17191223529221183,0.27892844192495464
1203,TG,CTG,HA,0.17191223529221183,0.27892844192495464
1204,TG,CTG,PB2,0.17191223529221183,0.27892844192495464
1205,TG,CTG,MP,0.17191223529221183,0.27892844192495464
1206,TG,CTG,PA,0.17191223529221183,0.27892844192495464
1207,TG,CTG,NP,0.17191223529221183,0.27892844192495464
1208,TG,CTT,PB1,0.17761616747784212,0.27892844192495464
1209,TG,CTT,NS,0.17761616747784212,0.27892844192495464
1210,TG,CTT,NA,0.17761616747784212,0.27892844192495464
1211,TG,CTT,HA,0.17761616747784212,0.27892844192495464
1212,TG,CTT,PB2,0.17761616747784212,0.27892844192495464
1213,TG,CTT,MP,0.17761616747784212,0.27892844192495464
1214,TG,CTT,PA,0.17761616747784212,0.27892844192495464
1215,TG,CTT,NP,0.17761616747784212,0.27892844192495464
1216,TG,GTA,PB1,0.2059860941056215,0.27892844192495464
1217,TG,GTA,NS,0.2059860941056215,0.27892844192495464
1218,TG,GTA,NA,0.2059860941056215,0.27892844192495464
1219,TG,GTA,HA,0.2059860941056215,0.27892844192495464
1220,TG,GTA,PB2,0.2059860941056215,0.27892844192495464
1221,TG,GTA,MP,0.2059860941056215,0.27892844192495464
1222,TG,GTA,PA,0.2059860941056215,0.27892844192495464
1223,TG,GTA,NP,0.2059860941056215,0.27892844192495464
1224,TG,GTC,PB1,0.1286142441314017,0.27892844192495464
1225,TG,GTC,NS,0.1286142441314017,0.27892844192495464
1226,TG,GTC,NA,0.1286142441314017,0.27892844192495464
1227,TG,GTC,HA,0.1286142441314017,0.27892844192495464
1228,TG,GTC,PB2,0.1286142441314017,0.27892844192495464
1229,TG,GTC,MP,0.1286142441314017,0.27892844192495464
1230,TG,GTC,PA,0.1286142441314017,0.27892844192495464
1231,TG,GTC,NP,0.1286142441314017,0.27892844192495464
1232,TG,GTG,PB1,0.2711991136334075,0.27892844192495464
1233,TG,GTG,NS,0.2711991136334075,0.27892844192495464
1234,TG,GTG,NA,0.2711991136334075,0.27892844192495464
1235,TG,GTG,HA,0.2711991136334075,0.27892844192495464
1236,TG,GTG,PB2,0.2711991136334075,0.27892844192495464
1237,TG,GTG,MP,0.2711991136334075,0.27892844192495464
1238,TG,GTG,PA,0.2711991136334075,0.27892844192495464
1239,TG,GTG,NP,0.2711991136334075,0.27892844192495464
1240,TG,GTT,PB1,0.280197317573567,0.27892844192495464
1241,TG,GTT,NS,0.280197317573567,0.27892844192495464
1242,TG,GTT,NA,0.280197317573567,0.27892844192495464
1243,TG,GTT,HA,0.280197317573567,0.27892844192495464
1244,TG,GTT,PB2,0.280197317573567,0.27892844192495464
1245,TG,GTT,MP,0.280197317573567,0.27892844192495464
1246,TG,GTT,PA,0.280197317573567,0.27892844192495464
1247,TG,GTT,NP,0.280197317573567,0.27892844192495464
1248,TG,TTA,PB1,0.10724675908913232,0.27892844192495464
1249,TG,TTA,NS,0.10724675908913232,0.27892844192495464
1250,TG,TTA,NA,0.10724675908913232,0.27892844192495464
1251,TG,TTA,HA,0.10724675908913232,0.27892844192495464
1252,TG,TTA,PB2,0.10724675908913232,0.27892844192495464
1253,TG,TTA,MP,0.10724675908913232,0.27892844192495464
1254,TG,TTA,PA,0.10724675908913232,0.27892844192495464
1255,TG,TTA,NP,0.10724675908913232,0.27892844192495464
1256,TG,TTC,PB1,0.06696306814147633,0.27892844192495464
1257,TG,TTC,NS,0.06696306814147633,0.27892844192495464
1258,TG,TTC,NA,0.06696306814147633,0.27892844192495464
1259,TG,TTC,HA,0.06696306814147633,0.27892844192495464
1260,TG,TTC,PB2,0.06696306814147633,0.27892844192495464
1261,TG,TTC,MP,0.06696306814147633,0.27892844192495464
1262,TG,TTC,PA,0.06696306814147633,0.27892844192495464
1263,TG,TTC,NP,0.06696306814147633,0.27892844192495464
1264,TG,TTG,PB1,0.14119994910974196,0.27892844192495464
1265,TG,TTG,NS,0.14119994910974196,0.27892844192495464
1266,TG,TTG,NA,0.14119994910974196,0.27892844192495464
1267,TG,TTG,HA,0.14119994910974196,0.27892844192495464
1268,TG,TTG,PB2,0.14119994910974196,0.27892844192495464
1269,TG,TTG,MP,0.14119994910974196,0.27892844192495464
1270,TG,TTG,PA,0.14119994910974196,0.27892844192495464
1271,TG,TTG,NP,0.14119994910974196,0.27892844192495464
1272,TG,TTT,PB1,0.14588486832429018,0.27892844192495464
1273,TG,TTT,NS,0.14588486832429018,0.27892844192495464
1274,TG,TTT,NA,0.14588486832429018,0.27892844192495464
1275,TG,TTT,HA,0.14588486832429018,0.27892844192495464
1276,TG,TTT,PB2,0.14588486832429018,0.27892844192495464
1277,TG,TTT,MP,0.14588486832429018,0.27892844192495464
1278,TG,TTT,PA,0.14588486832429018,0.27892844192495464
1279,TG,TTT,NP,0.14588486832429018,0.27892844192495464
