mut_type,motif,predicted_rate,tau_squared
AC,AAA,0.21120316146061172,0.33350309558198415
AC,AAC,0.3227245482273183,0.33350309558198415
AC,AAG,0.2599302952933178,0.33350309558198415
AC,AAT,0.33322244313166904,0.33350309558198415
AC,CAA,0.18709719800697158,0.33350309558198415
AC,CAC,0.28588993783910627,0.33350309558198415
AC,CAG,0.2302627933700421,0.33350309558198415
AC,CAT,0.2951896410632079,0.33350309558198415
AC,GAA,0.09380962481453424,0.33350309558198415
AC,GAC,0.14334382391946746,0.33350309558198415
AC,GAG,0.11545264432012169,0.33350309558198415
AC,GAT,0.14800664987107248,0.33350309558198415
AC,TAA,0.14262348034229677,0.33350309558198415
AC,TAC,0.21793280906289622,0.33350309558198415
AC,TAG,0.17552844902867457,0.33350309558198415
AC,TAT,0.22502193735610787,0.33350309558198415
AG,AAA,1.9703559454447728,0.11790890883235414
AG,AAC,2.2267558055495913,0.11790890883235414
AG,AAG,2.079238731801974,0.11790890883235414
AG,AAT,2.204562441096441,0.11790890883235414
AG,CAA,1.100324278107948,0.11790890883235414
AG,CAC,1.2435080473294677,0.11790890883235414
AG,CAG,1.1611287097000407,0.11790890883235414
AG,CAT,1.2311143994826637,0.11790890883235414
AG,GAA,3.0599799862543424,0.11790890883235414
AG,GAC,3.4581712075983893,0.11790890883235414
AG,GAG,3.2290759041116783,0.11790890883235414
AG,GAT,3.423704718834625,0.11790890883235414
AG,TAA,2.6340601205766014,0.11790890883235414
AG,TAC,2.976826942979885,0.11790890883235414
AG,TAG,2.7796195084749264,0.11790890883235414
AG,TAT,2.9471578588823566,0.11790890883235414
AT,AAA,0.208911859812242,0.2311218447868446
AT,AAC,0.16412970912114402,0.2311218447868446
AT,AAG,0.4235377388205511,0.2311218447868446
AT,AAT,0.32101371489656205,0.2311218447868446
AT,CAA,0.27492009114303084,0.2311218447868446
AT,CAC,0.21598847777918218,0.2311218447868446
AT,CAG,0.557359615024766,0.2311218447868446
AT,CAT,0.4224418845193499,0.2311218447868446
AT,GAA,0.1923320780546874,0.2311218447868446
AT,GAC,0.15110395385954628,0.2311218447868446
AT,GAG,0.3899246960663293,0.2311218447868446
AT,GAT,0.29553724200052706,0.2311218447868446
AT,TAA,0.1724372478767105,0.2311218447868446
AT,TAC,0.13547376085345939,0.2311218447868446
AT,TAG,0.34959088545657163,0.2311218447868446
AT,TAT,0.2649668696511141,0.2311218447868446
CA,ACA,1.1617937558938252,0.16931488042646098
CA,ACC,0.6622274245430119,0.16931488042646098
CA,ACG,2.1198875590427564,0.16931488042646098
CA,ACT,1.8129842473911015,0.16931488042646098
CA,CCA,0.9702954817913283,0.16931488042646098
CA,CCC,0.5530725868448502,0.16931488042646098
CA,CCG,1.7704668406160837,0.16931488042646098
CA,CCT,1.514150351452915,0.16931488042646098
CA,GCA,1.2430544355452422,0.16931488042646098
CA,GCC,0.7085463605238406,0.16931488042646098
CA,GCG,2.268161297783818,0.16931488042646098
CA,GCT,1.9397918940951158,0.16931488042646098
CA,TCA,1.0828303672664366,0.16931488042646098
CA,TCC,0.6172179543004438,0.16931488042646098
CA,TCG,1.9758056130675214,0.16931488042646098
CA,TCT,1.6897615333974827,0.16931488042646098
CT,ACA,2.1055764652480318,0.13616254842334544
CT,ACC,4.291311282319553,0.13616254842334544
CT,ACG,6.109142399077091,0.13616254842334544
CT,ACT,3.100657488271103,0.13616254842334544
CT,CCA,1.7399366130730831,0.13616254842334544
CT,CCC,3.5461118327620773,0.13616254842334544
CT,CCG,5.04827096525285,0.13616254842334544
CT,CCT,2.5622187450725544,0.13616254842334544
CT,GCA,1.72955807341343,0.13616254842334544
CT,GCC,3.524959647092001,0.13616254842334544
CT,GCG,5.018158557690476,0.13616254842334544
CT,GCT,2.546935378619638,0.13616254842334544
CT,TCA,1.6745807678935467,0.13616254842334544
CT,TCC,3.4129120746846917,0.13616254842334544
CT,TCG,4.858646807021773,0.13616254842334544
CT,TCT,2.465976174877249,0.13616254842334544
GA,AGA,4.378279932309945,0.13455892346505546
GA,AGC,4.1585839572433505,0.13455892346505546
GA,AGG,4.195008219953238,0.13455892346505546
GA,AGT,5.146300641136255,0.13455892346505546
GA,CGA,7.2402851882047266,0.13455892346505546
GA,CGC,6.8769777846638025,0.13455892346505546
GA,CGG,6.937211952845584,0.13455892346505546
GA,CGT,8.510347643854027,0.13455892346505546
GA,GGA,5.138553705011013,0.13455892346505546
GA,GGC,4.880708253347796,0.13455892346505546
GA,GGG,4.9234574683349335,0.13455892346505546
GA,GGT,6.039938659805913,0.13455892346505546
GA,TGA,3.1647133643442107,0.13455892346505546
GA,TGC,3.005912465558586,0.13455892346505546
GA,TGG,3.032240693256797,0.13455892346505546
GA,TGT,3.719854981347533,0.13455892346505546
GT,AGA,0.6496248564667125,0.2049214879468591
GT,AGC,0.7436670805751677,0.2049214879468591
GT,AGG,0.7151389330028508,0.2049214879468591
GT,AGT,0.9574600373098718,0.2049214879468591
GT,CGA,1.2804800201925415,0.2049214879468591
GT,CGC,1.4658472945919572,0.2049214879468591
GT,CGG,1.4096152668057358,0.2049214879468591
GT,CGT,1.8872560612540508,0.2049214879468591
GT,GGA,0.34216680015217216,0.2049214879468591
GT,GGC,0.39170019866989403,0.2049214879468591
GT,GGG,0.3766740110603551,0.2049214879468591
GT,GGT,0.5043080386759882,0.2049214879468591
GT,TGA,0.6257159516993678,0.2049214879468591
GT,TGC,0.716297029643331,0.2049214879468591
GT,TGG,0.6888188369129595,0.2049214879468591
GT,TGT,0.9222215136870413,0.2049214879468591
TA,ATA,0.25631564259759004,0.26853108775696527
TA,ATC,0.2746694497460985,0.26853108775696527
TA,ATG,0.406159572935149,0.26853108775696527
TA,ATT,0.16848286503682955,0.26853108775696527
TA,CTA,0.3917596677458942,0.26853108775696527
TA,CTC,0.41981211634990107,0.26853108775696527
TA,CTG,0.620785129352009,0.26853108775696527
TA,CTT,0.2575137067671315,0.26853108775696527
TA,GTA,0.22161452624150657,0.26853108775696527
TA,GTC,0.23748351587758007,0.26853108775696527
TA,GTG,0.35117193949723446,0.26853108775696527
TA,GTT,0.1456729286459075,0.26853108775696527
TA,TTA,0.19395786175098903,0.26853108775696527
TA,TTC,0.20784646079799932,0.26853108775696527
TA,TTG,0.30734699411177124,0.26853108775696527
TA,TTT,0.1274934916692875,0.26853108775696527
TC,ATA,3.3280496949317007,0.1055922135847509
TC,ATC,3.4568803878262115,0.1055922135847509
TC,ATG,1.3645097920407223,0.1055922135847509
TC,ATT,2.1975681192738703,0.1055922135847509
TC,CTA,3.197129314079317,0.1055922135847509
TC,CTC,3.32089200471265,0.1055922135847509
TC,CTG,1.310832065436209,0.1055922135847509
TC,CTT,2.1111191532134956,0.1055922135847509
TC,GTA,3.113358430634581,0.1055922135847509
TC,GTC,3.2338783028163127,0.1055922135847509
TC,GTG,1.2764857661840308,0.1055922135847509
TC,GTT,2.0558038064919866,0.1055922135847509
TC,TTA,2.971960678211072,0.1055922135847509
TC,TTC,3.0870069631305133,0.1055922135847509
TC,TTG,1.218512287588367,0.1055922135847509
TC,TTT,1.9624364528325453,0.1055922135847509
TG,ATA,0.20562925615406127,0.26414777868863043
TG,ATC,0.1277411762765331,0.26414777868863043
TG,ATG,0.26419235909311545,0.26414777868863043
TG,ATT,0.3543140664586299,0.26414777868863043
TG,CTA,0.19448518142226787,0.26414777868863043
TG,CTC,0.12081824497104644,0.26414777868863043
TG,CTG,0.24987445779653805,0.26414777868863043
TG,CTT,0.33511202046094213,0.26414777868863043
TG,GTA,0.2626382330759006,0.26414777868863043
TG,GTC,0.16315633998680487,0.26414777868863043
TG,GTG,0.33743746236373895,0.26414777868863043
TG,GTT,0.45254465297930246,0.26414777868863043
TG,TTA,0.17021986791233723,0.26414777868863043
TG,TTC,0.1057441268788473,0.26414777868863043
TG,TTG,0.2186983958867503,0.26414777868863043
TG,TTT,0.2933011319502352,0.26414777868863043
