mut_type,segment,motif,predicted_rate,tau_squared
AC,PB1,AAA,0.199759504040742,0.34086781672218
AC,NS,AAA,0.23357119441400903,0.34086781672218
AC,NA,AAA,0.22339740423625165,0.34086781672218
AC,HA,AAA,0.20162170638065044,0.34086781672218
AC,PB2,AAA,0.19284153498610598,0.34086781672218
AC,MP,AAA,0.2784138721131579,0.34086781672218
AC,PA,AAA,0.21840909197863784,0.34086781672218
AC,NP,AAA,0.21102423175772167,0.34086781672218
AC,PB1,AAC,0.31418586349218947,0.34086781672218
AC,NS,AAC,0.36736558671521474,0.34086781672218
AC,NA,AAC,0.35136403991854703,0.34086781672218
AC,HA,AAC,0.3171147736983441,0.34086781672218
AC,PB2,AAC,0.3033051392358869,0.34086781672218
AC,MP,AAC,0.43789507406984646,0.34086781672218
AC,PA,AAC,0.34351831962827534,0.34086781672218
AC,NP,AAC,0.33190325932654147,0.34086781672218
AC,PB1,AAG,0.24621989519696402,0.34086781672218
AC,NS,AAG,0.28789556364696206,0.34086781672218
AC,NA,AAG,0.2753555367613706,0.34086781672218
AC,HA,AAG,0.24851521159339582,0.34086781672218
AC,PB2,AAG,0.23769293361990224,0.34086781672218
AC,MP,AAG,0.34316782444104055,0.34086781672218
AC,PA,AAG,0.26920703470547386,0.34086781672218
AC,NP,AAG,0.2601045916534159,0.34086781672218
AC,PB1,AAT,0.31262878634931557,0.34086781672218
AC,NS,AAT,0.3655449556028065,0.34086781672218
AC,NA,AAT,0.3496227110461912,0.34086781672218
AC,HA,AAT,0.3155431811374789,0.34086781672218
AC,PB2,AAT,0.30180198599286356,0.34086781672218
AC,MP,AAT,0.43572490510287704,0.34086781672218
AC,PA,AAT,0.3418158734465586,0.34086781672218
AC,NP,AAT,0.33025837634868094,0.34086781672218
AC,PB1,CAA,0.177974462941967,0.34086781672218
AC,NS,CAA,0.20809877399409576,0.34086781672218
AC,NA,CAA,0.1990345001731048,0.34086781672218
AC,HA,CAA,0.17963358030374663,0.34086781672218
AC,PB2,CAA,0.17181094229717767,0.34086781672218
AC,MP,CAA,0.24805107322866932,0.34086781672218
AC,PA,CAA,0.19459019501076028,0.34086781672218
AC,NP,CAA,0.18801070064311814,0.34086781672218
AC,PB1,CAC,0.27992190202662903,0.34086781672218
AC,NS,CAC,0.32730203908428823,0.34086781672218
AC,NA,CAC,0.3130455624723075,0.34086781672218
AC,HA,CAC,0.2825313959951327,0.34086781672218
AC,PB2,CAC,0.27022778977282547,0.34086781672218
AC,MP,CAC,0.39013983843601613,0.34086781672218
AC,PA,CAC,0.306055467749359,0.34086781672218
AC,NP,CAC,0.29570710345417117,0.34086781672218
AC,PB1,CAG,0.21936805371908402,0.34086781672218
AC,NS,CAG,0.2564987261531881,0.34086781672218
AC,NA,CAG,0.2453262687476782,0.34086781672218
AC,HA,CAG,0.2214130513020452,0.34086781672218
AC,PB2,CAG,0.21177101139315374,0.34086781672218
AC,MP,CAG,0.30574319628567365,0.34086781672218
AC,PA,CAG,0.23984829984426817,0.34086781672218
AC,NP,CAG,0.23173853594878188,0.34086781672218
AC,PB1,CAT,0.2785346340235723,0.34086781672218
AC,NS,CAT,0.325679959343941,0.34086781672218
AC,NA,CAT,0.3114941365596778,0.34086781672218
AC,HA,CAT,0.2811311955724959,0.34086781672218
AC,PB2,CAT,0.26888856492627194,0.34086781672218
AC,MP,CAT,0.38820634016145633,0.34086781672218
AC,PA,CAT,0.30453868412330015,0.34086781672218
AC,NP,CAT,0.29424160539943334,0.34086781672218
AC,PB1,GAA,0.08766712359513891,0.34086781672218
AC,NS,GAA,0.1025058350404237,0.34086781672218
AC,NA,GAA,0.09804093147937684,0.34086781672218
AC,HA,GAA,0.08848437593802927,0.34086781672218
AC,PB2,GAA,0.08463108057404478,0.34086781672218
AC,MP,GAA,0.12218564245217249,0.34086781672218
AC,PA,GAA,0.09585174408967352,0.34086781672218
AC,NP,GAA,0.09261079965086558,0.34086781672218
AC,PB1,GAC,0.1378846581487183,0.34086781672218
AC,NS,GAC,0.16122328922380033,0.34086781672218
AC,NA,GAC,0.15420079691499508,0.34086781672218
AC,HA,GAC,0.13917004947102382,0.34086781672218
AC,PB2,GAC,0.13310950713519085,0.34086781672218
AC,MP,GAC,0.19217609577341616,0.34086781672218
AC,PA,GAC,0.15075759788582718,0.34086781672218
AC,NP,GAC,0.14566017370104642,0.34086781672218
AC,PB1,GAG,0.10805688614150714,0.34086781672218
AC,NS,GAG,0.12634680928914793,0.34086781672218
AC,NA,GAG,0.12084345117787984,0.34086781672218
AC,HA,GAG,0.10906421636683097,0.34086781672218
AC,PB2,GAG,0.10431471528432076,0.34086781672218
AC,MP,GAG,0.15060377839650488,0.34086781672218
AC,PA,GAG,0.11814509901562512,0.34086781672218
AC,NP,GAG,0.11415037043490275,0.34086781672218
AC,PB1,GAT,0.1372013140696118,0.34086781672218
AC,NS,GAT,0.16042428096875333,0.34086781672218
AC,NA,GAT,0.1534365915060676,0.34086781672218
AC,HA,GAT,0.1384803351070631,0.34086781672218
AC,PB2,GAT,0.13244982827900137,0.34086781672218
AC,MP,GAT,0.19122368816726376,0.34086781672218
AC,PA,GAT,0.15001045666447038,0.34086781672218
AC,NP,GAT,0.14493829485972615,0.34086781672218
AC,PB1,TAA,0.13149159519117587,0.34086781672218
AC,NS,TAA,0.15374812373353863,0.34086781672218
AC,NA,TAA,0.14705123135769058,0.34086781672218
AC,HA,TAA,0.1327173889646394,0.34086781672218
AC,PB2,TAA,0.12693784546674844,0.34086781672218
AC,MP,TAA,0.18326579425249545,0.34086781672218
AC,PA,TAA,0.14376767726991332,0.34086781672218
AC,NP,TAA,0.13890659666513733,0.34086781672218
AC,PB1,TAC,0.20681268996682659,0.34086781672218
AC,NS,TAC,0.24181821659746253,0.34086781672218
AC,NA,TAC,0.23128520629628077,0.34086781672218
AC,HA,TAC,0.20874064366809547,0.34086781672218
AC,PB2,TAC,0.19965045858180705,0.34086781672218
AC,MP,TAC,0.2882442169262624,0.34086781672218
AC,PA,TAC,0.22612076477773757,0.34086781672218
AC,NP,TAC,0.218475157052334,0.34086781672218
AC,PB1,TAG,0.16207412479683428,0.34086781672218
AC,NS,TAG,0.18950711303668855,0.34086781672218
AC,NA,TAG,0.18125264651283118,0.34086781672218
AC,HA,TAG,0.16358501568477782,0.34086781672218
AC,PB2,TAG,0.15646125653664356,0.34086781672218
AC,MP,TAG,0.22589005149329258,0.34086781672218
AC,PA,TAG,0.1772053980615075,0.34086781672218
AC,NP,TAG,0.17121371940371594,0.34086781672218
AC,PB1,TAT,0.2057877447040948,0.34086781672218
AC,NS,TAT,0.24061978706403503,0.34086781672218
AC,NA,TAT,0.2301389774233265,0.34086781672218
AC,HA,TAT,0.20770614363861703,0.34086781672218
AC,PB2,TAT,0.19866100869960457,0.34086781672218
AC,MP,TAT,0.2868157042721511,0.34086781672218
AC,PA,TAT,0.22500013041675418,0.34086781672218
AC,NP,TAT,0.21739241364195,0.34086781672218
AG,PB1,AAA,2.01476119115733,0.10443202526331377
AG,NS,AAA,2.639227228380476,0.10443202526331377
AG,NA,AAA,2.007779307739569,0.10443202526331377
AG,HA,AAA,1.7231782911578075,0.10443202526331377
AG,PB2,AAA,1.9494591944566733,0.10443202526331377
AG,MP,AAA,2.664042855016656,0.10443202526331377
AG,PA,AAA,2.2712757462130417,0.10443202526331377
AG,NP,AAA,1.937280815542192,0.10443202526331377
AG,PB1,AAC,2.2256489163797277,0.10443202526331377
AG,NS,AAC,2.915478641689891,0.10443202526331377
AG,NA,AAC,2.2179362299674477,0.10443202526331377
AG,HA,AAC,1.9035456476315264,0.10443202526331377
AG,PB2,AAC,2.1535116731014003,0.10443202526331377
AG,MP,AAC,2.942891752868775,0.10443202526331377
AG,PA,AAC,2.509013190022217,0.10443202526331377
AG,NP,AAC,2.140058567118796,0.10443202526331377
AG,PB1,AAG,2.112017936838666,0.10443202526331377
AG,NS,AAG,2.7666282585732462,0.10443202526331377
AG,NA,AAG,2.104699023274147,0.10443202526331377
AG,HA,AAG,1.806359719091937,0.10443202526331377
AG,PB2,AAG,2.043563675882834,0.10443202526331377
AG,MP,AAG,2.7926417875212586,0.10443202526331377
AG,PA,AAG,2.380914987127117,0.10443202526331377
AG,NP,AAG,2.0307974210919983,0.10443202526331377
AG,PB1,AAT,2.2578524339105526,0.10443202526331377
AG,NS,AAT,2.957663492524822,0.10443202526331377
AG,NA,AAT,2.250028150547711,0.10443202526331377
AG,HA,AAT,1.9310885656466192,0.10443202526331377
AG,PB2,AAT,2.184671417303268,0.10443202526331377
AG,MP,AAT,2.9854732514408795,0.10443202526331377
AG,PA,AAT,2.5453167820466858,0.10443202526331377
AG,NP,AAT,2.1710236546831476,0.10443202526331377
AG,PB1,CAA,1.1154561945826995,0.10443202526331377
AG,NS,CAA,1.4611867519233164,0.10443202526331377
AG,NA,CAA,1.111590731448718,0.10443202526331377
AG,HA,CAA,0.9540236866178103,0.10443202526331377
AG,PB2,CAA,1.0793022736822655,0.10443202526331377
AG,MP,CAA,1.474925722365703,0.10443202526331377
AG,PA,CAA,1.257473397759597,0.10443202526331377
AG,NP,CAA,1.0725598129580094,0.10443202526331377
AG,PB1,CAC,1.2322124734375905,0.10443202526331377
AG,NS,CAC,1.6141311066144075,0.10443202526331377
AG,NA,CAC,1.2279424071522111,0.10443202526331377
AG,HA,CAC,1.05388261082289,0.10443202526331377
AG,PB2,CAC,1.192274273700525,0.10443202526331377
AG,MP,CAC,1.6293081533093094,0.10443202526331377
AG,PA,CAC,1.3890948055696568,0.10443202526331377
AG,NP,CAC,1.1848260706725258,0.10443202526331377
AG,PB1,CAG,1.1693016031161463,0.10443202526331377
AG,NS,CAG,1.5317212991185158,0.10443202526331377
AG,NA,CAG,1.1652495459745909,0.10443202526331377
AG,HA,CAG,1.0000764096256725,0.10443202526331377
AG,PB2,CAG,1.1314024566744276,0.10443202526331377
AG,MP,CAG,1.5461234784613436,0.10443202526331377
AG,PA,CAG,1.3181742743616025,0.10443202526331377
AG,NP,CAG,1.1243345232386643,0.10443202526331377
AG,PB1,CAT,1.2500416897609787,0.10443202526331377
AG,NS,CAT,1.6374864071770223,0.10443202526331377
AG,NA,CAT,1.2457098387289274,0.10443202526331377
AG,HA,CAT,1.0691315240199775,0.10443202526331377
AG,PB2,CAT,1.2095256133849173,0.10443202526331377
AG,MP,CAT,1.6528830546749569,0.10443202526331377
AG,PA,CAT,1.4091939948864987,0.10443202526331377
AG,NP,CAT,1.201969640288144,0.10443202526331377
AG,PB1,GAA,3.1199407051904755,0.10443202526331377
AG,NS,GAA,4.086952089513563,0.10443202526331377
AG,NA,GAA,3.109128971090389,0.10443202526331377
AG,HA,GAA,2.668412572407936,0.10443202526331377
AG,PB2,GAA,3.0188178730996107,0.10443202526331377
AG,MP,GAA,4.125380109671403,0.10443202526331377
AG,PA,GAA,3.5171640611418677,0.10443202526331377
AG,NP,GAA,2.9999591516465247,0.10443202526331377
AG,PB1,GAC,3.446509035488934,0.10443202526331377
AG,NS,GAC,4.514738783556121,0.10443202526331377
AG,NA,GAC,3.4345656228454633,0.10443202526331377
AG,HA,GAC,2.947718854373148,0.10443202526331377
AG,PB2,GAC,3.3348015424857556,0.10443202526331377
AG,MP,GAC,4.557189115535062,0.10443202526331377
AG,PA,GAC,3.8853102867807037,0.10443202526331377
AG,NP,GAC,3.3139688536536576,0.10443202526331377
AG,PB1,GAG,3.2705467824949808,0.10443202526331377
AG,NS,GAG,4.284237833216667,0.10443202526331377
AG,NA,GAG,3.2592131433282483,0.10443202526331377
AG,HA,GAG,2.797222440330041,0.10443202526331377
AG,PB2,GAG,3.1645425393433895,0.10443202526331377
AG,MP,GAG,4.3245208544535085,0.10443202526331377
AG,PA,GAG,3.686944942427116,0.10443202526331377
AG,NP,GAG,3.1447734678774646,0.10443202526331377
AG,PB1,GAT,3.4963775090508165,0.10443202526331377
AG,NS,GAT,4.5800637629333,0.10443202526331377
AG,NA,GAT,3.484261283932021,0.10443202526331377
AG,HA,GAT,2.9903701975855173,0.10443202526331377
AG,PB2,GAT,3.3830536900481603,0.10443202526331377
AG,MP,GAT,4.623128320273667,0.10443202526331377
AG,PA,GAT,3.941527894603847,0.10443202526331377
AG,NP,GAT,3.3619195673937377,0.10443202526331377
AG,PB1,TAA,2.6600230521317023,0.10443202526331377
AG,NS,TAA,3.4844850586351757,0.10443202526331377
AG,NA,TAA,2.6508051006841304,0.10443202526331377
AG,HA,TAA,2.2750557224996433,0.10443202526331377
AG,PB2,TAA,2.5738069698801898,0.10443202526331377
AG,MP,TAA,3.5172483157373313,0.10443202526331377
AG,PA,TAA,2.9986907972968497,0.10443202526331377
AG,NP,TAA,2.557728256039416,0.10443202526331377
AG,PB1,TAC,2.938451191886052,0.10443202526331377
AG,NS,TAC,3.849210729753,0.10443202526331377
AG,NA,TAC,2.9282683852385096,0.10443202526331377
AG,HA,TAC,2.5131888214385554,0.10443202526331377
AG,PB2,TAC,2.843210757992565,0.10443202526331377
AG,MP,TAC,3.885403360416388,0.10443202526331377
AG,PA,TAC,3.312567738972509,0.10443202526331377
AG,NP,TAC,2.8254490638555327,0.10443202526331377
AG,PB1,TAG,2.788427940325452,0.10443202526331377
AG,NS,TAG,3.652688455973512,0.10443202526331377
AG,NA,TAG,2.7787650190404753,0.10443202526331377
AG,HA,TAG,2.3848774307919878,0.10443202526331377
AG,PB2,TAG,2.6980500270728376,0.10443202526331377
AG,MP,TAG,3.687033264168502,0.10443202526331377
AG,PA,TAG,3.1434438874048323,0.10443202526331377
AG,NP,TAG,2.6811951600136283,0.10443202526331377
AG,PB1,TAT,2.980968438777489,0.10443202526331377
AG,NS,TAT,3.904906003299141,0.10443202526331377
AG,NA,TAT,2.970638294340066,0.10443202526331377
AG,HA,TAT,2.549552831805975,0.10443202526331377
AG,PB2,TAT,2.884349945226901,0.10443202526331377
AG,MP,TAT,3.9416223149471956,0.10443202526331377
AG,PA,TAT,3.3604981796044333,0.10443202526331377
AG,NP,TAT,2.866331252322315,0.10443202526331377
AT,PB1,AAA,0.16847740049246046,0.21585758681010975
AT,NS,AAA,0.21677941642961707,0.21585758681010975
AT,NA,AAA,0.25174025513573706,0.21585758681010975
AT,HA,AAA,0.19780182461452464,0.21585758681010975
AT,PB2,AAA,0.18608458522659807,0.21585758681010975
AT,MP,AAA,0.26199739422705365,0.21585758681010975
AT,PA,AAA,0.21537215982513563,0.21585758681010975
AT,NP,AAA,0.24299757317817003,0.21585758681010975
AT,PB1,AAC,0.12936553758312075,0.21585758681010975
AT,NS,AAC,0.1664542880018356,0.21585758681010975
AT,NA,AAC,0.19329900236918712,0.21585758681010975
AT,HA,AAC,0.15188232547145258,0.21585758681010975
AT,PB2,AAC,0.1428852316892686,0.21585758681010975
AT,MP,AAC,0.2011749567033258,0.21585758681010975
AT,PA,AAC,0.1653737246347371,0.21585758681010975
AT,NP,AAC,0.18658592543392466,0.21585758681010975
AT,PB1,AAG,0.3437914940407536,0.21585758681010975
AT,NS,AAG,0.4423555873593616,0.21585758681010975
AT,NA,AAG,0.5136959507348796,0.21585758681010975
AT,HA,AAG,0.4036303065541288,0.21585758681010975
AT,PB2,AAG,0.37972035053965003,0.21585758681010975
AT,MP,AAG,0.5346264563248287,0.21585758681010975
AT,PA,AAG,0.43948396867852235,0.21585758681010975
AT,NP,AAG,0.49585581500552034,0.21585758681010975
AT,PB1,AAT,0.26042976173963406,0.21585758681010975
AT,NS,AAT,0.33509427143225984,0.21585758681010975
AT,NA,AAT,0.38913619555881385,0.21585758681010975
AT,HA,AAT,0.30575900331706996,0.21585758681010975
AT,PB2,AAT,0.287646675769729,0.21585758681010975
AT,MP,AAT,0.4049915226345745,0.21585758681010975
AT,PA,AAT,0.3329189559232339,0.21585758681010975
AT,NP,AAT,0.37562189291335923,0.21585758681010975
AT,PB1,CAA,0.2247154972259173,0.21585758681010975
AT,NS,CAA,0.28914082368872723,0.21585758681010975
AT,NA,CAA,0.33577166100172595,0.21585758681010975
AT,HA,CAA,0.2638284733769723,0.21585758681010975
AT,PB2,CAA,0.24819999580385793,0.21585758681010975
AT,MP,CAA,0.34945265384873836,0.21585758681010975
AT,PA,CAA,0.2872638219859697,0.21585758681010975
AT,NP,CAA,0.3241106541400332,0.21585758681010975
AT,PB1,CAC,0.17254801544252224,0.21585758681010975
AT,NS,CAC,0.22201706569773696,0.21585758681010975
AT,NA,CAC,0.2578225999671067,0.21585758681010975
AT,HA,CAC,0.20258095262856013,0.21585758681010975
AT,PB2,CAC,0.1905806107610931,0.21585758681010975
AT,MP,CAC,0.26832756377323924,0.21585758681010975
AT,PA,CAC,0.22057580809516297,0.21585758681010975
AT,NP,CAC,0.24886868438546847,0.21585758681010975
AT,PB1,CAG,0.4585497894648856,0.21585758681010975
AT,NS,CAG,0.5900147763056809,0.21585758681010975
AT,NA,CAG,0.6851686971362944,0.21585758681010975
AT,HA,CAG,0.5383629185139256,0.21585758681010975
AT,PB2,CAG,0.5064717708660021,0.21585758681010975
AT,MP,CAG,0.7130858477872849,0.21585758681010975
AT,PA,CAG,0.5861846055063819,0.21585758681010975
AT,NP,CAG,0.6613734880501937,0.21585758681010975
AT,PB1,CAT,0.34736174246923995,0.21585758681010975
AT,NS,CAT,0.4469494163748483,0.21585758681010975
AT,NA,CAT,0.5190306439795402,0.21585758681010975
AT,HA,CAT,0.4078219764838494,0.21585758681010975
AT,PB2,CAT,0.3836637174008957,0.21585758681010975
AT,MP,CAT,0.5401785112726882,0.21585758681010975
AT,PA,CAT,0.44404797615316166,0.21585758681010975
AT,NP,CAT,0.5010052398021367,0.21585758681010975
AT,PB1,GAA,0.15296340741062758,0.21585758681010975
AT,NS,GAA,0.1968176034093399,0.21585758681010975
AT,NA,GAA,0.2285591248168998,0.21585758681010975
AT,HA,GAA,0.17958753516280093,0.21585758681010975
AT,PB2,GAA,0.16894926049222592,0.21585758681010975
AT,MP,GAA,0.23787175037443117,0.21585758681010975
AT,PA,GAA,0.19553993195492891,0.21585758681010975
AT,NP,GAA,0.22062149984032783,0.21585758681010975
AT,PB1,GAC,0.11745310274482361,0.21585758681010975
AT,NS,GAC,0.15112659025155212,0.21585758681010975
AT,NA,GAC,0.17549934866658287,0.21585758681010975
AT,HA,GAC,0.1378964654111162,0.21585758681010975
AT,PB2,GAC,0.12972785574778375,0.21585758681010975
AT,MP,GAC,0.18265005735533824,0.21585758681010975
AT,PA,GAC,0.15014552896931868,0.21585758681010975
AT,NP,GAC,0.16940443552555662,0.21585758681010975
AT,PB1,GAG,0.3121339610746041,0.21585758681010975
AT,NS,GAG,0.40162192514743567,0.21585758681010975
AT,NA,GAG,0.46639301632010555,0.21585758681010975
AT,HA,GAG,0.36646260474251957,0.21585758681010975
AT,PB2,GAG,0.3447543617833901,0.21585758681010975
AT,MP,GAG,0.48539616715521766,0.21585758681010975
AT,PA,GAG,0.3990147352399392,0.21585758681010975
AT,NP,GAG,0.45019566319230137,0.21585758681010975
AT,PB1,GAT,0.2364484710138618,0.21585758681010975
AT,NS,GAT,0.3042376093899549,0.21585758681010975
AT,NA,GAT,0.35330316259330125,0.21585758681010975
AT,HA,GAT,0.2776036361977784,0.21585758681010975
AT,PB2,GAT,0.26115915563432957,0.21585758681010975
AT,MP,GAT,0.3676984752466851,0.21585758681010975
AT,PA,GAT,0.3022626046030744,0.21585758681010975
AT,NP,GAT,0.34103330458632364,0.21585758681010975
AT,PB1,TAA,0.13912474634890035,0.21585758681010975
AT,NS,TAA,0.17901143557697985,0.21585758681010975
AT,NA,TAA,0.20788128876154047,0.21585758681010975
AT,HA,TAA,0.16334017854268187,0.21585758681010975
AT,PB2,TAA,0.15366435286523394,0.21585758681010975
AT,MP,TAA,0.21635139733499673,0.21585758681010975
AT,PA,TAA,0.17784935557352527,0.21585758681010975
AT,NP,TAA,0.20066178391281714,0.21585758681010975
AT,PB1,TAC,0.10682707324503285,0.21585758681010975
AT,NS,TAC,0.13745410677783176,0.21585758681010975
AT,NA,TAC,0.15962185192495368,0.21585758681010975
AT,HA,TAC,0.1254209166590423,0.21585758681010975
AT,PB2,TAC,0.11799132440117958,0.21585758681010975
AT,MP,TAC,0.16612563311928427,0.21585758681010975
AT,PA,TAC,0.1365618025048428,0.21585758681010975
AT,NP,TAC,0.15407834803001536,0.21585758681010975
AT,PB1,TAG,0.2838950759301974,0.21585758681010975
AT,NS,TAG,0.3652870278595265,0.21585758681010975
AT,NA,TAG,0.42419825233263614,0.21585758681010975
AT,HA,TAG,0.33330858532913465,0.21585758681010975
AT,PB2,TAG,0.31356429585170664,0.21585758681010975
AT,MP,TAG,0.44148218045975746,0.21585758681010975
AT,PA,TAG,0.36291571147279017,0.21585758681010975
AT,NP,TAG,0.409466280264441,0.21585758681010975
AT,PB1,TAT,0.21505688263128545,0.21585758681010975
AT,NS,TAT,0.2767131103620572,0.21585758681010975
AT,NA,TAT,0.3213396832100268,0.21585758681010975
AT,HA,TAT,0.2524887234491939,0.21585758681010975
AT,PB2,TAT,0.23753198166396688,0.21585758681010975
AT,MP,TAT,0.3344326461311443,0.21585758681010975
AT,PA,TAT,0.2749167850535146,0.21585758681010975
AT,NP,TAT,0.310179884197605,0.21585758681010975
CA,PB1,ACA,1.088736387732558,0.16263675484772666
CA,NS,ACA,1.4814714701396523,0.16263675484772666
CA,NA,ACA,1.0628793054846615,0.16263675484772666
CA,HA,ACA,0.9930807298338055,0.16263675484772666
CA,PB2,ACA,1.0857162464518746,0.16263675484772666
CA,MP,ACA,1.3764275460906366,0.16263675484772666
CA,PA,ACA,1.2291750939290782,0.16263675484772666
CA,NP,ACA,1.1223752463118373,0.16263675484772666
CA,PB1,ACC,0.6310519033259527,0.16263675484772666
CA,NS,ACC,0.8586884772922407,0.16263675484772666
CA,NA,ACC,0.6160646565039984,0.16263675484772666
CA,HA,ACC,0.5756081010786341,0.16263675484772666
CA,PB2,ACC,0.6293013731471482,0.16263675484772666
CA,MP,ACC,0.7978030609960037,0.16263675484772666
CA,PA,ACC,0.7124527950794838,0.16263675484772666
CA,NP,ACC,0.6505496127543817,0.16263675484772666
CA,PB1,ACG,1.9779250269086097,0.16263675484772666
CA,NS,ACG,2.6914132111841442,0.16263675484772666
CA,NA,ACG,1.9309500468517187,0.16263675484772666
CA,HA,ACG,1.8041458441283,0.16263675484772666
CA,PB2,ACG,1.972438287334943,0.16263675484772666
CA,MP,ACG,2.5005782132523287,0.16263675484772666
CA,PA,ACG,2.233062298761231,0.16263675484772666
CA,NP,ACG,2.039037286047082,0.16263675484772666
CA,PB1,ACT,1.7474630927197077,0.16263675484772666
CA,NS,ACT,2.3778177584179145,0.16263675484772666
CA,NA,ACT,1.705961497455018,0.16263675484772666
CA,HA,ACT,1.593932142830162,0.16263675484772666
CA,PB2,ACT,1.7426156517025257,0.16263675484772666
CA,MP,ACT,2.2092182861688094,0.16263675484772666
CA,PA,ACT,1.9728725294143226,0.16263675484772666
CA,NP,ACT,1.8014547334059636,0.16263675484772666
CA,PB1,CCA,0.93558412967879,0.16263675484772666
CA,NS,CCA,1.2730732725129028,0.16263675484772666
CA,NA,CCA,0.91336435631261,0.16263675484772666
CA,HA,CCA,0.8533843277318379,0.16263675484772666
CA,PB2,CCA,0.9329888308686899,0.16263675484772666
CA,MP,CCA,1.1828058493177258,0.16263675484772666
CA,PA,CCA,1.0562673604319468,0.16263675484772666
CA,NP,CCA,0.9644910189698036,0.16263675484772666
CA,PB1,CCC,0.5422819999476167,0.16263675484772666
CA,NS,CCC,0.7378969976063768,0.16263675484772666
CA,NA,CCC,0.5294030051494346,0.16263675484772666
CA,HA,CCC,0.49463746261413816,0.16263675484772666
CA,PB2,CCC,0.5407777163834161,0.16263675484772666
CA,MP,CCC,0.6855763166247483,0.16263675484772666
CA,PA,CCC,0.6122322499111665,0.16263675484772666
CA,NP,CCC,0.5590369717772234,0.16263675484772666
CA,PB1,CCG,1.6996908395099566,0.16263675484772666
CA,NS,CCG,2.312812830694383,0.16263675484772666
CA,NA,CCG,1.6593238174021214,0.16263675484772666
CA,HA,CCG,1.5503571281453414,0.16263675484772666
CA,PB2,CCG,1.6949759181326214,0.16263675484772666
CA,MP,CCG,2.1488225411587045,0.16263675484772666
CA,PA,CCG,1.9189380191986836,0.16263675484772666
CA,NP,CCG,1.7522064534115442,0.16263675484772666
CA,PB1,CCT,1.5016479242995397,0.16263675484772666
CA,NS,CCT,2.043330766851038,0.16263675484772666
CA,NA,CCT,1.4659843474011307,0.16263675484772666
CA,HA,CCT,1.3697141322910624,0.16263675484772666
CA,PB2,CCT,1.4974823715208045,0.16263675484772666
CA,MP,CCT,1.8984481375150275,0.16263675484772666
CA,PA,CCT,1.6953490754942047,0.16263675484772666
CA,NP,CCT,1.5480445752524692,0.16263675484772666
CA,PB1,GCA,1.1627558287497972,0.16263675484772666
CA,NS,GCA,1.5821916181371871,0.16263675484772666
CA,NA,GCA,1.1351408124456028,0.16263675484772666
CA,HA,GCA,1.0605968717902432,0.16263675484772666
CA,PB2,GCA,1.1595303584547556,0.16263675484772666
CA,MP,GCA,1.470006119113757,0.16263675484772666
CA,PA,GCA,1.3127424793771088,0.16263675484772666
CA,NP,GCA,1.1986816775836064,0.16263675484772666
CA,PB1,GCC,0.6739549509905322,0.16263675484772666
CA,NS,GCC,0.9170677523980244,0.16263675484772666
CA,NA,GCC,0.6579487728233523,0.16263675484772666
CA,HA,GCC,0.6147417153923509,0.16263675484772666
CA,PB2,GCC,0.6720854082878708,0.16263675484772666
CA,MP,GCC,0.8520429461345473,0.16263675484772666
CA,PA,GCC,0.7608900093006249,0.16263675484772666
CA,NP,GCC,0.6947782425977792,0.16263675484772666
CA,PB1,GCG,2.1123973440970634,0.16263675484772666
CA,NS,GCG,2.8743931351427436,0.16263675484772666
CA,NA,GCG,2.062228696771598,0.16263675484772666
CA,HA,GCG,1.9268035125966714,0.16263675484772666
CA,PB2,GCG,2.1065375799778536,0.16263675484772666
CA,MP,GCG,2.6705839223021592,0.16263675484772666
CA,PA,GCG,2.3848805212193023,0.16263675484772666
CA,NP,GCG,2.1776644154671274,0.16263675484772666
CA,PB1,GCT,1.8662670959465588,0.16263675484772666
CA,NS,GCT,2.5394774065220007,0.16263675484772666
CA,NA,GCT,1.8219439500131955,0.16263675484772666
CA,HA,GCT,1.7022981050236485,0.16263675484772666
CA,PB2,GCT,1.8610900940930728,0.16263675484772666
CA,MP,GCT,2.3594154362501456,0.16263675484772666
CA,PA,GCT,2.1070013446821254,0.16263675484772666
CA,NP,GCT,1.9239294425155524,0.16263675484772666
CA,PB1,TCA,1.0413063686880415,0.16263675484772666
CA,NS,TCA,1.4169322292045985,0.16263675484772666
CA,NA,TCA,1.0165757316634993,0.16263675484772666
CA,HA,TCA,0.9498178808471416,0.16263675484772666
CA,PB2,TCA,1.0384177976938609,0.16263675484772666
CA,MP,TCA,1.316464468287718,0.16263675484772666
CA,PA,TCA,1.1756269634807897,0.16263675484772666
CA,NP,TCA,1.0734797745452218,0.16263675484772666
CA,PB1,TCC,0.603560580237943,0.16263675484772666
CA,NS,TCC,0.8212803302970819,0.16263675484772666
CA,NA,TCC,0.5892262420632974,0.16263675484772666
CA,HA,TCC,0.5505321474281863,0.16263675484772666
CA,PB2,TCC,0.6018863106495388,0.16263675484772666
CA,MP,TCC,0.7630473434474974,0.16263675484772666
CA,PA,TCC,0.6814153005861523,0.16263675484772666
CA,NP,TCC,0.6222088859540181,0.16263675484772666
CA,PB1,TCG,1.8917581432148631,0.16263675484772666
CA,NS,TCG,2.5741637270101254,0.16263675484772666
CA,NA,TCG,1.8468295944372226,0.16263675484772666
CA,HA,TCG,1.7255495257630222,0.16263675484772666
CA,PB2,TCG,1.8865104295113735,0.16263675484772666
CA,MP,TCG,2.391642318748181,0.16263675484772666
CA,PA,TCG,2.13578054300177,0.16263675484772666
CA,NP,TCG,1.9502080906611288,0.16263675484772666
CA,PB1,TCT,1.6713361177226664,0.16263675484772666
CA,NS,TCT,2.2742298349895167,0.16263675484772666
CA,NA,TCT,1.6316425096585163,0.16263675484772666
CA,HA,TCT,1.5244936334334576,0.16263675484772666
CA,PB2,TCT,1.6666998519930498,0.16263675484772666
CA,MP,TCT,2.112975277698498,0.16263675484772666
CA,PA,TCT,1.8869257541463405,0.16263675484772666
CA,NP,TCT,1.7229756513471506,0.16263675484772666
CT,PB1,ACA,1.9855476696837808,0.12532327212318017
CT,NS,ACA,2.786986414326567,0.12532327212318017
CT,NA,ACA,2.3656783660062697,0.12532327212318017
CT,HA,ACA,1.918116861684294,0.12532327212318017
CT,PB2,ACA,2.0009864823170296,0.12532327212318017
CT,MP,ACA,2.7153546497154455,0.12532327212318017
CT,PA,ACA,2.26211108540552,0.12532327212318017
CT,NP,ACA,2.0670840312772536,0.12532327212318017
CT,PB1,ACC,4.125569501349294,0.12532327212318017
CT,NS,ACC,5.790798341019771,0.12532327212318017
CT,NA,ACC,4.915404785195433,0.12532327212318017
CT,HA,ACC,3.9854618176197327,0.12532327212318017
CT,PB2,ACC,4.157648254989554,0.12532327212318017
CT,MP,ACC,5.6419619127034775,0.12532327212318017
CT,PA,ACC,4.700212765024905,0.12532327212318017
CT,NP,ACC,4.29498569405878,0.12532327212318017
CT,PB1,ACG,5.760441162566084,0.12532327212318017
CT,NS,ACG,8.08556324570944,0.12532327212318017
CT,NA,ACG,6.863270645677768,0.12532327212318017
CT,HA,ACG,5.564811912281101,0.12532327212318017
CT,PB2,ACG,5.805232014556999,0.12532327212318017
CT,MP,ACG,7.877746243018764,0.12532327212318017
CT,PA,ACG,6.562802802282901,0.12532327212318017
CT,NP,ACG,5.996993233684938,0.12532327212318017
CT,PB1,ACT,2.9378159831380004,0.12532327212318017
CT,NS,ACT,4.123624608872283,0.12532327212318017
CT,NA,ACT,3.5002572946152704,0.12532327212318017
CT,HA,ACT,2.8380453714717735,0.12532327212318017
CT,PB2,ACT,2.9606592475970475,0.12532327212318017
CT,MP,ACT,4.017638262541728,0.12532327212318017
CT,PA,ACT,3.3470191644385845,0.12532327212318017
CT,NP,ACT,3.058457169423078,0.12532327212318017
CT,PB1,CCA,1.6194014147555946,0.12532327212318017
CT,NS,CCA,2.2730503080713476,0.12532327212318017
CT,NA,CCA,1.9294338540748206,0.12532327212318017
CT,HA,CCA,1.5644052303074656,0.12532327212318017
CT,PB2,CCA,1.6319932227500165,0.12532327212318017
CT,MP,CCA,2.2146278472441217,0.12532327212318017
CT,PA,CCA,1.8449649675867144,0.12532327212318017
CT,NP,CCA,1.6859020086897214,0.12532327212318017
CT,PB1,CCC,3.3647910796428224,0.12532327212318017
CT,NS,CCC,4.722942273909371,0.12532327212318017
CT,NA,CCC,4.008976256162925,0.12532327212318017
CT,HA,CCC,3.2505200476680947,0.12532327212318017
CT,PB2,CCC,3.3909543291189257,0.12532327212318017
CT,MP,CCC,4.601552127370627,0.12532327212318017
CT,PA,CCC,3.8334668653640795,0.12532327212318017
CT,NP,CCC,3.5029659652651564,0.12532327212318017
CT,PB1,CCG,4.698183131388396,0.12532327212318017
CT,NS,CCG,6.594539511248817,0.12532327212318017
CT,NA,CCG,5.597644601114615,0.12532327212318017
CT,HA,CCG,4.538629024722434,0.12532327212318017
CT,PB2,CCG,4.734714296159549,0.12532327212318017
CT,MP,CCG,6.425045142865734,0.12532327212318017
CT,PA,CCG,5.352584732690653,0.12532327212318017
CT,NP,CCG,4.891113658558386,0.12532327212318017
CT,PB1,CCT,2.396066048690212,0.12532327212318017
CT,NS,CCT,3.3632048363725606,0.12532327212318017
CT,NA,CCT,2.8547899914240276,0.12532327212318017
CT,HA,CCT,2.3146937038454016,0.12532327212318017
CT,PB2,CCT,2.414696885585963,0.12532327212318017
CT,MP,CCT,3.2767629735993484,0.12532327212318017
CT,PA,CCT,2.7298098418201913,0.12532327212318017
CT,NP,CCT,2.494460315788802,0.12532327212318017
CT,PB1,GCA,1.610672230920004,0.12532327212318017
CT,NS,GCA,2.260797710397969,0.12532327212318017
CT,NA,GCA,1.919033478567323,0.12532327212318017
CT,HA,GCA,1.5559724966292787,0.12532327212318017
CT,PB2,GCA,1.6231961643245905,0.12532327212318017
CT,MP,GCA,2.2026901686488927,0.12532327212318017
CT,PA,GCA,1.8350199112062868,0.12532327212318017
CT,NP,GCA,1.6768143615945974,0.12532327212318017
CT,PB1,GCC,3.3466535878295347,0.12532327212318017
CT,NS,GCC,4.697483835391174,0.12532327212318017
CT,NA,GCC,3.9873663635114207,0.12532327212318017
CT,HA,GCC,3.232998519775859,0.12532327212318017
CT,PB2,GCC,3.3726758075323326,0.12532327212318017
CT,MP,GCC,4.576748027483551,0.12532327212318017
CT,PA,GCC,3.8128030344630446,0.12532327212318017
CT,NP,GCC,3.4840836587523945,0.12532327212318017
CT,PB1,GCG,4.6728581539779315,0.12532327212318017
CT,NS,GCG,6.558992458380865,0.12532327212318017
CT,NA,GCG,5.567471187454356,0.12532327212318017
CT,HA,GCG,4.514164104068819,0.12532327212318017
CT,PB2,GCG,4.709192402005583,0.12532327212318017
CT,MP,GCG,6.390411728510897,0.12532327212318017
CT,PA,GCG,5.323732284062724,0.12532327212318017
CT,NP,GCG,4.864748712907917,0.12532327212318017
CT,PB1,GCT,2.3831503498210775,0.12532327212318017
CT,NS,GCT,3.3450758950082147,0.12532327212318017
CT,NA,GCT,2.839401597650823,0.12532327212318017
CT,HA,GCT,2.302216632577065,0.12532327212318017
CT,PB2,GCT,2.4016807594856355,0.12532327212318017
CT,MP,GCT,3.2590999864476906,0.12532327212318017
CT,PA,GCT,2.7150951381473845,0.12532327212318017
CT,NP,GCT,2.4810142347438546,0.12532327212318017
CT,PB1,TCA,1.5700075719252569,0.12532327212318017
CT,NS,TCA,2.2037193264880863,0.12532327212318017
CT,NA,TCA,1.8705836198639978,0.12532327212318017
CT,HA,TCA,1.51668884240964,0.12532327212318017
CT,PB2,TCA,1.582215313449587,0.12532327212318017
CT,MP,TCA,2.1470788264653704,0.12532327212318017
CT,PA,TCA,1.788691143934281,0.12532327212318017
CT,NP,TCA,1.634479811521184,0.12532327212318017
CT,PB1,TCC,3.262160588999535,0.12532327212318017
CT,NS,TCC,4.578886410891957,0.12532327212318017
CT,NA,TCC,3.886697282399429,0.12532327212318017
CT,HA,TCC,3.151374971661346,0.12532327212318017
CT,PB2,TCC,3.287525825443923,0.12532327212318017
CT,MP,TCC,4.461198821214442,0.12532327212318017
CT,PA,TCC,3.7165411555815684,0.12532327212318017
CT,NP,TCC,3.396120961455867,0.12532327212318017
CT,PB1,TCG,4.554882454320032,0.12532327212318017
CT,NS,TCG,6.393397505820697,0.12532327212318017
CT,NA,TCG,5.4269091829976235,0.12532327212318017
CT,HA,TCG,4.400194954781732,0.12532327212318017
CT,PB2,TCG,4.590299371200159,0.12532327212318017
CT,MP,TCG,6.229072935435972,0.12532327212318017
CT,PA,TCG,5.189323958299834,0.12532327212318017
CT,NP,TCG,4.741928350261856,0.12532327212318017
CT,PB1,TCT,2.3229829275185696,0.12532327212318017
CT,NS,TCT,3.2606227282057048,0.12532327212318017
CT,NA,TCT,2.7677151952276184,0.12532327212318017
CT,HA,TCT,2.2440925446971196,0.12532327212318017
CT,PB2,TCT,2.341045499732666,0.12532327212318017
CT,MP,TCT,3.1768174543256955,0.12532327212318017
CT,PA,TCT,2.646547102233215,0.12532327212318017
CT,NP,TCT,2.4183760418948075,0.12532327212318017
GA,PB1,AGA,4.23710946614855,0.12967787312032694
GA,NS,AGA,6.4493873833604285,0.12967787312032694
GA,NA,AGA,4.1203743385552665,0.12967787312032694
GA,HA,AGA,4.057341064645116,0.12967787312032694
GA,PB2,AGA,4.205315516254189,0.12967787312032694
GA,MP,AGA,5.708782907834828,0.12967787312032694
GA,PA,AGA,4.6959623123220515,0.12967787312032694
GA,NP,AGA,4.7359194121406905,0.12967787312032694
GA,PB1,AGC,3.991019804952033,0.12967787312032694
GA,NS,AGC,6.074809485674219,0.12967787312032694
GA,NA,AGC,3.881064607929029,0.12967787312032694
GA,HA,AGC,3.821692281923242,0.12967787312032694
GA,PB2,AGC,3.9610724352369457,0.12967787312032694
GA,MP,AGC,5.377219028530444,0.12967787312032694
GA,PA,AGC,4.423222657219068,0.12967787312032694
GA,NP,AGC,4.460859064302405,0.12967787312032694
GA,PB1,AGG,4.036968992724966,0.12967787312032694
GA,NS,AGG,6.144749645178238,0.12967787312032694
GA,NA,AGG,3.925747865628564,0.12967787312032694
GA,HA,AGG,3.8656919774533356,0.12967787312032694
GA,PB2,AGG,4.006676834614533,0.12967787312032694
GA,MP,AGG,5.439127728289729,0.12967787312032694
GA,PA,AGG,4.474147858889545,0.12967787312032694
GA,NP,AGG,4.512217579366624,0.12967787312032694
GA,PB1,AGT,5.013330731487025,0.12967787312032694
GA,NS,AGT,7.630888988491372,0.12967787312032694
GA,NA,AGT,4.875210202082947,0.12967787312032694
GA,HA,AGT,4.800629488102186,0.12967787312032694
GA,PB2,AGT,4.97571225895187,0.12967787312032694
GA,MP,AGT,6.754608777490764,0.12967787312032694
GA,PA,AGT,5.556243557631898,0.12967787312032694
GA,NP,AGT,5.603520636041666,0.12967787312032694
GA,PB1,CGA,6.935876092336014,0.12967787312032694
GA,NS,CGA,10.55723297211006,0.12967787312032694
GA,NA,CGA,6.744788185101458,0.12967787312032694
GA,HA,CGA,6.641606763656504,0.12967787312032694
GA,PB2,CGA,6.883831438140739,0.12967787312032694
GA,MP,CGA,9.344911006696156,0.12967787312032694
GA,PA,CGA,7.6869887343627035,0.12967787312032694
GA,NP,CGA,7.752395940753119,0.12967787312032694
GA,PB1,CGC,6.533043120636681,0.12967787312032694
GA,NS,CGC,9.944073008687914,0.12967787312032694
GA,NA,CGC,6.3530535243440065,0.12967787312032694
GA,HA,CGC,6.255864839515376,0.12967787312032694
GA,PB2,CGC,6.484021199608989,0.12967787312032694
GA,MP,CGC,8.802162229039524,0.12967787312032694
GA,PA,CGC,7.240531434079575,0.12967787312032694
GA,NP,CGC,7.3021398154953205,0.12967787312032694
GA,PB1,CGG,6.6082589902012305,0.12967787312032694
GA,NS,CGG,10.058560558295417,0.12967787312032694
GA,NA,CGG,6.426197147675409,0.12967787312032694
GA,HA,CGG,6.327889515473214,0.12967787312032694
GA,PB2,CGG,6.5586726727123885,0.12967787312032694
GA,MP,CGG,8.90350279481876,0.12967787312032694
GA,PA,CGG,7.323892718838809,0.12967787312032694
GA,NP,CGG,7.386210406453072,0.12967787312032694
GA,PB1,CGT,8.206500455392105,0.12967787312032694
GA,NS,CGT,12.491275224630195,0.12967787312032694
GA,NA,CGT,7.9804060187465184,0.12967787312032694
GA,HA,CGT,7.858322179473254,0.12967787312032694
GA,PB2,CGT,8.144921431679993,0.12967787312032694
GA,MP,CGT,11.056860793229902,0.12967787312032694
GA,PA,CGT,9.095213886367878,0.12967787312032694
GA,NP,CGT,9.17260342762886,0.12967787312032694
GA,PB1,GGA,5.003187775547155,0.12967787312032694
GA,NS,GGA,7.615450196411251,0.12967787312032694
GA,NA,GGA,4.865346691190525,0.12967787312032694
GA,HA,GGA,4.790916868690177,0.12967787312032694
GA,PB2,GGA,4.965645412594607,0.12967787312032694
GA,MP,GGA,6.7409428729473335,0.12967787312032694
GA,PA,GGA,5.545002182064495,0.12967787312032694
GA,NP,GGA,5.592183609628755,0.12967787312032694
GA,PB1,GGC,4.712604585657061,0.12967787312032694
GA,NS,GGC,7.1731478264426745,0.12967787312032694
GA,NA,GGC,4.582769257587659,0.12967787312032694
GA,HA,GGC,4.512662290078044,0.12967787312032694
GA,PB2,GGC,4.67724266846673,0.12967787312032694
GA,MP,GGC,6.349431546416379,0.12967787312032694
GA,PA,GGC,5.222950623278933,0.12967787312032694
GA,NP,GGC,5.267391771976948,0.12967787312032694
GA,PB1,GGG,4.766861483289406,0.12967787312032694
GA,NS,GGG,7.255733313989305,0.12967787312032694
GA,NA,GGG,4.635531342324908,0.12967787312032694
GA,HA,GGG,4.564617223166913,0.12967787312032694
GA,PB2,GGG,4.731092439236167,0.12967787312032694
GA,MP,GGG,6.422533469392474,0.12967787312032694
GA,PA,GGG,5.2830832085946025,0.12967787312032694
GA,NP,GGG,5.328036014659948,0.12967787312032694
GA,PB1,GGT,5.919751479385399,0.12967787312032694
GA,NS,GGT,9.010569778477116,0.12967787312032694
GA,NA,GGT,5.756658467560352,0.12967787312032694
GA,HA,GGT,5.668593403520527,0.12967787312032694
GA,PB2,GGT,5.875331507839625,0.12967787312032694
GA,MP,GGT,7.975856261005199,0.12967787312032694
GA,PA,GGT,6.5608240871754555,0.12967787312032694
GA,NP,GGT,6.616648960866609,0.12967787312032694
GA,PB1,TGA,3.023810140434406,0.12967787312032694
GA,NS,TGA,4.602600693987185,0.12967787312032694
GA,NA,TGA,2.9405022001082073,0.12967787312032694
GA,HA,TGA,2.8955185492591897,0.12967787312032694
GA,PB2,TGA,3.0011204108290905,0.12967787312032694
GA,MP,TGA,4.074068839656542,0.12967787312032694
GA,PA,TGA,3.3512701459668612,0.12967787312032694
GA,NP,TGA,3.379785501677927,0.12967787312032694
GA,PB1,TGC,2.848188429707519,0.12967787312032694
GA,NS,TGC,4.335283445175173,0.12967787312032694
GA,NA,TGC,2.7697189819842714,0.12967787312032694
GA,HA,TGC,2.7273479639891507,0.12967787312032694
GA,PB2,TGC,2.826816510726598,0.12967787312032694
GA,MP,TGC,3.83744851430212,0.12967787312032694
GA,PA,TGC,3.156629686146824,0.12967787312032694
GA,NP,TGC,3.183488881146938,0.12967787312032694
GA,PB1,TGG,2.8809800347020476,0.12967787312032694
GA,NS,TGG,4.385196189988936,0.12967787312032694
GA,NA,TGG,2.8016071568872225,0.12967787312032694
GA,HA,TGG,2.7587483152387158,0.12967787312032694
GA,PB2,TGG,2.859362057729356,0.12967787312032694
GA,MP,TGG,3.8816296136125894,0.12967787312032694
GA,PA,TGG,3.1929724199008396,0.12967787312032694
GA,NP,TGG,3.220140848694522,0.12967787312032694
GA,PB1,TGT,3.5777598913443858,0.12967787312032694
GA,NS,TGT,5.4457784695620814,0.12967787312032694
GA,NA,TGT,3.4791902743092478,0.12967787312032694
GA,HA,TGT,3.425965801111756,0.12967787312032694
GA,PB2,TGT,3.5509134953217565,0.12967787312032694
GA,MP,TGT,4.8204217236354365,0.12967787312032694
GA,PA,TGT,3.965209241469628,0.12967787312032694
GA,NP,TGT,3.9989484946675193,0.12967787312032694
GT,PB1,AGA,0.6001589119814051,0.19628364687343294
GT,NS,AGA,0.8373866156477066,0.19628364687343294
GT,NA,AGA,0.6501543748247172,0.19628364687343294
GT,HA,AGA,0.5934737557956763,0.19628364687343294
GT,PB2,AGA,0.6606994506732135,0.19628364687343294
GT,MP,AGA,0.7634971321916236,0.19628364687343294
GT,PA,AGA,0.6972194284121939,0.19628364687343294
GT,NP,AGA,0.6558286488991804,0.19628364687343294
GT,PB1,AGC,0.6450393292381909,0.19628364687343294
GT,NS,AGC,0.900007131589793,0.19628364687343294
GT,NA,AGC,0.6987734972620127,0.19628364687343294
GT,HA,AGC,0.6378542511266979,0.19628364687343294
GT,PB2,AGC,0.7101071432619085,0.19628364687343294
GT,MP,AGC,0.8205921268389431,0.19628364687343294
GT,PA,AGC,0.7493581174193588,0.19628364687343294
GT,NP,AGC,0.7048720985988179,0.19628364687343294
GT,PB1,AGG,0.6555648964511946,0.19628364687343294
GT,NS,AGG,0.9146931904490552,0.19628364687343294
GT,NA,AGG,0.7101758832541714,0.19628364687343294
GT,HA,AGG,0.6482625742909046,0.19628364687343294
GT,PB2,AGG,0.7216944684466606,0.19628364687343294
GT,MP,AGG,0.8339823143732533,0.19628364687343294
GT,PA,AGG,0.7615859287697498,0.19628364687343294
GT,NP,AGG,0.716373999822632,0.19628364687343294
GT,PB1,AGT,0.8854571861350289,0.19628364687343294
GT,NS,AGT,1.2354561126995751,0.19628364687343294
GT,NA,AGT,0.9592190531422276,0.19628364687343294
GT,HA,AGT,0.875594099097721,0.19628364687343294
GT,PB2,AGT,0.9747769545613092,0.19628364687343294
GT,MP,AGT,1.126441695351356,0.19628364687343294
GT,PA,AGT,1.0286574786706861,0.19628364687343294
GT,NP,AGT,0.96759071380581,0.19628364687343294
GT,PB1,CGA,1.1986964394782726,0.19628364687343294
GT,NS,CGA,1.6725109543566472,0.19628364687343294
GT,NA,CGA,1.2985522978250088,0.19628364687343294
GT,HA,CGA,1.185344187670942,0.19628364687343294
GT,PB2,CGA,1.3196139610299908,0.19628364687343294
GT,MP,CGA,1.524931606678078,0.19628364687343294
GT,PA,CGA,1.392555254430126,0.19628364687343294
GT,NP,CGA,1.309885516400781,0.19628364687343294
GT,PB1,CGC,1.28833602541793,0.19628364687343294
GT,NS,CGC,1.7975828111591285,0.19628364687343294
GT,NA,CGC,1.3956591936698715,0.19628364687343294
GT,HA,CGC,1.2739852803441205,0.19628364687343294
GT,PB2,CGC,1.4182958667828807,0.19628364687343294
GT,MP,CGC,1.638967348594868,0.19628364687343294
GT,PA,CGC,1.4966917749820194,0.19628364687343294
GT,NP,CGC,1.4078399204112122,0.19628364687343294
GT,PB1,CGG,1.3093587240562996,0.19628364687343294
GT,NS,CGG,1.8269152531392807,0.19628364687343294
GT,NA,CGG,1.4184331610599967,0.19628364687343294
GT,HA,CGG,1.2947738076304744,0.19628364687343294
GT,PB2,CGG,1.441439212927959,0.19628364687343294
GT,MP,CGG,1.6657115488406542,0.19628364687343294
GT,PA,CGG,1.5211143631261075,0.19628364687343294
GT,NP,CGG,1.4308126494150994,0.19628364687343294
GT,PB1,CGT,1.7685222282650945,0.19628364687343294
GT,NS,CGT,2.467574527112134,0.19628364687343294
GT,NA,CGT,1.915846687813466,0.19628364687343294
GT,HA,CGT,1.7488227002270078,0.19628364687343294
GT,PB2,CGT,1.9469204595504168,0.19628364687343294
GT,MP,CGT,2.2498402048878936,0.19628364687343294
GT,PA,CGT,2.054535944579046,0.19628364687343294
GT,NP,CGT,1.932567392329585,0.19628364687343294
GT,PB1,GGA,0.3162968490857353,0.19628364687343294
GT,NS,GGA,0.4413210279949048,0.19628364687343294
GT,NA,GGA,0.3426455494886254,0.19628364687343294
GT,HA,GGA,0.31277362582773005,0.19628364687343294
GT,PB2,GGA,0.3482030346774029,0.19628364687343294
GT,MP,GGA,0.4023796570827026,0.19628364687343294
GT,PA,GGA,0.3674498602379615,0.19628364687343294
GT,NP,GGA,0.34563601580474873,0.19628364687343294
GT,PB1,GGC,0.3399498087945369,0.19628364687343294
GT,NS,GGC,0.47432340700684655,0.19628364687343294
GT,NA,GGC,0.36826888844973477,0.19628364687343294
GT,HA,GGC,0.3361631157675232,0.19628364687343294
GT,PB2,GGC,0.3742419673241035,0.19628364687343294
GT,MP,GGC,0.4324699657409427,0.19628364687343294
GT,PA,GGC,0.3949280876194091,0.19628364687343294
GT,NP,GGC,0.37148298449688527,0.19628364687343294
GT,PB1,GGG,0.3454970125065038,0.19628364687343294
GT,NS,GGG,0.4820632806468738,0.19628364687343294
GT,NA,GGG,0.3742781948007348,0.19628364687343294
GT,HA,GGG,0.3416485293061406,0.19628364687343294
GT,PB2,GGG,0.3803487406671317,0.19628364687343294
GT,MP,GGG,0.4395268869016847,0.19628364687343294
GT,PA,GGG,0.40137241115461203,0.19628364687343294
GT,NP,GGG,0.37754473754755147,0.19628364687343294
GT,PB1,GGT,0.4666552681025729,0.19628364687343294
GT,NS,GGT,0.6511123434632827,0.19628364687343294
GT,NA,GGT,0.5055293823601328,0.19628364687343294
GT,HA,GGT,0.4614572059062466,0.19628364687343294
GT,PB2,GGT,0.5137287360629643,0.19628364687343294
GT,MP,GGT,0.5936593655539464,0.19628364687343294
GT,PA,GGT,0.5421249485704475,0.19628364687343294
GT,NP,GGT,0.5099414302971769,0.19628364687343294
GT,PB1,TGA,0.5701573110166591,0.19628364687343294
GT,NS,TGA,0.7955261373738124,0.19628364687343294
GT,NA,TGA,0.6176535292493716,0.19628364687343294
GT,HA,TGA,0.5638063419674824,0.19628364687343294
GT,PB2,TGA,0.627671462783668,0.19628364687343294
GT,MP,TGA,0.7253303469611634,0.19628364687343294
GT,PA,TGA,0.6623658277099534,0.19628364687343294
GT,NP,TGA,0.6230441496062142,0.19628364687343294
GT,PB1,TGC,0.6127941818680037,0.19628364687343294
GT,NS,TGC,0.8550162895172534,0.19628364687343294
GT,NA,TGC,0.663842209546261,0.19628364687343294
GT,HA,TGC,0.605968281704381,0.19628364687343294
GT,PB2,TGC,0.6746092930608278,0.19628364687343294
GT,MP,TGC,0.7795711954610267,0.19628364687343294
GT,PA,TGC,0.7118981334556358,0.19628364687343294
GT,NP,TGC,0.6696359452881429,0.19628364687343294
GT,PB1,TGG,0.6227935819923449,0.19628364687343294
GT,NS,TGG,0.8689682006885545,0.19628364687343294
GT,NA,TGG,0.6746745967801687,0.19628364687343294
GT,HA,TGG,0.6158562987429089,0.19628364687343294
GT,PB2,TGG,0.6856173744828007,0.19628364687343294
GT,MP,TGG,0.7922920151742023,0.19628364687343294
GT,PA,TGG,0.7235146835059232,0.19628364687343294
GT,NP,TGG,0.6805628730441572,0.19628364687343294
GT,PB1,TGT,0.8411936875191606,0.19628364687343294
GT,NS,TGT,1.1736963678008485,0.19628364687343294
GT,NA,TGT,0.9112682409562607,0.19628364687343294
GT,HA,TGT,0.8318236505651997,0.19628364687343294
GT,PB2,TGT,0.926048411776153,0.19628364687343294
GT,MP,TGT,1.0701315188642486,0.19628364687343294
GT,PA,TGT,0.9772354792829042,0.19628364687343294
GT,NP,TGT,0.9192214070884334,0.19628364687343294
TA,PB1,ATA,0.24555374553240097,0.25549730644902663
TA,NS,ATA,0.2881897914765714,0.25549730644902663
TA,NA,ATA,0.22542621771027274,0.25549730644902663
TA,HA,ATA,0.2677903224751996,0.25549730644902663
TA,PB2,ATA,0.2460938222139538,0.25549730644902663
TA,MP,ATA,0.2948581324361022,0.25549730644902663
TA,PA,ATA,0.22376475185629444,0.25549730644902663
TA,NP,ATA,0.27976570943899864,0.25549730644902663
TA,PB1,ATC,0.26535631766570417,0.25549730644902663
TA,NS,ATC,0.31143072849189946,0.25549730644902663
TA,NA,ATC,0.24360561435220407,0.25549730644902663
TA,HA,ATC,0.28938615342421664,0.25549730644902663
TA,PB2,ATC,0.26593994859001874,0.25549730644902663
TA,MP,ATC,0.31863683482973576,0.25549730644902663
TA,PA,ATC,0.24181016032651578,0.25549730644902663
TA,NP,ATC,0.302327290120974,0.25549730644902663
TA,PB1,ATG,0.37767120578097557,0.25549730644902663
TA,NS,ATG,0.4432471017892211,0.25549730644902663
TA,NA,ATG,0.34671428559435086,0.25549730644902663
TA,HA,ATG,0.4118719254980368,0.25549730644902663
TA,PB2,ATG,0.37850186471103586,0.25549730644902663
TA,MP,ATG,0.4535032693963749,0.25549730644902663
TA,PA,ATG,0.3441588865265198,0.25549730644902663
TA,NP,ATG,0.43029053615496504,0.25549730644902663
TA,PB1,ATT,0.16336015512169444,0.25549730644902663
TA,NS,ATT,0.19172474416151558,0.25549730644902663
TA,NA,ATT,0.14996986429102482,0.25549730644902663
TA,HA,ATT,0.17815353834162892,0.25549730644902663
TA,PB2,ATT,0.16371945328790558,0.25549730644902663
TA,MP,ATT,0.19616100804823183,0.25549730644902663
TA,PA,ATT,0.1488645367422765,0.25549730644902663
TA,NP,ATT,0.18612043401168654,0.25549730644902663
TA,PB1,CTA,0.38027520072756166,0.25549730644902663
TA,NS,CTA,0.44630323420143747,0.25549730644902663
TA,NA,CTA,0.34910483651212576,0.25549730644902663
TA,HA,CTA,0.41471173005877837,0.25549730644902663
TA,PB2,CTA,0.3811115869453344,0.25549730644902663
TA,MP,CTA,0.45663011678026916,0.25549730644902663
TA,PA,CTA,0.3465318182926166,0.25549730644902663
TA,NP,CTA,0.43325733469443634,0.25549730644902663
TA,PB1,CTC,0.4109423244425215,0.25549730644902663
TA,NS,CTC,0.4822951591848595,0.25549730644902663
TA,NA,CTC,0.37725824012699427,0.25549730644902663
TA,HA,CTC,0.44815597230077786,0.25549730644902663
TA,PB2,CTC,0.41184616065325946,0.25549730644902663
TA,MP,CTC,0.4934548485968188,0.25549730644902663
TA,PA,CTC,0.37447772200239643,0.25549730644902663
TA,NP,CTC,0.46819717893899165,0.25549730644902663
TA,PB1,CTG,0.5848780407563774,0.25549730644902663
TA,NS,CTG,0.6864317228774056,0.25549730644902663
TA,NA,CTG,0.5369368089402963,0.25549730644902663
TA,HA,CTG,0.6378427614827262,0.25549730644902663
TA,PB2,CTG,0.5861644352712725,0.25549730644902663
TA,MP,CTG,0.7023148697096793,0.25549730644902663
TA,PA,CTG,0.5329794069004636,0.25549730644902663
TA,NP,CTG,0.6663666223161256,0.25549730644902663
TA,PB1,CTT,0.25298663494257695,0.25549730644902663
TA,NS,CTT,0.29691327009646634,0.25549730644902663
TA,NA,CTT,0.23224984869485338,0.25549730644902663
TA,HA,CTT,0.275896311034885,0.25549730644902663
TA,PB2,CTT,0.2535430596958657,0.25549730644902663
TA,MP,CTT,0.30378346112671833,0.25549730644902663
TA,PA,CTT,0.23053809042149193,0.25549730644902663
TA,NP,CTT,0.28823419186638277,0.25549730644902663
TA,PB1,GTA,0.2027473201491466,0.25549730644902663
TA,NS,GTA,0.23795079073027775,0.25549730644902663
TA,NA,GTA,0.18612854563884118,0.25549730644902663
TA,HA,GTA,0.2211074814843678,0.25549730644902663
TA,PB2,GTA,0.20319324737221728,0.25549730644902663
TA,MP,GTA,0.24345666585531128,0.25549730644902663
TA,PA,GTA,0.18475671663789048,0.25549730644902663
TA,NP,GTA,0.23099524601182395,0.25549730644902663
TA,PB1,GTC,0.21909778722665904,0.25549730644902663
TA,NS,GTC,0.25714022596937947,0.25549730644902663
TA,NA,GTC,0.20113879906864937,0.25549730644902663
TA,HA,GTC,0.23893859557229952,0.25549730644902663
TA,PB2,GTC,0.21957967605146345,0.25549730644902663
TA,MP,GTC,0.2630901199347041,0.25549730644902663
TA,PA,GTC,0.1996563395306365,0.25549730644902663
TA,NP,GTC,0.24962375445375964,0.25549730644902663
TA,PB1,GTG,0.31183325957243835,0.25549730644902663
TA,NS,GTG,0.36597756575365514,0.25549730644902663
TA,NA,GTG,0.2862729383714694,0.25549730644902663
TA,HA,GTG,0.34007190140122406,0.25549730644902663
TA,PB2,GTG,0.31251911297558044,0.25549730644902663
TA,MP,GTG,0.374445815720042,0.25549730644902663
TA,PA,GTG,0.2841630120423432,0.25549730644902663
TA,NP,GTG,0.35527966760110863,0.25549730644902663
TA,PB1,GTT,0.1348822173258282,0.25549730644902663
TA,NS,GTT,0.15830211834377772,0.25549730644902663
TA,NA,GTT,0.12382620359632994,0.25549730644902663
TA,HA,GTT,0.147096727828521,0.25549730644902663
TA,PB2,GTT,0.13517888044605825,0.25549730644902663
TA,MP,GTT,0.16196502567413026,0.25549730644902663
TA,PA,GTT,0.12291356348200441,0.25549730644902663
TA,NP,GTT,0.15367478569324575,0.25549730644902663
TA,PB1,TTA,0.19203772932056654,0.25549730644902663
TA,NS,TTA,0.2253816696973402,0.25549730644902663
TA,NA,TTA,0.17629679760959813,0.25549730644902663
TA,HA,TTA,0.20942806370417974,0.25549730644902663
TA,PB2,TTA,0.1924601016177576,0.25549730644902663
TA,MP,TTA,0.2305967115344221,0.25549730644902663
TA,PA,TTA,0.17499743184651492,0.25549730644902663
TA,NP,TTA,0.2187935332280792,0.25549730644902663
TA,PB1,TTC,0.20752452622908482,0.25549730644902663
TA,NS,TTC,0.2435574737846657,0.25549730644902663
TA,NA,TTC,0.1905141741108813,0.25549730644902663
TA,HA,TTC,0.22631729636177245,0.25549730644902663
TA,PB2,TTC,0.20798096055153273,0.25549730644902663
TA,MP,TTC,0.24919308034143087,0.25549730644902663
TA,PA,TTC,0.18911002157618845,0.25549730644902663
TA,NP,TTC,0.23643803999239413,0.25549730644902663
TA,PB1,TTG,0.29536149257543687,0.25549730644902663
TA,NS,TTG,0.3466457690187926,0.25549730644902663
TA,NA,TTG,0.2711513277233068,0.25549730644902663
TA,HA,TTG,0.3221085028535878,0.25549730644902663
TA,PB2,TTG,0.2960111175869502,0.25549730644902663
TA,MP,TTG,0.3546667060830537,0.25549730644902663
TA,PA,TTG,0.26915285267080796,0.25549730644902663
TA,NP,TTG,0.33651295903537853,0.25549730644902663
TA,PB1,TTT,0.12775742102001963,0.25549730644902663
TA,NS,TTT,0.14994022772291934,0.25549730644902663
TA,NA,TTT,0.1172854119676287,0.25549730644902663
TA,HA,TTT,0.13932673231830864,0.25549730644902663
TA,PB2,TTT,0.12803841369573152,0.25549730644902663
TA,MP,TTT,0.1534096516635915,0.25549730644902663
TA,PA,TTT,0.11642097965299689,0.25549730644902663
TA,NP,TTT,0.14555732167826546,0.25549730644902663
TC,PB1,ATA,3.391244444859119,0.09867065429293727
TC,NS,ATA,4.564737919699313,0.09867065429293727
TC,NA,ATA,3.2158833278580494,0.09867065429293727
TC,HA,ATA,3.0283113931046572,0.09867065429293727
TC,PB2,ATA,3.279349456955007,0.09867065429293727
TC,MP,ATA,3.7925834071797895,0.09867065429293727
TC,PA,ATA,3.6924139192166554,0.09867065429293727
TC,NP,ATA,3.2585034352652014,0.09867065429293727
TC,PB1,ATC,3.5413746820025014,0.09867065429293727
TC,NS,ATC,4.7668186595353115,0.09867065429293727
TC,NA,ATC,3.3582503363373912,0.09867065429293727
TC,HA,ATC,3.162374600574119,0.09867065429293727
TC,PB2,ATC,3.4245261080793497,0.09867065429293727
TC,MP,ATC,3.9604809019089293,0.09867065429293727
TC,PA,ATC,3.8558769152751866,0.09867065429293727
TC,NP,ATC,3.4027572339586225,0.09867065429293727
TC,PB1,ATG,1.4049309732990143,0.09867065429293727
TC,NS,ATG,1.8910880040216307,0.09867065429293727
TC,NA,ATG,1.3322820478697093,0.09867065429293727
TC,HA,ATG,1.254574402448823,0.09867065429293727
TC,PB2,ATG,1.3585749123250799,0.09867065429293727
TC,MP,ATG,1.5711984152732303,0.09867065429293727
TC,PA,ATG,1.5297000159371847,0.09867065429293727
TC,NP,ATG,1.349938784196225,0.09867065429293727
TC,PB1,ATT,2.256023192060909,0.09867065429293727
TC,NS,ATT,3.0366889736104916,0.09867065429293727
TC,NA,ATT,2.1393643214389906,0.09867065429293727
TC,HA,ATT,2.0145822121384125,0.09867065429293727
TC,PB2,ATT,2.1815851231184804,0.09867065429293727
TC,MP,ATT,2.5230136793569984,0.09867065429293727
TC,PA,ATT,2.4563759917304777,0.09867065429293727
TC,NP,ATT,2.1677173205583613,0.09867065429293727
TC,PB1,CTA,3.228330242243771,0.09867065429293727
TC,NS,CTA,4.345449499053851,0.09867065429293727
TC,NA,CTA,3.0613934122590134,0.09867065429293727
TC,HA,CTA,2.8828323679560843,0.09867065429293727
TC,PB2,CTA,3.121810650607152,0.09867065429293727
TC,MP,CTA,3.6103890205234297,0.09867065429293727
TC,PA,CTA,3.515031639892352,0.09867065429293727
TC,NP,CTA,3.10196606454268,0.09867065429293727
TC,PB1,CTC,3.371248275056161,0.09867065429293727
TC,NS,CTC,4.537822350493832,0.09867065429293727
TC,NA,CTC,3.1969211592099493,0.09867065429293727
TC,HA,CTC,3.0104552256070445,0.09867065429293727
TC,PB2,CTC,3.2600130659484794,0.09867065429293727
TC,MP,CTC,3.770220778052063,0.09867065429293727
TC,PA,CTC,3.670641930522833,0.09867065429293727
TC,NP,CTC,3.2392899609626165,0.09867065429293727
TC,PB1,CTG,1.3374385784079341,0.09867065429293727
TC,NS,CTG,1.8002407946092662,0.09867065429293727
TC,NA,CTG,1.2682796820666586,0.09867065429293727
TC,HA,CTG,1.1943050848812222,0.09867065429293727
TC,PB2,CTG,1.2933094464663215,0.09867065429293727
TC,MP,CTG,1.4957185903485573,0.09867065429293727
TC,PA,CTG,1.456213759670735,0.09867065429293727
TC,NP,CTG,1.2850881949264807,0.09867065429293727
TC,PB1,CTT,2.1476446232516047,0.09867065429293727
TC,NS,CTT,2.890807492410712,0.09867065429293727
TC,NA,CTT,2.0365900041646023,0.09867065429293727
TC,HA,CTT,1.9178023839573075,0.09867065429293727
TC,PB2,CTT,2.076782533228763,0.09867065429293727
TC,MP,CTT,2.4018089804792284,0.09867065429293727
TC,PA,CTT,2.338372544169245,0.09867065429293727
TC,NP,CTT,2.063580935076154,0.09867065429293727
TC,PB1,GTA,3.1850839935822,0.09867065429293727
TC,NS,GTA,4.287238481134021,0.09867065429293727
TC,NA,GTA,3.0203834254165796,0.09867065429293727
TC,HA,GTA,2.8442143592397255,0.09867065429293727
TC,PB2,GTA,3.0799913231096454,0.09867065429293727
TC,MP,GTA,3.562024767293239,0.09867065429293727
TC,PA,GTA,3.4679447804493657,0.09867065429293727
TC,NP,GTA,3.0604125722724067,0.09867065429293727
TC,PB1,GTC,3.3260875169356905,0.09867065429293727
TC,NS,GTC,4.477034333461506,0.09867065429293727
TC,NA,GTC,3.1540956621175145,0.09867065429293727
TC,HA,GTC,2.9701275994034,0.09867065429293727
TC,PB2,GTC,3.2163423987270274,0.09867065429293727
TC,MP,GTC,3.719715441533783,0.09867065429293727
TC,PA,GTC,3.6214705379565477,0.09867065429293727
TC,NP,GTC,3.195896897481801,0.09867065429293727
TC,PB1,GTG,1.3195224431332455,0.09867065429293727
TC,NS,GTG,1.7761250272581957,0.09867065429293727
TC,NA,GTG,1.2512899894430962,0.09867065429293727
TC,HA,GTG,1.1783063453462437,0.09867065429293727
TC,PB2,GTG,1.275984458710618,0.09867065429293727
TC,MP,GTG,1.4756821587470024,0.09867065429293727
TC,PA,GTG,1.43670652911202,0.09867065429293727
TC,NP,GTG,1.26787333787666,0.09867065429293727
TC,PB1,GTT,2.1188750840642903,0.09867065429293727
TC,NS,GTT,2.8520826500715852,0.09867065429293727
TC,NA,GTT,2.009308136718303,0.09867065429293727
TC,HA,GTT,1.8921117784253507,0.09867065429293727
TC,PB2,GTT,2.0489622524307256,0.09867065429293727
TC,MP,GTT,2.3696346920349307,0.09867065429293727
TC,PA,GTT,2.307048041122664,0.09867065429293727
TC,NP,GTT,2.0359375009925467,0.09867065429293727
TC,PB1,TTA,2.9691654606718916,0.09867065429293727
TC,NS,TTA,3.996604311062428,0.09867065429293727
TC,NA,TTA,2.8156300313595852,0.09867065429293727
TC,HA,TTA,2.651403559597739,0.09867065429293727
TC,PB2,TTA,2.8711970780591805,0.09867065429293727
TC,MP,TTA,3.3205532194490197,0.09867065429293727
TC,PA,TTA,3.232850964802,0.09867065429293727
TC,NP,TTA,2.852945581123412,0.09867065429293727
TC,PB1,TTC,3.1006102804059434,0.09867065429293727
TC,NS,TTC,4.173533801915745,0.09867065429293727
TC,NA,TTC,2.9402778446296796,0.09867065429293727
TC,HA,TTC,2.7687810744414834,0.09867065429293727
TC,PB2,TTC,2.9983048419562532,0.09867065429293727
TC,MP,TTC,3.467553959262635,0.09867065429293727
TC,PA,TTC,3.375969129796178,0.09867065429293727
TC,NP,TTC,2.979245352082275,0.09867065429293727
TC,PB1,TTG,1.230071316997283,0.09867065429293727
TC,NS,TTG,1.6557205698173232,0.09867065429293727
TC,NA,TTG,1.1664643775250736,0.09867065429293727
TC,HA,TTG,1.0984283333632914,0.09867065429293727
TC,PB2,TTG,1.1894847956259744,0.09867065429293727
TC,MP,TTG,1.3756448826812568,0.09867065429293727
TC,PA,TTG,1.339311431647215,0.09867065429293727
TC,NP,TTG,1.1819235319745132,0.09867065429293727
TC,PB1,TTT,1.9752354185191368,0.09867065429293727
TC,NS,TTT,2.658738454821712,0.09867065429293727
TC,NA,TTT,1.873096072634862,0.09867065429293727
TC,HA,TTT,1.7638445176174378,0.09867065429293727
TC,PB2,TTT,1.9100620148153666,0.09867065429293727
TC,MP,TTT,2.2089958996927193,0.09867065429293727
TC,PA,TTT,2.150652031034225,0.09867065429293727
TC,NP,TTT,1.8979202181839434,0.09867065429293727
TG,PB1,ATA,0.21980992575434433,0.28099312289464007
TG,NS,ATA,0.21141219720465299,0.28099312289464007
TG,NA,ATA,0.18536166661615647,0.28099312289464007
TG,HA,ATA,0.20411971673705176,0.28099312289464007
TG,PB2,ATA,0.2097786201740876,0.28099312289464007
TG,MP,ATA,0.19328142389020259,0.28099312289464007
TG,PA,ATA,0.1919767309632571,0.28099312289464007
TG,NP,ATA,0.21818896905103757,0.28099312289464007
TG,PB1,ATC,0.13554511743170858,0.28099312289464007
TG,NS,ATC,0.13036668384404781,0.28099312289464007
TG,NA,ATC,0.11430270395024499,0.28099312289464007
TG,HA,ATC,0.12586979810079824,0.28099312289464007
TG,PB2,ATC,0.12935934357184742,0.28099312289464007
TG,MP,ATC,0.11918639801482014,0.28099312289464007
TG,PA,ATC,0.11838186311773466,0.28099312289464007
TG,NP,ATC,0.13454555944565577,0.28099312289464007
TG,PB1,ATG,0.2873523017022258,0.28099312289464007
TG,NS,ATG,0.2763741503765157,0.28099312289464007
TG,NA,ATG,0.24231890969764575,0.28099312289464007
TG,HA,ATG,0.26684086365030274,0.28099312289464007
TG,PB2,ATG,0.2742386138754686,0.28099312289464007
TG,MP,ATG,0.2526722205129337,0.28099312289464007
TG,PA,ATG,0.2509666263989018,0.28099312289464007
TG,NP,ATG,0.28523326345562994,0.28099312289464007
TG,PB1,ATT,0.3604054520546907,0.28099312289464007
TG,NS,ATT,0.3466363415661746,0.28099312289464007
TG,NA,ATT,0.3039232874545767,0.28099312289464007
TG,HA,ATT,0.3346794214657461,0.28099312289464007
TG,PB2,ATT,0.3439578907812676,0.28099312289464007
TG,MP,ATT,0.31690870515453057,0.28099312289464007
TG,PA,ATT,0.3147695003733331,0.28099312289464007
TG,NP,ATT,0.35774769385104505,0.28099312289464007
TG,PB1,CTA,0.20212450565175452,0.28099312289464007
TG,NS,CTA,0.19440243975377983,0.28099312289464007
TG,NA,CTA,0.170447877196626,0.28099312289464007
TG,HA,CTA,0.18769669612354772,0.28099312289464007
TG,PB2,CTA,0.19290029671536169,0.28099312289464007
TG,MP,CTA,0.17773042832986033,0.28099312289464007
TG,PA,CTA,0.17653070810803143,0.28099312289464007
TG,NP,CTA,0.20063396753699744,0.28099312289464007
TG,PB1,CTC,0.12463945729644398,0.28099312289464007
TG,NS,CTC,0.11987766901338824,0.28099312289464007
TG,NA,CTC,0.10510616138609705,0.28099312289464007
TG,HA,CTC,0.11574259274370907,0.28099312289464007
TG,PB2,CTC,0.11895137710985906,0.28099312289464007
TG,MP,CTC,0.10959692423572306,0.28099312289464007
TG,PA,CTC,0.10885712043571301,0.28099312289464007
TG,NP,CTC,0.12372032153354409,0.28099312289464007
TG,PB1,CTG,0.2642325715280321,0.28099312289464007
TG,NS,CTG,0.25413769795913255,0.28099312289464007
TG,NA,CTG,0.2228224665679857,0.28099312289464007
TG,HA,CTG,0.24537143838209366,0.28099312289464007
TG,PB2,CTG,0.252173981998199,0.28099312289464007
TG,MP,CTG,0.2323427729109202,0.28099312289464007
TG,PA,CTG,0.23077440712416986,0.28099312289464007
TG,NP,CTG,0.26228402640851367,0.28099312289464007
TG,PB1,CTT,0.331408027097756,0.28099312289464007
TG,NS,CTT,0.31874674876282766,0.28099312289464007
TG,NA,CTT,0.2794702924446909,0.28099312289464007
TG,HA,CTT,0.307751855988433,0.28099312289464007
TG,PB2,CTT,0.31628380019963614,0.28099312289464007
TG,MP,CTT,0.29141093217821235,0.28099312289464007
TG,PA,CTT,0.28944384307883003,0.28099312289464007
TG,NP,CTT,0.3289641062365382,0.28099312289464007
TG,PB1,GTA,0.2973330195739366,0.28099312289464007
TG,NS,GTA,0.2859735599013443,0.28099312289464007
TG,NA,GTA,0.25073546546680403,0.28099312289464007
TG,HA,GTA,0.27610914986537954,0.28099312289464007
TG,PB2,GTA,0.2837638489907121,0.28099312289464007
TG,MP,GTA,0.26144838180351426,0.28099312289464007
TG,PA,GTA,0.2596835466339733,0.28099312289464007
TG,NP,GTA,0.2951403799579647,0.28099312289464007
TG,PB1,GTC,0.18334949577988843,0.28099312289464007
TG,NS,GTC,0.17634471976716623,0.28099312289464007
TG,NA,GTC,0.15461525676949725,0.28099312289464007
TG,HA,GTC,0.17026186153348638,0.28099312289464007
TG,PB2,GTC,0.17498210830253882,0.28099312289464007
TG,MP,GTC,0.1612213438145303,0.28099312289464007
TG,PA,GTC,0.1601330636129784,0.28099312289464007
TG,NP,GTC,0.1819974112768234,0.28099312289464007
TG,PB1,GTG,0.3886964032831216,0.28099312289464007
TG,NS,GTG,0.3738464511173537,0.28099312289464007
TG,NA,GTG,0.327780526165985,0.28099312289464007
TG,HA,GTG,0.36095094187662513,0.28099312289464007
TG,PB2,GTG,0.37095774846169516,0.28099312289464007
TG,MP,GTG,0.341785267565777,0.28099312289464007
TG,PA,GTG,0.33947814041329616,0.28099312289464007
TG,NP,GTG,0.38583001752601453,0.28099312289464007
TG,PB1,GTT,0.4875141145813926,0.28099312289464007
TG,NS,GTT,0.4688888810558919,0.28099312289464007
TG,NA,GTT,0.41111168418617605,0.28099312289464007
TG,HA,GTT,0.4527149655874979,0.28099312289464007
TG,PB2,GTT,0.46526578779964545,0.28099312289464007
TG,MP,GTT,0.42867683026366077,0.28099312289464007
TG,PA,GTT,0.42578316558997686,0.28099312289464007
TG,NP,GTT,0.48391901181578534,0.28099312289464007
TG,PB1,TTA,0.17671759261047623,0.28099312289464007
TG,NS,TTA,0.16996618514966744,0.28099312289464007
TG,NA,TTA,0.14902269483172076,0.28099312289464007
TG,HA,TTA,0.16410334893801407,0.28099312289464007
TG,PB2,TTA,0.168652860470654,0.28099312289464007
TG,MP,TTA,0.15538983423511996,0.28099312289464007
TG,PA,TTA,0.15434091803011019,0.28099312289464007
TG,NP,TTA,0.1754144141241038,0.28099312289464007
TG,PB1,TTC,0.10897236219171248,0.28099312289464007
TG,NS,TTC,0.10480912746077788,0.28099312289464007
TG,NA,TTC,0.09189438830678487,0.28099312289464007
TG,HA,TTC,0.1011938274689133,0.28099312289464007
TG,PB2,TTC,0.103999269820219,0.28099312289464007
TG,MP,TTC,0.09582066531714292,0.28099312289464007
TG,PA,TTC,0.09517385435218696,0.28099312289464007
TG,NP,TTC,0.10816876116976756,0.28099312289464007
TG,PB1,TTG,0.23101871680102226,0.28099312289464007
TG,NS,TTG,0.2221927619814881,0.28099312289464007
TG,NA,TTG,0.19481383390129742,0.28099312289464007
TG,HA,TTG,0.21452841527767025,0.28099312289464007
TG,PB2,TTG,0.22047588378273653,0.28099312289464007
TG,MP,TTG,0.20313744420482133,0.28099312289464007
TG,PA,TTG,0.20176622093195076,0.28099312289464007
TG,NP,TTG,0.2293151024792266,0.28099312289464007
TG,PB1,TTT,0.2897502632432266,0.28099312289464007
TG,NS,TTT,0.27868049899319197,0.28099312289464007
TG,NA,TTT,0.24434106655064483,0.28099312289464007
TG,HA,TTT,0.2690676567708394,0.28099312289464007
TG,PB2,TTT,0.27652714139111806,0.28099312289464007
TG,MP,TTT,0.2547807759818827,0.28099312289464007
TG,PA,TTT,0.2530609486458937,0.28099312289464007
TG,NP,TTT,0.28761354157391533,0.28099312289464007
