mut_type,segment,motif,predicted_rate,tau_squared
AC,PB1,AAA,0.16961048663066128,0.41664538259378925
AC,NS,AAA,0.12094942262220221,0.41664538259378925
AC,NA,AAA,0.1464010547936878,0.41664538259378925
AC,HA,AAA,0.13298102303050408,0.41664538259378925
AC,PB2,AAA,0.14931247605521109,0.41664538259378925
AC,MP,AAA,0.1540683093694557,0.41664538259378925
AC,PA,AAA,0.14747928313332337,0.41664538259378925
AC,NP,AAA,0.1758458042520663,0.41664538259378925
AC,PB1,AAC,0.2299230401339566,0.41664538259378925
AC,NS,AAC,0.16395837017023399,0.41664538259378925
AC,NA,AAC,0.19846046235502993,0.41664538259378925
AC,HA,AAC,0.1802683413194685,0.41664538259378925
AC,PB2,AAC,0.2024071689582469,0.41664538259378925
AC,MP,AAC,0.20885415036666996,0.41664538259378925
AC,PA,AAC,0.19992210274491595,0.41664538259378925
AC,NP,AAC,0.23837560230858285,0.41664538259378925
AC,PB1,AAG,0.19921787066173774,0.41664538259378925
AC,NS,AAG,0.14206248039975805,0.41664538259378925
AC,NA,AAG,0.17195697611634855,0.41664538259378925
AC,HA,AAG,0.1561943295655129,0.41664538259378925
AC,PB2,AAG,0.17537661811987035,0.41664538259378925
AC,MP,AAG,0.18096263467407725,0.41664538259378925
AC,PA,AAG,0.1732234211232371,0.41664538259378925
AC,NP,AAG,0.20654163185193392,0.41664538259378925
AC,PB1,AAT,0.24906348376553286,0.41664538259378925
AC,NS,AAT,0.17760744135657566,0.41664538259378925
AC,NA,AAT,0.21498173525830175,0.41664538259378925
AC,HA,AAT,0.1952751715334948,0.41664538259378925
AC,PB2,AAT,0.21925699403804366,0.41664538259378925
AC,MP,AAT,0.22624066843804277,0.41664538259378925
AC,PA,AAT,0.21656505308197582,0.41664538259378925
AC,NP,AAT,0.2582196978653927,0.41664538259378925
AC,PB1,CAA,0.14523817499609293,0.41664538259378925
AC,NS,CAA,0.10356950066850547,0.41664538259378925
AC,NA,CAA,0.12536384063350955,0.41664538259378925
AC,HA,CAA,0.11387221083871558,0.41664538259378925
AC,PB2,CAA,0.12785690293801935,0.41664538259378925
AC,MP,CAA,0.1319293430616693,0.41664538259378925
AC,PA,CAA,0.1262871321079261,0.41664538259378925
AC,NP,CAA,0.15057750377135828,0.41664538259378925
AC,PB1,CAC,0.19688406891565732,0.41664538259378925
AC,NS,CAC,0.14039824383449317,0.41664538259378925
AC,NA,CAC,0.16994253087718397,0.41664538259378925
AC,HA,CAC,0.15436454091323482,0.41664538259378925
AC,PB2,CAC,0.17332211238587023,0.41664538259378925
AC,MP,CAC,0.17884268975460377,0.41664538259378925
AC,PA,CAC,0.1711941397071845,0.41664538259378925
AC,NP,CAC,0.20412203355257852,0.41664538259378925
AC,PB1,CAG,0.1705911028044179,0.41664538259378925
AC,NS,CAG,0.12164870108302125,0.41664538259378925
AC,NA,CAG,0.1472474838384811,0.41664538259378925
AC,HA,CAG,0.13374986312156736,0.41664538259378925
AC,PB2,CAG,0.15017573770767143,0.41664538259378925
AC,MP,CAG,0.15495906724081307,0.41664538259378925
AC,PA,CAG,0.14833194603882807,0.41664538259378925
AC,NP,CAG,0.17686247039790615,0.41664538259378925
AC,PB1,CAT,0.21327411151791223,0.41664538259378925
AC,NS,CAT,0.15208600105325978,0.41664538259378925
AC,NA,CAT,0.18408976653902556,0.41664538259378925
AC,HA,CAT,0.16721495291345245,0.41664538259378925
AC,PB2,CAT,0.18775068866206537,0.41664538259378925
AC,MP,CAT,0.193730838502868,0.41664538259378925
AC,PA,CAT,0.18544556826872616,0.41664538259378925
AC,NP,CAT,0.22111461626590545,0.41664538259378925
AC,PB1,GAA,0.06857105054177623,0.41664538259378925
AC,NS,GAA,0.048898090774809465,0.41664538259378925
AC,NA,GAA,0.059187815134848776,0.41664538259378925
AC,HA,GAA,0.053762291662886964,0.41664538259378925
AC,PB2,GAA,0.060364860366179565,0.41664538259378925
AC,MP,GAA,0.062287574539327706,0.41664538259378925
AC,PA,GAA,0.059623727155629205,0.41664538259378925
AC,NP,GAA,0.07109189868185874,0.41664538259378925
AC,PB1,GAC,0.0929545378881914,0.41664538259378925
AC,NS,GAC,0.06628598214078799,0.41664538259378925
AC,NA,GAC,0.08023467572688951,0.41664538259378925
AC,HA,GAC,0.07287986603456188,0.41664538259378925
AC,PB2,GAC,0.08183027175010042,0.41664538259378925
AC,MP,GAC,0.08443669247785605,0.41664538259378925
AC,PA,GAC,0.080825595657843,0.41664538259378925
AC,NP,GAC,0.0963717857223181,0.41664538259378925
AC,PB1,GAG,0.08054088487888092,0.41664538259378925
AC,NS,GAG,0.057433792668695215,0.41664538259378925
AC,NA,GAG,0.06951970208045843,0.41664538259378925
AC,HA,GAG,0.06314709355382198,0.41664538259378925
AC,PB2,GAG,0.0709022135590611,0.41664538259378925
AC,MP,GAG,0.07316055873025214,0.41664538259378925
AC,PA,GAG,0.07003170735973598,0.41664538259378925
AC,NP,GAG,0.08350177490817735,0.41664538259378925
AC,PB1,GAT,0.10069274060033181,0.41664538259378925
AC,NS,GAT,0.07180410291715837,0.41664538259378925
AC,NA,GAT,0.08691398584367291,0.41664538259378925
AC,HA,GAT,0.07894690901946085,0.41664538259378925
AC,PB2,GAT,0.08864241072876407,0.41664538259378925
AC,MP,GAT,0.09146580861979446,0.41664538259378925
AC,PA,GAT,0.08755409818971713,0.41664538259378925
AC,NP,GAT,0.10439446466400959,0.41664538259378925
AC,PB1,TAA,0.10427036746068184,0.41664538259378925
AC,NS,TAA,0.07435531252520149,0.41664538259378925
AC,NA,TAA,0.09000205166093582,0.41664538259378925
AC,HA,TAA,0.0817519035063097,0.41664538259378925
AC,PB2,TAA,0.09179188771884968,0.41664538259378925
AC,MP,TAA,0.0947156013235272,0.41664538259378925
AC,PA,TAA,0.09066490728627898,0.41664538259378925
AC,NP,TAA,0.10810361428718104,0.41664538259378925
AC,PB1,TAC,0.14134833499210558,0.41664538259378925
AC,NS,TAC,0.10079565152791836,0.41664538259378925
AC,NA,TAC,0.12200628479557064,0.41664538259378925
AC,HA,TAC,0.1108224294635721,0.41664538259378925
AC,PB2,TAC,0.1244325766832477,0.41664538259378925
AC,MP,TAC,0.128395946719042,0.41664538259378925
AC,PA,TAC,0.12290484822508706,0.41664538259378925
AC,NP,TAC,0.146544663246571,0.41664538259378925
AC,PB1,TAG,0.1224719119158452,0.41664538259378925
AC,NS,TAG,0.0873348536869352,0.41664538259378925
AC,NA,TAG,0.10571290397935845,0.41664538259378925
AC,HA,TAG,0.09602260132969101,0.41664538259378925
AC,PB2,TAG,0.10781517569247279,0.41664538259378925
AC,MP,TAG,0.11124925580343284,0.41664538259378925
AC,PA,TAG,0.1064914683762909,0.41664538259378925
AC,NP,TAG,0.12697429431958737,0.41664538259378925
AC,PB1,TAT,0.1531151846160376,0.41664538259378925
AC,NS,TAT,0.10918660480190999,0.41664538259378925
AC,NA,TAT,0.13216296337579078,0.41664538259378925
AC,HA,TAT,0.12004808367824321,0.41664538259378925
AC,PB2,TAT,0.13479123720961286,0.41664538259378925
AC,MP,TAT,0.13908454660562533,0.41664538259378925
AC,PA,TAT,0.1331363296726581,0.41664538259378925
AC,NP,TAT,0.15874409251971008,0.41664538259378925
AG,PB1,AAA,1.503869780012055,0.15220801900431685
AG,NS,AAA,1.1684767167420855,0.15220801900431685
AG,NA,AAA,1.2122928216281663,0.15220801900431685
AG,HA,AAA,1.0863830966264783,0.15220801900431685
AG,PB2,AAA,1.415176244375657,0.15220801900431685
AG,MP,AAA,1.6982556845785532,0.15220801900431685
AG,PA,AAA,1.4439519498311963,0.15220801900431685
AG,NP,AAA,1.5288757540334552,0.15220801900431685
AG,PB1,AAC,1.654021663133692,0.15220801900431685
AG,NS,AAC,1.2851417244006642,0.15220801900431685
AG,NA,AAC,1.3333325901517765,0.15220801900431685
AG,HA,AAC,1.1948515756916491,0.15220801900431685
AG,PB2,AAC,1.5564726390942922,0.15220801900431685
AG,MP,AAC,1.8678157704654113,0.15220801900431685
AG,PA,AAC,1.5881214166866149,0.15220801900431685
AG,NP,AAC,1.6815243254578345,0.15220801900431685
AG,PB1,AAG,1.5597745530905245,0.15220801900431685
AG,NS,AAG,1.2119136064017857,0.15220801900431685
AG,NA,AAG,1.257358528778181,0.15220801900431685
AG,HA,AAG,1.1267682425349899,0.15220801900431685
AG,PB2,AAG,1.467783928803778,0.15220801900431685
AG,MP,AAG,1.7613865486583036,0.15220801900431685
AG,PA,AAG,1.4976293407625305,0.15220801900431685
AG,NP,AAG,1.5857100978246637,0.15220801900431685
AG,PB1,AAT,1.6756191459255136,0.15220801900431685
AG,NS,AAT,1.301922536222203,0.15220801900431685
AG,NA,AAT,1.3507426569685679,0.15220801900431685
AG,HA,AAT,1.2104534187146057,0.15220801900431685
AG,PB2,AAT,1.5767963699063132,0.15220801900431685
AG,MP,AAT,1.8922048820835096,0.15220801900431685
AG,PA,AAT,1.6088584032283928,0.15220801900431685
AG,NP,AAT,1.7034809258413506,0.15220801900431685
AG,PB1,CAA,0.8293835888699399,0.15220801900431685
AG,NS,CAA,0.6444144471303537,0.15220801900431685
AG,NA,CAA,0.6685790116449941,0.15220801900431685
AG,HA,CAA,0.5991398481060539,0.15220801900431685
AG,PB2,CAA,0.7804691390463055,0.15220801900431685
AG,MP,CAA,0.9365873383553506,0.15220801900431685
AG,PA,CAA,0.7963389292237425,0.15220801900431685
AG,NP,CAA,0.8431743736524436,0.15220801900431685
AG,PB1,CAC,0.912192293023836,0.15220801900431685
AG,NS,CAC,0.7087551527110161,0.15220801900431685
AG,NA,CAC,0.7353323961124272,0.15220801900431685
AG,HA,CAC,0.6589601714093217,0.15220801900431685
AG,PB2,CAC,0.8583940448484463,0.15220801900431685
AG,MP,CAC,1.0300996586579836,0.15220801900431685
AG,PA,CAC,0.875848333172969,0.15220801900431685
AG,NP,CAC,0.9273600004178183,0.15220801900431685
AG,PB1,CAG,0.8602150491114037,0.15220801900431685
AG,NS,CAG,0.6683698745976314,0.15220801900431685
AG,NA,CAG,0.6934327313139546,0.15220801900431685
AG,HA,CAG,0.6214122401015689,0.15220801900431685
AG,PB2,CAG,0.8094822562011581,0.15220801900431685
AG,MP,CAG,0.9714039849259758,0.15220801900431685
AG,PA,CAG,0.8259419890920296,0.15220801900431685
AG,NP,CAG,0.8745184917743215,0.15220801900431685
AG,PB1,CAT,0.9241032962413448,0.15220801900431685
AG,NS,CAT,0.7180097637934912,0.15220801900431685
AG,NA,CAT,0.7449340410759028,0.15220801900431685
AG,HA,CAT,0.6675645816656814,0.15220801900431685
AG,PB2,CAT,0.869602574352886,0.15220801900431685
AG,MP,CAT,1.043550244069046,0.15220801900431685
AG,PA,CAT,0.88728477304892,0.15220801900431685
AG,NP,CAT,0.9394690568451094,0.15220801900431685
AG,PB1,GAA,2.3038855430385117,0.15220801900431685
AG,NS,GAA,1.7900729510354398,0.15220801900431685
AG,NA,GAA,1.857197972058531,0.15220801900431685
AG,HA,GAA,1.6643078701262888,0.15220801900431685
AG,PB2,GAA,2.1680095800864336,0.15220801900431685
AG,MP,GAA,2.601679195955475,0.15220801900431685
AG,PA,GAA,2.212093138829944,0.15220801900431685
AG,NP,GAA,2.3421939809120618,0.15220801900431685
AG,PB1,GAC,2.533913938702646,0.15220801900431685
AG,NS,GAC,1.9688004100850673,0.15220801900431685
AG,NA,GAC,2.0426274397828164,0.15220801900431685
AG,HA,GAC,1.8304784815150086,0.15220801900431685
AG,PB2,GAC,2.3844716204853817,0.15220801900431685
AG,MP,GAC,2.861440403836099,0.15220801900431685
AG,PA,GAC,2.432956643669509,0.15220801900431685
AG,NP,GAC,2.576047231734942,0.15220801900431685
AG,PB1,GAG,2.389530058404265,0.15220801900431685
AG,NS,GAG,1.856617025164478,0.15220801900431685
AG,NA,GAG,1.9262373480535013,0.15220801900431685
AG,HA,GAG,1.7261767600054214,0.15220801900431685
AG,PB2,GAG,2.2486030498253546,0.15220801900431685
AG,MP,GAG,2.698393876312773,0.15220801900431685
AG,PA,GAG,2.2943253683742704,0.15220801900431685
AG,NP,GAG,2.4292625720553693,0.15220801900431685
AG,PB1,GAT,2.567000665380339,0.15220801900431685
AG,NS,GAT,1.994508134430578,0.15220801900431685
AG,NA,GAT,2.0692991648055896,0.15220801900431685
AG,HA,GAT,1.854380059339824,0.15220801900431685
AG,PB2,GAT,2.415606995516354,0.15220801900431685
AG,MP,GAT,2.898803826129244,0.15220801900431685
AG,PA,GAT,2.4647251146732976,0.15220801900431685
AG,NP,GAT,2.6096841163044635,0.15220801900431685
AG,PB1,TAA,1.9571557259724581,0.15220801900431685
AG,NS,TAA,1.520670823519666,0.15220801900431685
AG,NA,TAA,1.5776936733085059,0.15220801900431685
AG,HA,TAA,1.4138331166845832,0.15220801900431685
AG,PB2,TAA,1.841728803086803,0.15220801900431685
AG,MP,TAA,2.2101320748738957,0.15220801900431685
AG,PA,TAA,1.8791778810919175,0.15220801900431685
AG,NP,TAA,1.9896988263724873,0.15220801900431685
AG,PB1,TAC,2.152565343030328,0.15220801900431685
AG,NS,TAC,1.6725001845417207,0.15220801900431685
AG,NA,TAC,1.7352164051200765,0.15220801900431685
AG,HA,TAC,1.5549954086007232,0.15220801900431685
AG,PB2,TAC,2.0256137721568144,0.15220801900431685
AG,MP,TAC,2.430799779884356,0.15220801900431685
AG,PA,TAC,2.066801903674655,0.15220801900431685
AG,NP,TAC,2.1883576661174717,0.15220801900431685
AG,PB1,TAG,2.029910926052907,0.15220801900431685
AG,NS,TAG,1.5772001576720118,0.15220801900431685
AG,NA,TAG,1.6363427717649839,0.15220801900431685
AG,HA,TAG,1.466390871757262,0.15220801900431685
AG,PB2,TAG,1.9101931290391627,0.15220801900431685
AG,MP,TAG,2.292291403933811,0.15220801900431685
AG,PA,TAG,1.949034337025011,0.15220801900431685
AG,NP,TAG,2.063663781890085,0.15220801900431685
AG,PB1,TAT,2.180672588534169,0.15220801900431685
AG,NS,TAT,1.6943389516873228,0.15220801900431685
AG,NA,TAT,1.757874092915208,0.15220801900431685
AG,HA,TAT,1.5752998503907951,0.15220801900431685
AG,PB2,TAT,2.052063340238135,0.15220801900431685
AG,MP,TAT,2.462540087515486,0.15220801900431685
AG,PA,TAT,2.093789288147086,0.15220801900431685
AG,NP,TAT,2.216932271934169,0.15220801900431685
AT,PB1,AAA,0.14631087199615037,0.2746964420993665
AT,NS,AAA,0.10882458390820499,0.2746964420993665
AT,NA,AAA,0.14500471238694052,0.2746964420993665
AT,HA,AAA,0.12097257704081131,0.2746964420993665
AT,PB2,AAA,0.13442544905298268,0.2746964420993665
AT,MP,AAA,0.1490957053573372,0.2746964420993665
AT,PA,AAA,0.13810988462471055,0.2746964420993665
AT,NP,AAA,0.1857089633265247,0.2746964420993665
AT,PB1,AAC,0.11564350852440469,0.2746964420993665
AT,NS,AAC,0.08601450135014178,0.2746964420993665
AT,NA,AAC,0.11461112536762967,0.2746964420993665
AT,HA,AAC,0.09561622491462121,0.2746964420993665
AT,PB2,AAC,0.10624931935245764,0.2746964420993665
AT,MP,AAC,0.11784462930339873,0.2746964420993665
AT,PA,AAC,0.10916148200061644,0.2746964420993665
AT,NP,AAC,0.14678359708002,0.2746964420993665
AT,PB1,AAG,0.28302031589749965,0.2746964420993665
AT,NS,AAG,0.21050772027334042,0.2746964420993665
AT,NA,AAG,0.2804937114137204,0.2746964420993665
AT,HA,AAG,0.23400651299464523,0.2746964420993665
AT,PB2,AAG,0.26002943278637164,0.2746964420993665
AT,MP,AAG,0.2884072321727697,0.2746964420993665
AT,PA,AAG,0.26715651845804916,0.2746964420993665
AT,NP,AAG,0.3592310588310424,0.2746964420993665
AT,PB1,AAT,0.2166362451708611,0.2746964420993665
AT,NS,AAT,0.16113190303981742,0.2746964420993665
AT,NA,AAT,0.2147022705490674,0.2746964420993665
AT,HA,AAT,0.17911891646338918,0.2746964420993665
AT,PB2,AAT,0.19903800818719258,0.2746964420993665
AT,MP,AAT,0.2207596287209909,0.2746964420993665
AT,PA,AAT,0.20449339422203267,0.2746964420993665
AT,NP,AAT,0.27497131252618057,0.2746964420993665
AT,PB1,CAA,0.19629832131408828,0.2746964420993665
AT,NS,CAA,0.1460047558150487,0.2746964420993665
AT,NA,CAA,0.1945459092400019,0.2746964420993665
AT,HA,CAA,0.16230313902288332,0.2746964420993665
AT,PB2,CAA,0.180352216010901,0.2746964420993665
AT,MP,CAA,0.20003459946267885,0.2746964420993665
AT,PA,CAA,0.18529544755516467,0.2746964420993665
AT,NP,CAA,0.2491568620747168,0.2746964420993665
AT,PB1,CAC,0.1551533818676809,0.2746964420993665
AT,NS,CAC,0.11540155556003703,0.2746964420993665
AT,NA,CAC,0.1537682826070244,0.2746964420993665
AT,HA,CAC,0.12828373028645673,0.2746964420993665
AT,PB2,CAC,0.14254964614113347,0.2746964420993665
AT,MP,CAC,0.15810652067432715,0.2746964420993665
AT,PA,CAC,0.14645675592339355,0.2746964420993665
AT,NP,CAC,0.19693255402106793,0.2746964420993665
AT,PB1,CAG,0.37971486431933726,0.2746964420993665
AT,NS,CAG,0.2824281719433648,0.2746964420993665
AT,NA,CAG,0.3763250395440221,0.2746964420993665
AT,HA,CAG,0.31395538178885884,0.2746964420993665
AT,PB2,CAG,0.3488690925822814,0.2746964420993665
AT,MP,CAG,0.38694223305460707,0.2746964420993665
AT,PA,CAG,0.3584311636308963,0.2746964420993665
AT,NP,CAG,0.48196318462425325,0.2746964420993665
AT,PB1,CAT,0.29065052160953697,0.2746964420993665
AT,NS,CAT,0.21618299204513539,0.2746964420993665
AT,NA,CAT,0.2880558000653161,0.2746964420993665
AT,HA,CAT,0.24031531039119794,0.2746964420993665
AT,PB2,CAT,0.2670398060772522,0.2746964420993665
AT,MP,CAT,0.2961826687287606,0.2746964420993665
AT,PA,CAT,0.27435903742451395,0.2746964420993665
AT,NP,CAT,0.3689159002472555,0.2746964420993665
AT,PB1,GAA,0.13437811971228036,0.2746964420993665
AT,NS,GAA,0.09994912042107601,0.2746964420993665
AT,NA,GAA,0.13317848724522513,0.2746964420993665
AT,HA,GAA,0.11110635332636745,0.2746964420993665
AT,PB2,GAA,0.12346204242220658,0.2746964420993665
AT,MP,GAA,0.1369358289630199,0.2746964420993665
AT,PA,GAA,0.1268459845556583,0.2746964420993665
AT,NP,GAA,0.17056300030931282,0.2746964420993665
AT,PB1,GAC,0.10621191043717823,0.2746964420993665
AT,NS,GAC,0.07899937169211578,0.2746964420993665
AT,NA,GAC,0.1052637258932866,0.2746964420993665
AT,HA,GAC,0.0878180024677275,0.2746964420993665
AT,PB2,GAC,0.09758388806314082,0.2746964420993665
AT,MP,GAC,0.10823351325797634,0.2746964420993665
AT,PA,GAC,0.10025854193962247,0.2746964420993665
AT,NP,GAC,0.1348122905093275,0.2746964420993665
AT,PB1,GAG,0.25993788002085233,0.2746964420993665
AT,NS,GAG,0.19333923207015302,0.2746964420993665
AT,NA,GAG,0.25761733913995455,0.2746964420993665
AT,HA,GAG,0.21492152146748944,0.2746964420993665
AT,PB2,GAG,0.2388220763840625,0.2746964420993665
AT,MP,GAG,0.2648854527489905,0.2746964420993665
AT,PA,GAG,0.24536789460332345,0.2746964420993665
AT,NP,GAG,0.329933063547302,0.2746964420993665
AT,PB1,GAT,0.1989679296583978,0.2746964420993665
AT,NS,GAT,0.14799038417816174,0.2746964420993665
AT,NA,GAT,0.19719168521598382,0.2746964420993665
AT,HA,GAT,0.16451042134370275,0.2746964420993665
AT,PB2,GAT,0.18280496128938475,0.2746964420993665
AT,MP,GAT,0.2027550202604794,0.2746964420993665
AT,PA,GAT,0.18781541955311334,0.2746964420993665
AT,NP,GAT,0.25254533342579044,0.2746964420993665
AT,PB1,TAA,0.11873661136910678,0.2746964420993665
AT,NS,TAA,0.08831512074682508,0.2746964420993665
AT,NA,TAA,0.11767661518571411,0.2746964420993665
AT,HA,TAA,0.09817366044262299,0.2746964420993665
AT,PB2,TAA,0.10909115696297422,0.2746964420993665
AT,MP,TAA,0.12099660525762426,0.2746964420993665
AT,PA,TAA,0.11208121087097277,0.2746964420993665
AT,NP,TAA,0.15070960008249726,0.2746964420993665
AT,PB1,TAC,0.09384892688892943,0.2746964420993665
AT,NS,TAC,0.0698039064327907,0.2746964420993665
AT,NA,TAC,0.09301111028652936,0.2746964420993665
AT,HA,TAC,0.07759605546310462,0.2746964420993665
AT,PB2,TAC,0.08622519959088766,0.2746964420993665
AT,MP,TAC,0.09563521671788179,0.2746964420993665
AT,PA,TAC,0.08858852584190718,0.2746964420993665
AT,NP,TAC,0.11912024502395467,0.2746964420993665
AT,PB1,TAG,0.22968131349232504,0.2746964420993665
AT,NS,TAG,0.17083469622783676,0.2746964420993665
AT,NA,TAG,0.22763088176034937,0.2746964420993665
AT,HA,TAG,0.18990482396971903,0.2746964420993665
AT,PB2,TAG,0.21102337293223875,0.2746964420993665
AT,MP,TAG,0.23405299261314577,0.2746964420993665
AT,PA,TAG,0.21680726301536646,0.2746964420993665
AT,NP,TAG,0.2915291122402476,0.2746964420993665
AT,PB1,TAT,0.17580821780620562,0.2746964420993665
AT,NS,TAT,0.13076441886633547,0.2746964420993665
AT,NA,TAT,0.1742387268317299,0.2746964420993665
AT,HA,TAT,0.1453615365885355,0.2746964420993665
AT,PB2,TAT,0.1615266063510687,0.2746964420993665
AT,MP,TAT,0.17915449401547057,0.2746964420993665
AT,PA,TAT,0.16595385118017683,0.2746964420993665
AT,NP,TAT,0.22314925355604023,0.2746964420993665
CA,PB1,ACA,0.5954367409058013,0.3678696468183828
CA,NS,ACA,0.53899502755317,0.3678696468183828
CA,NA,ACA,0.48858653499976196,0.3678696468183828
CA,HA,ACA,0.4609095432975505,0.3678696468183828
CA,PB2,ACA,0.5732506218418776,0.3678696468183828
CA,MP,ACA,0.4566628684690289,0.3678696468183828
CA,PA,ACA,0.598808805727044,0.3678696468183828
CA,NP,ACA,0.6177365416489757,0.3678696468183828
CA,PB1,ACC,0.35867856976923834,0.3678696468183828
CA,NS,ACC,0.32467926870183944,0.3678696468183828
CA,NA,ACC,0.29431425295596014,0.3678696468183828
CA,HA,ACC,0.2776422152443425,0.3678696468183828
CA,PB2,ACC,0.34531411825341035,0.3678696468183828
CA,MP,ACC,0.27508410764175817,0.3678696468183828
CA,PA,ACC,0.3607098306978344,0.3678696468183828
CA,NP,ACC,0.372111500737746,0.3678696468183828
CA,PB1,ACG,1.0150513043166662,0.3678696468183828
CA,NS,ACG,0.9188341399722185,0.3678696468183828
CA,NA,ACG,0.8329019114081292,0.3678696468183828
CA,HA,ACG,0.7857204652579399,0.3678696468183828
CA,PB2,ACG,0.9772302436624274,0.3678696468183828
CA,MP,ACG,0.7784810852741952,0.3678696468183828
CA,PA,ACG,1.020799721503412,0.3678696468183828
CA,NP,ACG,1.053066160094506,0.3678696468183828
CA,PB1,ACT,0.9424271981693696,0.3678696468183828
CA,NS,ACT,0.8530941051293247,0.3678696468183828
CA,NA,ACT,0.7733100892340654,0.3678696468183828
CA,HA,ACT,0.7295043447245937,0.3678696468183828
CA,PB2,ACT,0.9073121295294022,0.3678696468183828
CA,MP,ACT,0.7227829223043182,0.3678696468183828
CA,PA,ACT,0.9477643320464206,0.3678696468183828
CA,NP,ACT,0.9777221964292264,0.3678696468183828
CA,PB1,CCA,0.6760509185525503,0.3678696468183828
CA,NS,CCA,0.6119677514663547,0.3678696468183828
CA,NA,CCA,0.5547346226511275,0.3678696468183828
CA,HA,CCA,0.5233105361317311,0.3678696468183828
CA,PB2,CCA,0.6508610954498225,0.3678696468183828
CA,MP,CCA,0.5184889182815314,0.3678696468183828
CA,PA,CCA,0.6798795158882671,0.3678696468183828
CA,NP,CCA,0.7013698143147231,0.3678696468183828
CA,PB1,CCC,0.40723885494323225,0.3678696468183828
CA,NS,CCC,0.3686365028582842,0.3678696468183828
CA,NA,CCC,0.33416046976090447,0.3678696468183828
CA,HA,CCC,0.31523126093859394,0.3678696468183828
CA,PB2,CCC,0.3920650352869543,0.3678696468183828
CA,MP,CCC,0.31232681975168874,0.3678696468183828
CA,PA,CCC,0.40954512145696503,0.3678696468183828
CA,NP,CCC,0.42249042525496294,0.3678696468183828
CA,PB1,CCG,1.1524756863631433,0.3678696468183828
CA,NS,CCG,1.0432320037569398,0.3678696468183828
CA,NA,CCG,0.9456656997938276,0.3678696468183828
CA,HA,CCG,0.892096516340435,0.3678696468183828
CA,PB2,CCG,1.1095341595150798,0.3678696468183828
CA,MP,CCG,0.8838770210497743,0.3678696468183828
CA,PA,CCG,1.159002362418455,0.3678696468183828
CA,NP,CCG,1.1956372456047775,0.3678696468183828
CA,PB1,CCT,1.0700192467500138,0.3678696468183828
CA,NS,CCT,0.9685916467080856,0.3678696468183828
CA,NA,CCT,0.8780059412480083,0.3678696468183828
CA,HA,CCT,0.8282694843265639,0.3678696468183828
CA,PB2,CCT,1.0301500670736434,0.3678696468183828
CA,MP,CCT,0.8206380711317811,0.3678696468183828
CA,PA,CCT,1.0760789572316503,0.3678696468183828
CA,NP,CCT,1.1100927161123315,0.3678696468183828
CA,PB1,GCA,0.7423093125843765,0.3678696468183828
CA,NS,GCA,0.6719454828748753,0.3678696468183828
CA,NA,GCA,0.6091030499426847,0.3678696468183828
CA,HA,GCA,0.5745991517559212,0.3678696468183828
CA,PB2,GCA,0.7146506854627058,0.3678696468183828
CA,MP,GCA,0.5693049768147951,0.3678696468183828
CA,PA,GCA,0.7465131430628901,0.3678696468183828
CA,NP,GCA,0.7701096625178603,0.3678696468183828
CA,PB1,GCC,0.4471515179918529,0.3678696468183828
CA,NS,GCC,0.4047658268346409,0.3678696468183828
CA,NA,GCC,0.36691086690951374,0.3678696468183828
CA,HA,GCC,0.34612644431196765,0.3678696468183828
CA,PB2,GCC,0.43049054271731746,0.3678696468183828
CA,MP,GCC,0.3429373446720923,0.3678696468183828
CA,PA,GCC,0.44968381705907506,0.3678696468183828
CA,NP,GCC,0.46389786410757533,0.3678696468183828
CA,PB1,GCG,1.2654275159422534,0.3678696468183828
CA,NS,GCG,1.1454770792011586,0.3678696468183828
CA,NA,GCG,1.0383484975533157,0.3678696468183828
CA,HA,GCG,0.9795291059161703,0.3678696468183828
CA,PB2,GCG,1.218277376209943,0.3678696468183828
CA,MP,GCG,0.9705040343844813,0.3678696468183828
CA,PA,GCG,1.2725938584219771,0.3678696468183828
CA,NP,GCG,1.3128192530015337,0.3678696468183828
CA,PB1,GCT,1.1748896861314069,0.3678696468183828
CA,NS,GCT,1.06352137052375,0.3678696468183828
CA,NA,GCT,0.9640575418316603,0.3678696468183828
CA,HA,GCT,0.9094465145634973,0.3678696468183828
CA,PB2,GCT,1.1311130081524257,0.3678696468183828
CA,MP,GCT,0.9010671618739171,0.3678696468183828
CA,PA,GCT,1.1815432966785453,0.3678696468183828
CA,NP,GCT,1.218890675818548,0.3678696468183828
CA,PB1,TCA,0.7258737190992084,0.3678696468183828
CA,NS,TCA,0.6570678266020785,0.3678696468183828
CA,NA,TCA,0.5956167983899722,0.3678696468183828
CA,HA,TCA,0.561876856730006,0.3678696468183828
CA,PB2,TCA,0.6988274862234714,0.3678696468183828
CA,MP,TCA,0.5566999009934576,0.3678696468183828
CA,PA,TCA,0.7299844718705532,0.3678696468183828
CA,NP,TCA,0.7530585368784998,0.3678696468183828
CA,PB1,TCC,0.437251062142251,0.3678696468183828
CA,NS,TCC,0.39580383959595067,0.3678696468183828
CA,NA,TCC,0.35878703261081646,0.3678696468183828
CA,HA,TCC,0.3384628013578298,0.3678696468183828
CA,PB2,TCC,0.4209589802818711,0.3678696468183828
CA,MP,TCC,0.3353443121014915,0.3678696468183828
CA,PA,TCC,0.43972729315624237,0.3678696468183828
CA,NP,TCC,0.4536266246338779,0.3678696468183828
CA,PB1,TCG,1.2374094756396687,0.3678696468183828
CA,NS,TCG,1.1201148813933708,0.3678696468183828
CA,NA,TCG,1.015358251422217,0.3678696468183828
CA,HA,TCG,0.9578411896812539,0.3678696468183828
CA,PB2,TCG,1.1913032949636055,0.3678696468183828
CA,MP,TCG,0.9490159437537364,0.3678696468183828
CA,PA,TCG,1.2444171469431382,0.3678696468183828
CA,NP,TCG,1.2837519043962542,0.3678696468183828
CA,PB1,TCT,1.148876258920122,0.3678696468183828
CA,NS,TCT,1.0399737676412517,0.3678696468183828
CA,NA,TCT,0.9427121840606641,0.3678696468183828
CA,HA,TCT,0.8893103085958945,0.3678696468183828
CA,PB2,TCT,1.1060688476217495,0.3678696468183828
CA,MP,TCT,0.8811164845426118,0.3678696468183828
CA,PA,TCT,1.1553825507736815,0.3678696468183828
CA,NP,TCT,1.1919030154039572,0.3678696468183828
CT,PB1,ACA,1.4941510480100866,0.22079501689602485
CT,NS,ACA,1.2000543986846186,0.22079501689602485
CT,NA,ACA,1.3628847053929445,0.22079501689602485
CT,HA,ACA,1.156783657957197,0.22079501689602485
CT,PB2,ACA,1.4349424362073173,0.22079501689602485
CT,MP,ACA,1.359938055703081,0.22079501689602485
CT,PA,ACA,1.423649190385899,0.22079501689602485
CT,NP,ACA,1.5393835588062874,0.22079501689602485
CT,PB1,ACC,3.1194089425023916,0.22079501689602485
CT,NS,ACC,2.5054096289205017,0.22079501689602485
CT,NA,ACC,2.8453580668865466,0.22079501689602485
CT,HA,ACC,2.4150712821023625,0.22079501689602485
CT,PB2,ACC,2.995796357699343,0.22079501689602485
CT,MP,ACC,2.839206208675676,0.22079501689602485
CT,PA,ACC,2.9722189208316796,0.22079501689602485
CT,NP,ACC,3.213842968337611,0.22079501689602485
CT,PB1,ACG,4.185341717555082,0.22079501689602485
CT,NS,ACG,3.3615327880266,0.22079501689602485
CT,NA,ACG,3.81764495717862,0.22079501689602485
CT,HA,ACG,3.24032493788509,0.22079501689602485
CT,PB2,ACG,4.019489494416942,0.22079501689602485
CT,MP,ACG,3.8093909483952175,0.22079501689602485
CT,PA,ACG,3.987855415033913,0.22079501689602485
CT,NP,ACG,4.312044780593607,0.22079501689602485
CT,PB1,ACT,2.229172231978916,0.22079501689602485
CT,NS,ACT,1.7903999371245953,0.22079501689602485
CT,NA,ACT,2.0333317335599177,0.22079501689602485
CT,HA,ACT,1.725842920740482,0.22079501689602485
CT,PB2,ACT,2.1408369907055977,0.22079501689602485
CT,MP,ACT,2.0289355316667015,0.22079501689602485
CT,PA,ACT,2.1239882323236756,0.22079501689602485
CT,NP,ACT,2.29665607652319,0.22079501689602485
CT,PB1,CCA,1.2407911105868903,0.22079501689602485
CT,NS,CCA,0.9965637892444986,0.22079501689602485
CT,NA,CCA,1.1317833156550998,0.22079501689602485
CT,HA,CCA,0.9606303737343338,0.22079501689602485
CT,PB2,CCA,1.1916223740706542,0.22079501689602485
CT,MP,CCA,1.1293363229323323,0.22079501689602485
CT,PA,CCA,1.1822440993349437,0.22079501689602485
CT,NP,CCA,1.2783536430900113,0.22079501689602485
CT,PB1,CCC,2.5904575653827004,0.22079501689602485
CT,NS,CCC,2.080572777486933,0.22079501689602485
CT,NA,CCC,2.3628768995821714,0.22079501689602485
CT,HA,CCC,2.0055529072895086,0.22079501689602485
CT,PB2,CCC,2.4878056972301734,0.22079501689602485
CT,MP,CCC,2.3577681985630843,0.22079501689602485
CT,PA,CCC,2.468226234956409,0.22079501689602485
CT,NP,CCC,2.668878619230853,0.22079501689602485
CT,PB1,CCG,3.47564244246058,0.22079501689602485
CT,NS,CCG,2.7915249980145336,0.22079501689602485
CT,NA,CCG,3.1702952205218566,0.22079501689602485
CT,HA,CCG,2.690870098906958,0.22079501689602485
CT,PB2,CCG,3.337913419404346,0.22079501689602485
CT,MP,CCG,3.16344082602219,0.22079501689602485
CT,PA,CCG,3.311643461930945,0.22079501689602485
CT,NP,CCG,3.580860743188413,0.22079501689602485
CT,PB1,CCT,1.8511763540173911,0.22079501689602485
CT,NS,CCT,1.4868057211070727,0.22079501689602485
CT,NA,CCT,1.6885441021745649,0.22079501689602485
CT,HA,CCT,1.4331954973200602,0.22079501689602485
CT,PB2,CCT,1.7778199271223631,0.22079501689602485
CT,MP,CCT,1.6848933546569613,0.22079501689602485
CT,PA,CCT,1.76382817598545,0.22079501689602485
CT,NP,CCT,1.9072171100910686,0.22079501689602485
CT,PB1,GCA,1.2105983152526694,0.22079501689602485
CT,NS,GCA,0.9723139003877654,0.22079501689602485
CT,NA,GCA,1.1042430619244803,0.22079501689602485
CT,HA,GCA,0.9372548707842216,0.22079501689602485
CT,PB2,GCA,1.162626026378434,0.22079501689602485
CT,MP,GCA,1.1018556131086867,0.22079501689602485
CT,PA,GCA,1.1534759579276228,0.22079501689602485
CT,NP,GCA,1.2472468197244604,0.22079501689602485
CT,PB1,GCC,2.5274226561008395,0.22079501689602485
CT,NS,GCC,2.0299451516822145,0.22079501689602485
CT,NA,GCC,2.3053798253201725,0.22079501689602485
CT,HA,GCC,1.9567507777891593,0.22079501689602485
CT,PB2,GCC,2.427268667582814,0.22079501689602485
CT,MP,GCC,2.30039543689728,0.22079501689602485
CT,PA,GCC,2.4081656422307374,0.22079501689602485
CT,NP,GCC,2.603935450928978,0.22079501689602485
CT,PB1,GCG,3.3910678835160795,0.22079501689602485
CT,NS,GCG,2.723597413575645,0.22079501689602485
CT,NA,GCG,3.0931508293946517,0.22079501689602485
CT,HA,GCG,2.6253918008485173,0.22079501689602485
CT,PB2,GCG,3.256690290180157,0.22079501689602485
CT,MP,GCG,3.086463226330306,0.22079501689602485
CT,PA,GCG,3.231059572819508,0.22079501689602485
CT,NP,GCG,3.4937258543123195,0.22079501689602485
CT,PB1,GCT,1.8061307469788626,0.22079501689602485
CT,NS,GCT,1.4506265282871778,0.22079501689602485
CT,NA,GCT,1.647455907671263,0.22079501689602485
CT,HA,GCT,1.3983208290900113,0.22079501689602485
CT,PB2,GCT,1.7345593389841103,0.22079501689602485
CT,MP,GCT,1.6438939956326333,0.22079501689602485
CT,PA,GCT,1.7209080561781187,0.22079501689602485
CT,NP,GCT,1.8608078350958064,0.22079501689602485
CT,PB1,TCA,1.187290148079215,0.22079501689602485
CT,NS,TCA,0.9535935249752311,0.22079501689602485
CT,NA,TCA,1.0829825979347456,0.22079501689602485
CT,HA,TCA,0.9192095018644627,0.22079501689602485
CT,PB2,TCA,1.1402414902018891,0.22079501689602485
CT,MP,TCA,1.0806411156921871,0.22079501689602485
CT,PA,TCA,1.1312675919327255,0.22079501689602485
CT,NP,TCA,1.2232330432187253,0.22079501689602485
CT,PB1,TCC,2.4787611066470236,0.22079501689602485
CT,NS,TCC,1.9908617494073013,0.22079501689602485
CT,NA,TCC,2.2609933614618805,0.22079501689602485
CT,HA,TCC,1.9190766181022796,0.22079501689602485
CT,PB2,TCC,2.3805354257088567,0.22079501689602485
CT,MP,TCC,2.25610493960127,0.22079501689602485
CT,PA,TCC,2.3618001990748314,0.22079501689602485
CT,NP,TCC,2.553800767909475,0.22079501689602485
CT,PB1,TCG,3.3257782030913807,0.22079501689602485
CT,NS,TCG,2.6711588276062272,0.22079501689602485
CT,NA,TCG,3.033597073441181,0.22079501689602485
CT,HA,TCG,2.5748440095464766,0.22079501689602485
CT,PB2,TCG,3.193987839037358,0.22079501689602485
CT,MP,TCG,3.027038229659125,0.22079501689602485
CT,PA,TCG,3.1688506008410946,0.22079501689602485
CT,NP,TCG,3.42645965606593,0.22079501689602485
CT,PB1,TCT,1.771356539169964,0.22079501689602485
CT,NS,TCT,1.4226969952607684,0.22079501689602485
CT,NA,TCT,1.615736734413631,0.22079501689602485
CT,HA,TCT,1.3713983600629909,0.22079501689602485
CT,PB2,TCT,1.7011631261066127,0.22079501689602485
CT,MP,TCT,1.6122434013910198,0.22079501689602485
CT,PA,TCT,1.687774677287556,0.22079501689602485
CT,NP,TCT,1.8249809059223308,0.22079501689602485
GA,PB1,AGA,3.1369783854233555,0.21621497348739557
GA,NS,AGA,2.7631366744716264,0.21621497348739557
GA,NA,AGA,2.433734318290637,0.21621497348739557
GA,HA,AGA,2.4701980101281906,0.21621497348739557
GA,PB2,AGA,3.0511384377246955,0.21621497348739557
GA,MP,AGA,2.8029586634100894,0.21621497348739557
GA,PA,AGA,3.0912762252201427,0.21621497348739557
GA,NP,AGA,3.4482506419593997,0.21621497348739557
GA,PB1,AGC,2.8452535323625185,0.21621497348739557
GA,NS,AGC,2.5061774158127688,0.21621497348739557
GA,NA,AGC,2.207407994305897,0.21621497348739557
GA,HA,AGC,2.2404807271260743,0.21621497348739557
GA,PB2,AGC,2.7673963129623713,0.21621497348739557
GA,MP,AGC,2.5422961392376267,0.21621497348739557
GA,PA,AGC,2.8038014671015588,0.21621497348739557
GA,NP,AGC,3.1275788717881863,0.21621497348739557
GA,PB1,AGG,2.988638745215826,0.21621497348739557
GA,NS,AGG,2.6324750473338816,0.21621497348739557
GA,NA,AGG,2.3186492814241078,0.21621497348739557
GA,HA,AGG,2.3533886990514996,0.21621497348739557
GA,PB2,AGG,2.9068579478818033,0.21621497348739557
GA,MP,AGG,2.6704139568291043,0.21621497348739557
GA,PA,AGG,2.945097722632417,0.21621497348739557
GA,NP,AGG,3.285191737266115,0.21621497348739557
GA,PB1,AGT,3.656918706656561,0.21621497348739557
GA,NS,AGT,3.22111438219566,0.21621497348739557
GA,NA,AGT,2.8371150394101217,0.21621497348739557
GA,HA,AGT,2.8796224272244992,0.21621497348739557
GA,PB2,AGT,3.5568511665114637,0.21621497348739557
GA,MP,AGT,3.2675366900324043,0.21621497348739557
GA,PA,AGT,3.6036416151221258,0.21621497348739557
GA,NP,AGT,4.019782965804537,0.21621497348739557
GA,PB1,CGA,5.03958771937954,0.21621497348739557
GA,NS,CGA,4.439007203983381,0.21621497348739557
GA,NA,CGA,3.9098189645430996,0.21621497348739557
GA,HA,CGA,3.9683982567823013,0.21621497348739557
GA,PB2,CGA,4.90168496931135,0.21621497348739557
GA,MP,CGA,4.502981634712032,0.21621497348739557
GA,PA,CGA,4.966166733637508,0.21621497348739557
GA,NP,CGA,5.53964976912519,0.21621497348739557
GA,PB1,CGC,4.570928772363944,0.21621497348739557
GA,NS,CGC,4.026199538385364,0.21621497348739557
GA,NA,CGC,3.5462234204278413,0.21621497348739557
GA,HA,CGC,3.5993551024762,0.21621497348739557
GA,PB2,CGC,4.445850356593772,0.21621497348739557
GA,MP,CGC,4.084224635356829,0.21621497348739557
GA,PA,CGC,4.504335607424473,0.21621497348739557
GA,NP,CGC,5.024487305011352,0.21621497348739557
GA,PB1,CGG,4.801278576874512,0.21621497348739557
GA,NS,CGG,4.229097969486483,0.21621497348739557
GA,NA,CGG,3.7249336809300826,0.21621497348739557
GA,HA,CGG,3.7807429090927345,0.21621497348739557
GA,PB2,CGG,4.669896893200595,0.21621497348739557
GA,MP,CGG,4.290047213914565,0.21621497348739557
GA,PA,CGG,4.73132948072511,0.21621497348739557
GA,NP,CGG,5.277693978340595,0.21621497348739557
GA,PB1,CGT,5.874877139884581,0.21621497348739557
GA,NS,CGT,5.174753054933562,0.21621497348739557
GA,NA,CGT,4.55785420056334,0.21621497348739557
GA,HA,CGT,4.626142751931005,0.21621497348739557
GA,PB2,CGT,5.7141176176745825,0.21621497348739557
GA,MP,CGT,5.249330965181974,0.21621497348739557
GA,PA,CGT,5.789286949824994,0.21621497348739557
GA,NP,CGT,6.4578222671769065,0.21621497348739557
GA,PB1,GGA,3.741539438657786,0.21621497348739557
GA,NS,GGA,3.295650645849789,0.21621497348739557
GA,NA,GGA,2.9027655967959234,0.21621497348739557
GA,HA,GGA,2.946256601299883,0.21621497348739557
GA,PB2,GGA,3.639156345672746,0.21621497348739557
GA,MP,GGA,3.343147161232679,0.21621497348739557
GA,PA,GGA,3.687029520570129,0.21621497348739557
GA,NP,GGA,4.112800340359038,0.21621497348739557
GA,PB1,GGC,3.3935931320986903,0.21621497348739557
GA,NS,GGC,2.9891699876253512,0.21621497348739557
GA,NA,GGC,2.632821477598219,0.21621497348739557
GA,HA,GGC,2.672268014675389,0.21621497348739557
GA,PB2,GGC,3.300731205372163,0.21621497348739557
GA,MP,GGC,3.0322495411205344,0.21621497348739557
GA,PA,GGC,3.344152390744406,0.21621497348739557
GA,NP,GGC,3.7303284430278483,0.21621497348739557
GA,PB1,GGG,3.564611661044847,0.21621497348739557
GA,NS,GGG,3.1398078025178946,0.21621497348739557
GA,NA,GGG,2.765501277017261,0.21621497348739557
GA,HA,GGG,2.8069357037678135,0.21621497348739557
GA,PB2,GGG,3.4670700012195974,0.21621497348739557
GA,MP,GGG,3.185058329839232,0.21621497348739557
GA,PA,GGG,3.512679376795676,0.21621497348739557
GA,NP,GGG,3.9183165895084784,0.21621497348739557
GA,PB1,GGT,4.361683086023049,0.21621497348739557
GA,NS,GGT,3.8418901938931858,0.21621497348739557
GA,NA,GGT,3.3838861820941486,0.21621497348739557
GA,HA,GGT,3.4345856286318877,0.21621497348739557
GA,PB2,GGT,4.24233044727931,0.21621497348739557
GA,MP,GGT,3.897259047058315,0.21621497348739557
GA,PA,GGT,4.2981383896109415,0.21621497348739557
GA,NP,GGT,4.79447884349151,0.21621497348739557
GA,PB1,TGA,2.2681225372327876,0.21621497348739557
GA,NS,TGA,1.9978245925904785,0.21621497348739557
GA,NA,TGA,1.7596575362462712,0.21621497348739557
GA,HA,TGA,1.786021798630663,0.21621497348739557
GA,PB2,TGA,2.2060578698844533,0.21621497348739557
GA,MP,TGA,2.0266169970929955,0.21621497348739557
GA,PA,TGA,2.235078605518498,0.21621497348739557
GA,NP,TGA,2.4931810277679167,0.21621497348739557
GA,PB1,TGC,2.057197362557441,0.21621497348739557
GA,NS,TGC,1.8120359086700029,0.21621497348739557
GA,NA,TGC,1.5960173152666932,0.21621497348739557
GA,HA,TGC,1.6199298200598047,0.21621497348739557
GA,PB2,TGC,2.0009044295782674,0.21621497348739557
GA,MP,TGC,1.8381507493066689,0.21621497348739557
GA,PA,TGC,2.027226367580203,0.21621497348739557
GA,NP,TGC,2.261326427698205,0.21621497348739557
GA,PB1,TGG,2.1608688555743165,0.21621497348739557
GA,NS,TGG,1.903352605585496,0.21621497348739557
GA,NA,TGG,1.6764478568209498,0.21621497348739557
GA,HA,TGG,1.7015654210404416,0.21621497348739557
GA,PB2,TGG,2.101739066727802,0.21621497348739557
GA,MP,TGG,1.9307834913270108,0.21621497348739557
GA,PA,TGG,2.1293874864088536,0.21621497348739557
GA,NP,TGG,2.3752849088944616,0.21621497348739557
GA,PB1,TGT,2.6440538366274233,0.21621497348739557
GA,NS,TGT,2.3289552007151197,0.21621497348739557
GA,NA,TGT,2.0513130060154205,0.21621497348739557
GA,HA,TGT,2.0820470285221373,0.21621497348739557
GA,PB2,TGT,2.571702224610208,0.21621497348739557
GA,MP,TGT,2.3625198191785866,0.21621497348739557
GA,PA,TGT,2.6055330190824346,0.21621497348739557
GA,NP,TGT,2.906414778594427,0.21621497348739557
GT,PB1,AGA,0.49111500911840417,0.3049293490717765
GT,NS,AGA,0.35389321718361866,0.3049293490717765
GT,NA,AGA,0.3887320465983731,0.3049293490717765
GT,HA,AGA,0.35732990120427544,0.3049293490717765
GT,PB2,AGA,0.482093999777322,0.3049293490717765
GT,MP,AGA,0.3526234889728854,0.3049293490717765
GT,PA,AGA,0.4385986791426643,0.3049293490717765
GT,NP,AGA,0.4597218480509933,0.3049293490717765
GT,PB1,AGC,0.44442115729134507,0.3049293490717765
GT,NS,AGC,0.3202460324326652,0.3049293490717765
GT,NA,AGC,0.3517724826524915,0.3049293490717765
GT,HA,AGC,0.3233559660762056,0.3049293490717765
GT,PB2,AGC,0.43625784047784244,0.3049293490717765
GT,MP,AGC,0.31909702645568955,0.3049293490717765
GT,PA,AGC,0.39689793419456226,0.3049293490717765
GT,NP,AGC,0.41601277083690325,0.3049293490717765
GT,PB1,AGG,0.5341914286692004,0.3049293490717765
GT,NS,AGG,0.3849337116025283,0.3049293490717765
GT,NA,AGG,0.42282830596981913,0.3049293490717765
GT,HA,AGG,0.38867183223169577,0.3049293490717765
GT,PB2,AGG,0.5243791733349532,0.3049293490717765
GT,MP,AGG,0.3835526136635125,0.3049293490717765
GT,PA,AGG,0.4770688141749648,0.3049293490717765
GT,NP,AGG,0.5000447272862675,0.3049293490717765
GT,PB1,AGT,0.7021012029476685,0.3049293490717765
GT,NS,AGT,0.5059280390262623,0.3049293490717765
GT,NA,AGT,0.555733855560553,0.3049293490717765
GT,HA,AGT,0.5108411447963049,0.3049293490717765
GT,PB2,AGT,0.689204709473471,0.3049293490717765
GT,MP,AGT,0.5041128273393447,0.3049293490717765
GT,PA,AGT,0.6270235169356857,0.3049293490717765
GT,NP,AGT,0.6572213362351341,0.3049293490717765
GT,PB1,CGA,0.9019573516379824,0.3049293490717765
GT,NS,CGA,0.6499426468487874,0.3049293490717765
GT,NA,CGA,0.7139259048019637,0.3049293490717765
GT,HA,CGA,0.6562542894582294,0.3049293490717765
GT,PB2,CGA,0.8853898154329907,0.3049293490717765
GT,MP,CGA,0.6476107272922894,0.3049293490717765
GT,PA,CGA,0.8055084770908704,0.3049293490717765
GT,NP,CGA,0.8443022364609182,0.3049293490717765
GT,PB1,CGC,0.8162017503027424,0.3049293490717765
GT,NS,CGC,0.5881479041010106,0.3049293490717765
GT,NA,CGC,0.646047811493101,0.3049293490717765
GT,HA,CGC,0.5938594532510413,0.3049293490717765
GT,PB2,CGC,0.8012094094518574,0.3049293490717765
GT,MP,CGC,0.5860376969829884,0.3049293490717765
GT,PA,CGC,0.7289229670242191,0.3049293490717765
GT,NP,CGC,0.7640283234373071,0.3049293490717765
GT,PB1,CGG,0.9810693571249,0.3049293490717765
GT,NS,CGG,0.7069500720339205,0.3049293490717765
GT,NA,CGG,0.7765453956186591,0.3049293490717765
GT,HA,CGG,0.7138153180968326,0.3049293490717765
GT,PB2,CGG,0.9630486579596267,0.3049293490717765
GT,MP,CGG,0.7044136163844312,0.3049293490717765
GT,PA,CGG,0.8761608099796088,0.3049293490717765
GT,NP,CGG,0.9183572270236229,0.3049293490717765
GT,PB1,CGT,1.289444080988869,0.3049293490717765
GT,NS,CGT,0.9291622241777356,0.3049293490717765
GT,NA,CGT,1.020633104813366,0.3049293490717765
GT,HA,CGT,0.9381853893964484,0.3049293490717765
GT,PB2,CGT,1.2657590237549547,0.3049293490717765
GT,MP,CGT,0.9258284968523716,0.3049293490717765
GT,PA,CGT,1.1515601442628585,0.3049293490717765
GT,NP,CGT,1.2070199543172613,0.3049293490717765
GT,PB1,GGA,0.2639992327081418,0.3049293490717765
GT,NS,GGA,0.19023555799038186,0.3049293490717765
GT,NA,GGA,0.2089631962485879,0.3049293490717765
GT,HA,GGA,0.19208295000176098,0.3049293490717765
GT,PB2,GGA,0.2591499825323555,0.3049293490717765
GT,MP,GGA,0.18955301466110513,0.3049293490717765
GT,PA,GGA,0.2357690410812751,0.3049293490717765
GT,NP,GGA,0.24712381599270303,0.3049293490717765
GT,PB1,GGC,0.23889891847286804,0.3049293490717765
GT,NS,GGC,0.17214848919363243,0.3049293490717765
GT,NA,GGC,0.18909555559053617,0.3049293490717765
GT,HA,GGC,0.1738202363005712,0.3049293490717765
GT,PB2,GGC,0.23451072154321856,0.3049293490717765
GT,MP,GGC,0.1715308401894956,0.3049293490717765
GT,PA,GGC,0.2133527751043526,0.3049293490717765
GT,NP,GGC,0.22362796953585268,0.3049293490717765
GT,PB1,GGG,0.28715499357490537,0.3049293490717765
GT,NS,GGG,0.20692139849072347,0.3049293490717765
GT,NA,GGG,0.2272916654363609,0.3049293490717765
GT,HA,GGG,0.20893082797169613,0.3049293490717765
GT,PB2,GGG,0.28188040853620394,0.3049293490717765
GT,MP,GGG,0.20617898828247214,0.3049293490717765
GT,PA,GGG,0.2564486903327549,0.3049293490717765
GT,NP,GGG,0.2687994092469278,0.3049293490717765
GT,PB1,GGT,0.37741501566888647,0.3049293490717765
GT,NS,GGT,0.2719619877800693,0.3049293490717765
GT,NA,GGT,0.298735140922056,0.3049293490717765
GT,HA,GGT,0.2746030313837529,0.3049293490717765
GT,PB2,GGT,0.3704824961600134,0.3049293490717765
GT,MP,GGT,0.27098621940880874,0.3049293490717765
GT,PA,GGT,0.337056950587052,0.3049293490717765
GT,NP,GGT,0.3532898104599855,0.3049293490717765
GT,PB1,TGA,0.4974631934212397,0.3049293490717765
GT,NS,TGA,0.35846766374805544,0.3049293490717765
GT,NA,TGA,0.3937568221202101,0.3049293490717765
GT,HA,TGA,0.3619487705681556,0.3049293490717765
GT,PB2,TGA,0.488325577931228,0.3049293490717765
GT,MP,TGA,0.3571815229485261,0.3049293490717765
GT,PA,TGA,0.4442680339749997,0.3049293490717765
GT,NP,TGA,0.4656642423278586,0.3049293490717765
GT,PB1,TGC,0.4501657738519942,0.3049293490717765
GT,NS,TGC,0.3243855533155309,0.3049293490717765
GT,NA,TGC,0.35631951646551363,0.3049293490717765
GT,HA,TGC,0.32753568616205275,0.3049293490717765
GT,PB2,TGC,0.44189693747852615,0.3049293490717765
GT,MP,TGC,0.3232216952131437,0.3049293490717765
GT,PA,TGC,0.4020282625064675,0.3049293490717765
GT,NP,TGC,0.42139017876085705,0.3049293490717765
GT,PB1,TGG,0.541096421551162,0.3049293490717765
GT,NS,TGG,0.38990938960107685,0.3049293490717765
GT,NA,TGG,0.42829381194075355,0.3049293490717765
GT,HA,TGG,0.3936958294187431,0.3049293490717765
GT,PB2,TGG,0.5311573323712132,0.3049293490717765
GT,MP,TGG,0.38851043950096975,0.3049293490717765
GT,PA,TGG,0.48323543645546546,0.3049293490717765
GT,NP,TGG,0.5065083377024359,0.3049293490717765
GT,PB1,TGT,0.7111766084083063,0.3049293490717765
GT,NS,TGT,0.5124676975096718,0.3049293490717765
GT,NA,TGT,0.5629173072427907,0.3049293490717765
GT,HA,TGT,0.5174443104019739,0.3049293490717765
GT,PB2,TGT,0.6981134140271634,0.3049293490717765
GT,MP,TGT,0.5106290222793413,0.3049293490717765
GT,PA,TGT,0.635128463381662,0.3049293490717765
GT,NP,TGT,0.6657166216422445,0.3049293490717765
TA,PB1,ATA,0.18973484255287923,0.34656417103561815
TA,NS,ATA,0.15578849763494215,0.34656417103561815
TA,NA,ATA,0.14033158120885,0.34656417103561815
TA,HA,ATA,0.17630004321769072,0.34656417103561815
TA,PB2,ATA,0.18466713437656207,0.34656417103561815
TA,MP,ATA,0.1663956325986805,0.34656417103561815
TA,PA,ATA,0.15248572301924712,0.34656417103561815
TA,NP,ATA,0.22391342001584894,0.34656417103561815
TA,PB1,ATC,0.18733688744836346,0.34656417103561815
TA,NS,ATC,0.15381957185356154,0.34656417103561815
TA,NA,ATC,0.13855800695671577,0.34656417103561815
TA,HA,ATC,0.1740718832083219,0.34656417103561815
TA,PB2,ATC,0.1823332272693782,0.34656417103561815
TA,MP,ATC,0.16429264902860727,0.34656417103561815
TA,PA,ATC,0.15055853920334955,0.34656417103561815
TA,NP,ATC,0.22108350052783002,0.34656417103561815
TA,PB1,ATG,0.2718264902404748,0.34656417103561815
TA,NS,ATG,0.22319274605633155,0.34656417103561815
TA,NA,ATG,0.20104816108968804,0.34656417103561815
TA,HA,ATG,0.2525789218907049,0.34656417103561815
TA,PB2,ATG,0.2645661615175238,0.34656417103561815
TA,MP,ATG,0.2383892183009929,0.34656417103561815
TA,PA,ATG,0.21846097607797615,0.34656417103561815
TA,NP,ATG,0.32079294589071694,0.34656417103561815
TA,PB1,ATT,0.11237579040530773,0.34656417103561815
TA,NS,ATT,0.09227011402980907,0.34656417103561815
TA,NA,ATT,0.08311532107117371,0.34656417103561815
TA,HA,ATT,0.10441865309771095,0.34656417103561815
TA,PB2,ATT,0.10937429787924012,0.34656417103561815
TA,MP,ATT,0.09855248768057204,0.34656417103561815
TA,PA,ATT,0.0903139529843444,0.34656417103561815
TA,NP,ATT,0.13261901302932214,0.34656417103561815
TA,PB1,CTA,0.2945043349579892,0.34656417103561815
TA,NS,CTA,0.24181319188802142,0.34656417103561815
TA,NA,CTA,0.2178211362839022,0.34656417103561815
TA,HA,CTA,0.273650987253015,0.34656417103561815
TA,PB2,CTA,0.28663829408670594,0.34656417103561815
TA,MP,CTA,0.25827747006842355,0.34656417103561815
TA,PA,CTA,0.23668666146997075,0.34656417103561815
TA,NP,CTA,0.34755594682910185,0.34656417103561815
TA,PB1,CTC,0.29078225542946134,0.34656417103561815
TA,NS,CTC,0.23875704695425404,0.34656417103561815
TA,NA,CTC,0.21506821384437802,0.34656417103561815
TA,HA,CTC,0.2701924618029187,0.34656417103561815
TA,PB2,CTC,0.2830156291549165,0.34656417103561815
TA,MP,CTC,0.25501324211008536,0.34656417103561815
TA,PA,CTC,0.23369530795573926,0.34656417103561815
TA,NP,CTC,0.3431633769374048,0.34656417103561815
TA,PB1,CTG,0.4219260872442248,0.34656417103561815
TA,NS,CTG,0.34643732463871507,0.34656417103561815
TA,NA,CTG,0.31206474351037305,0.34656417103561815
TA,HA,CTG,0.39205022343271856,0.34656417103561815
TA,PB2,CTG,0.4106566848858617,0.34656417103561815
TA,MP,CTG,0.3700251216500849,0.34656417103561815
TA,PA,CTG,0.3390927233419797,0.34656417103561815
TA,NP,CTG,0.4979312809265889,0.34656417103561815
TA,PB1,CTT,0.17442846539622736,0.34656417103561815
TA,NS,CTT,0.14322065574894793,0.34656417103561815
TA,NA,CTT,0.1290106868487467,0.34656417103561815
TA,HA,CTT,0.16207748441976239,0.34656417103561815
TA,PB2,CTT,0.16976958172268933,0.34656417103561815
TA,MP,CTT,0.15297208700470108,0.34656417103561815
TA,PA,CTT,0.14018432409781886,0.34656417103561815
TA,NP,CTT,0.20584977281703148,0.34656417103561815
TA,PB1,GTA,0.15821277444585574,0.34656417103561815
TA,NS,GTA,0.12990618963781778,0.34656417103561815
TA,NA,GTA,0.11701724631435732,0.34656417103561815
TA,HA,GTA,0.147009998780911,0.34656417103561815
TA,PB2,GTA,0.1539870025218949,0.34656417103561815
TA,MP,GTA,0.1387510819567759,0.34656417103561815
TA,PA,GTA,0.127152129665028,0.34656417103561815
TA,NP,GTA,0.1867130092697361,0.34656417103561815
TA,PB1,GTC,0.15621320955320137,0.34656417103561815
TA,NS,GTC,0.12826437621884398,0.34656417103561815
TA,NA,GTC,0.11553832921436452,0.34656417103561815
TA,HA,GTC,0.1451520196546296,0.34656417103561815
TA,PB2,GTC,0.15204084485386643,0.34656417103561815
TA,MP,GTC,0.1369974827719419,0.34656417103561815
TA,PA,GTC,0.1255451233066923,0.34656417103561815
TA,NP,GTC,0.18435324546655862,0.34656417103561815
TA,PB1,GTG,0.22666592287517734,0.34656417103561815
TA,NS,GTG,0.18611206626384436,0.34656417103561815
TA,NA,GTG,0.16764652678050876,0.34656417103561815
TA,HA,GTG,0.21061609697614866,0.34656417103561815
TA,PB2,GTG,0.22061180685098494,0.34656417103561815
TA,MP,GTG,0.1987838349451673,0.34656417103561815
TA,PA,GTG,0.18216642061309063,0.34656417103561815
TA,NP,GTG,0.26749721510894636,0.34656417103561815
TA,PB1,GTT,0.09370596007222348,0.34656417103561815
TA,NS,GTT,0.07694059005015387,0.34656417103561815
TA,NA,GTT,0.06930675129932236,0.34656417103561815
TA,HA,GTT,0.08707080148383374,0.34656417103561815
TA,PB2,GTT,0.09120312794271987,0.34656417103561815
TA,MP,GTT,0.08217922599081265,0.34656417103561815
TA,PA,GTT,0.0753094206660719,0.34656417103561815
TA,NP,GTT,0.11058602475606157,0.34656417103561815
TA,PB1,TTA,0.14659124573212295,0.34656417103561815
TA,NS,TTA,0.12036392278701948,0.34656417103561815
TA,NA,TTA,0.10842173755845949,0.34656417103561815
TA,HA,TTA,0.1362113706168947,0.34656417103561815
TA,PB2,TTA,0.1426758781350188,0.34656417103561815
TA,MP,TTA,0.12855911301703646,0.34656417103561815
TA,PA,TTA,0.11781216245258205,0.34656417103561815
TA,NP,TTA,0.1729979941196903,0.34656417103561815
TA,PB1,TTC,0.14473855899704052,0.34656417103561815
TA,NS,TTC,0.11884270886993814,0.34656417103561815
TA,NA,TTC,0.10705145440160427,0.34656417103561815
TA,HA,TTC,0.13448986945733388,0.34656417103561815
TA,PB2,TTC,0.1408726755937155,0.34656417103561815
TA,MP,TTC,0.12693432456414436,0.34656417103561815
TA,PA,TTC,0.11632319884143891,0.34656417103561815
TA,NP,TTC,0.1708115669063824,0.34656417103561815
TA,PB1,TTG,0.2100161640908757,0.34656417103561815
TA,NS,TTG,0.17244119341787448,0.34656417103561815
TA,NA,TTG,0.15533204123051914,0.34656417103561815
TA,HA,TTG,0.1951452791034724,0.34656417103561815
TA,PB2,TTG,0.2044067535176676,0.34656417103561815
TA,MP,TTG,0.1841821565804928,0.34656417103561815
TA,PA,TTG,0.16878537540199443,0.34656417103561815
TA,NP,TTG,0.24784819133624167,0.34656417103561815
TA,PB1,TTT,0.08682278322736049,0.34656417103561815
TA,NS,TTT,0.07128891445283721,0.34656417103561815
TA,NA,TTT,0.06421581977940104,0.34656417103561815
TA,HA,TTT,0.08067501060590818,0.34656417103561815
TA,PB2,TTT,0.084503796780107,0.34656417103561815
TA,MP,TTT,0.07614274608032728,0.34656417103561815
TA,PA,TTT,0.06977756271243454,0.34656417103561815
TA,NP,TTT,0.10246292176048166,0.34656417103561815
TC,PB1,ATA,2.5928369589269353,0.1485801673432308
TC,NS,ATA,2.1538941743705387,0.1485801673432308
TC,NA,ATA,2.0068204975220136,0.1485801673432308
TC,HA,ATA,1.9144934237281686,0.1485801673432308
TC,PB2,ATA,2.434757100832451,0.1485801673432308
TC,MP,ATA,2.234257363477064,0.1485801673432308
TC,PA,ATA,2.407248456936326,0.1485801673432308
TC,NP,ATA,2.5726690230401816,0.1485801673432308
TC,PB1,ATC,2.5893419161992104,0.1485801673432308
TC,NS,ATC,2.150990809334606,0.1485801673432308
TC,NA,ATC,2.0041153820454833,0.1485801673432308
TC,HA,ATC,1.9119127615331004,0.1485801673432308
TC,PB2,ATC,2.4314751435656268,0.1485801673432308
TC,MP,ATC,2.231245672007918,0.1485801673432308
TC,PA,ATC,2.4040035802446873,0.1485801673432308
TC,NP,ATC,2.5692011659005867,0.1485801673432308
TC,PB1,ATG,1.0490157245670861,0.1485801673432308
TC,NS,ATG,0.8714272797558525,0.1485801673432308
TC,NA,ATG,0.8119238855478912,0.1485801673432308
TC,HA,ATG,0.7745699933644458,0.1485801673432308
TC,PB2,ATG,0.9850594251524569,0.1485801673432308
TC,MP,ATG,0.9039407969513156,0.1485801673432308
TC,PA,ATG,0.973929917024613,0.1485801673432308
TC,NP,ATG,1.0408561363583384,0.1485801673432308
TC,PB1,ATT,1.7091675425571993,0.1485801673432308
TC,NS,ATT,1.4198216360124403,0.1485801673432308
TC,NA,ATT,1.3228724028689578,0.1485801673432308
TC,HA,ATT,1.2620114847597717,0.1485801673432308
TC,PB2,ATT,1.6049631645468834,0.1485801673432308
TC,MP,ATT,1.4727961024417153,0.1485801673432308
TC,PA,ATT,1.5868297909365043,0.1485801673432308
TC,NP,ATT,1.6958730770878856,0.1485801673432308
TC,PB1,CTA,2.465379410800148,0.1485801673432308
TC,NS,CTA,2.048013984162414,0.1485801673432308
TC,NA,CTA,1.908170090960934,0.1485801673432308
TC,HA,CTA,1.8203815911838503,0.1485801673432308
TC,PB2,CTA,2.3150703734090574,0.1485801673432308
TC,MP,CTA,2.1244267146765075,0.1485801673432308
TC,PA,CTA,2.288913987429197,0.1485801673432308
TC,NP,CTA,2.4462028815076473,0.1485801673432308
TC,PB1,CTC,2.462056175858154,0.1485801673432308
TC,NS,CTC,2.0452533414783525,0.1485801673432308
TC,NA,CTC,1.9055979523709181,0.1485801673432308
TC,HA,CTC,1.8179277880551783,0.1485801673432308
TC,PB2,CTC,2.311949749165833,0.1485801673432308
TC,MP,CTC,2.1215630706227806,0.1485801673432308
TC,PA,CTC,2.2858286209704195,0.1485801673432308
TC,NP,CTC,2.4429054957765017,0.1485801673432308
TC,PB1,CTG,0.9974486672018205,0.1485801673432308
TC,NS,CTG,0.8285900376893695,0.1485801673432308
TC,NA,CTG,0.7720116853761007,0.1485801673432308
TC,HA,CTG,0.7364940195293334,0.1485801673432308
TC,PB2,CTG,0.9366363036534961,0.1485801673432308
TC,MP,CTG,0.8595052695902465,0.1485801673432308
TC,PA,CTG,0.9260538950310601,0.1485801673432308
TC,NP,CTG,0.9896901844706966,0.1485801673432308
TC,PB1,CTT,1.6251490301080462,0.1485801673432308
TC,NS,CTT,1.3500266634128502,0.1485801673432308
TC,NA,CTT,1.2578432183790662,0.1485801673432308
TC,HA,CTT,1.1999740747323022,0.1485801673432308
TC,PB2,CTT,1.5260670854538052,0.1485801673432308
TC,MP,CTT,1.4003970341309957,0.1485801673432308
TC,PA,CTT,1.5088251043128558,0.1485801673432308
TC,NP,CTT,1.6125080881726905,0.1485801673432308
TC,PB1,GTA,2.4399491881181867,0.1485801673432308
TC,NS,GTA,2.0268888577640727,0.1485801673432308
TC,NA,GTA,1.8884874449083147,0.1485801673432308
TC,HA,GTA,1.8016044775975388,0.1485801673432308
TC,PB2,GTA,2.291190578330743,0.1485801673432308
TC,MP,GTA,2.1025133961061226,0.1485801673432308
TC,PA,GTA,2.2653039937117234,0.1485801673432308
TC,NP,GTA,2.420970463434599,0.1485801673432308
TC,PB1,GTC,2.436660232120938,0.1485801673432308
TC,NS,GTC,2.0241566909234834,0.1485801673432308
TC,NA,GTC,1.8859418377547286,0.1485801673432308
TC,HA,GTC,1.7991759852829778,0.1485801673432308
TC,PB2,GTC,2.288102143116544,0.1485801673432308
TC,MP,GTC,2.099679290348063,0.1485801673432308
TC,PA,GTC,2.262250452600297,0.1485801673432308
TC,NP,GTC,2.417707090015329,0.1485801673432308
TC,PB1,GTG,0.9871600513361857,0.1485801673432308
TC,NS,GTG,0.820043187221572,0.1485801673432308
TC,NA,GTG,0.7640484368042231,0.1485801673432308
TC,HA,GTG,0.7288971332900324,0.1485801673432308
TC,PB2,GTG,0.926974963224687,0.1485801673432308
TC,MP,GTG,0.8506395305862426,0.1485801673432308
TC,PA,GTG,0.9165017114349076,0.1485801673432308
TC,NP,GTG,0.9794815968322232,0.1485801673432308
TC,PB1,GTT,1.608385727248464,0.1485801673432308
TC,NS,GTT,1.3361012292477163,0.1485801673432308
TC,NA,GTT,1.244868650244747,0.1485801673432308
TC,HA,GTT,1.187596422919627,0.1485801673432308
TC,PB2,GTT,1.5103258061842968,0.1485801673432308
TC,MP,GTT,1.3859520329822472,0.1485801673432308
TC,PA,GTT,1.493261674918288,0.1485801673432308
TC,NP,GTT,1.5958751757783318,0.1485801673432308
TC,PB1,TTA,2.20707412297826,0.1485801673432308
TC,NS,TTA,1.833437339559614,0.1485801673432308
TC,NA,TTA,1.7082453157317887,0.1485801673432308
TC,HA,TTA,1.6296546836756054,0.1485801673432308
TC,PB2,TTA,2.0725134198984936,0.1485801673432308
TC,MP,TTA,1.9018440762448334,0.1485801673432308
TC,PA,TTA,2.0490975179103916,0.1485801673432308
TC,NP,TTA,2.189906776895705,0.1485801673432308
TC,PB1,TTC,2.2040990734532575,0.1485801673432308
TC,NS,TTC,1.83096593779318,0.1485801673432308
TC,NA,TTC,1.7059426679130114,0.1485801673432308
TC,HA,TTC,1.6274579729525216,0.1485801673432308
TC,PB2,TTC,2.0697197529340556,0.1485801673432308
TC,MP,TTC,1.8992804648750319,0.1485801673432308
TC,PA,TTC,2.0463354146652515,0.1485801673432308
TC,NP,TTC,2.18695486828123,0.1485801673432308
TC,PB1,TTG,0.8929429412513045,0.1485801673432308
TC,NS,TTG,0.7417761431487975,0.1485801673432308
TC,NA,TTG,0.6911256766265533,0.1485801673432308
TC,HA,TTG,0.6593293044918697,0.1485801673432308
TC,PB2,TTG,0.8385020737090985,0.1485801673432308
TC,MP,TTG,0.769452292318938,0.1485801673432308
TC,PA,TTG,0.829028416175072,0.1485801673432308
TC,NP,TTG,0.8859973383171583,0.1485801673432308
TC,PB1,TTT,1.4548772309129363,0.1485801673432308
TC,NS,TTT,1.2085802700778376,0.1485801673432308
TC,NA,TTT,1.1260551645262256,0.1485801673432308
TC,HA,TTT,1.0742491467984179,0.1485801673432308
TC,PB2,TTT,1.366176402495713,0.1485801673432308
TC,MP,TTT,1.2536731840893,0.1485801673432308
TC,PA,TTT,1.3507409160799657,0.1485801673432308
TC,NP,TTT,1.4435607188526125,0.1485801673432308
TG,PB1,ATA,0.15056011899289876,0.36719584068256744
TG,NS,ATA,0.09789020537598038,0.36719584068256744
TG,NA,ATA,0.10413341828409078,0.36719584068256744
TG,HA,ATA,0.12410713193729074,0.36719584068256744
TG,PB2,ATA,0.1326263837944835,0.36719584068256744
TG,MP,ATA,0.11003923467975846,0.36719584068256744
TG,PA,ATA,0.11940492962287863,0.36719584068256744
TG,NP,ATA,0.14646506577662152,0.36719584068256744
TG,PB1,ATC,0.09547323020711289,0.36719584068256744
TG,NS,ATC,0.062074167949637056,0.36719584068256744
TG,NA,ATC,0.06603311609071917,0.36719584068256744
TG,HA,ATC,0.07869885370077552,0.36719584068256744
TG,PB2,ATC,0.08410108437909014,0.36719584068256744
TG,MP,ATC,0.06977811424877134,0.36719584068256744
TG,PA,ATC,0.075717091684066,0.36719584068256744
TG,NP,ATC,0.09287647376826831,0.36719584068256744
TG,PB1,ATG,0.21049587468855577,0.36719584068256744
TG,NS,ATG,0.1368588477605496,0.36719584068256744
TG,NA,ATG,0.14558739135330248,0.36719584068256744
TG,HA,ATG,0.17351234488238,0.36719584068256744
TG,PB2,ATG,0.1854229848537556,0.36719584068256744
TG,MP,ATG,0.15384422587410085,0.36719584068256744
TG,PA,ATG,0.16693826540000772,0.36719584068256744
TG,NP,ATG,0.20477064137695672,0.36719584068256744
TG,PB1,ATT,0.24435261625387286,0.36719584068256744
TG,NS,ATT,0.15887160523815688,0.36719584068256744
TG,NA,ATT,0.16900407204365056,0.36719584068256744
TG,HA,ATT,0.20142055271669856,0.36719584068256744
TG,PB2,ATT,0.21524693312709728,0.36719584068256744
TG,MP,ATT,0.17858895877892525,0.36719584068256744
TG,PA,ATT,0.19378908001750514,0.36719584068256744
TG,NP,ATT,0.2377065205029564,0.36719584068256744
TG,PB1,CTA,0.142326629807347,0.36719584068256744
TG,NS,CTA,0.09253700857508923,0.36719584068256744
TG,NA,CTA,0.09843880686221058,0.36719584068256744
TG,HA,CTA,0.11732024351364564,0.36719584068256744
TG,PB2,CTA,0.12537361391096458,0.36719584068256744
TG,MP,CTA,0.1040216594096106,0.36719584068256744
TG,PA,CTA,0.11287518453946838,0.36719584068256744
TG,NP,CTA,0.13845551754300317,0.36719584068256744
TG,PB1,CTC,0.09025220744439152,0.36719584068256744
TG,NS,CTC,0.05867959710355817,0.36719584068256744
TG,NA,CTC,0.06242204729734989,0.36719584068256744
TG,HA,CTC,0.07439514987007372,0.36719584068256744
TG,PB2,CTC,0.07950195564991401,0.36719584068256744
TG,MP,CTC,0.06596224751793707,0.36719584068256744
TG,PA,CTC,0.07157644766948738,0.36719584068256744
TG,NP,CTC,0.08779745651271414,0.36719584068256744
TG,PB1,CTG,0.1989847552802799,0.36719584068256744
TG,NS,CTG,0.12937462251869314,0.36719584068256744
TG,NA,CTG,0.13762583938138456,0.36719584068256744
TG,HA,CTG,0.16402369659553723,0.36719584068256744
TG,PB2,CTG,0.1752829945910079,0.36719584068256744
TG,MP,CTG,0.14543114292446707,0.36719584068256744
TG,PA,CTG,0.15780912541247516,0.36719584068256744
TG,NP,CTG,0.19357261050016664,0.36719584068256744
TG,PB1,CTT,0.23099001640442382,0.36719584068256744
TG,NS,CTT,0.15018359640574286,0.36719584068256744
TG,NA,CTT,0.15976196192316616,0.36719584068256744
TG,HA,CTT,0.19040572386538096,0.36719584068256744
TG,PB2,CTT,0.20347599864604307,0.36719584068256744
TG,MP,CTT,0.16882269218322346,0.36719584068256744
TG,PA,CTT,0.1831915837796242,0.36719584068256744
TG,NP,CTT,0.2247073672146375,0.36719584068256744
TG,PB1,GTA,0.2072930305141003,0.36719584068256744
TG,NS,GTA,0.13477644322924404,0.36719584068256744
TG,NA,GTA,0.14337217583442347,0.36719584068256744
TG,HA,GTA,0.17087223137029858,0.36719584068256744
TG,PB2,GTA,0.18260164249857788,0.36719584068256744
TG,MP,GTA,0.15150337675606695,0.36719584068256744
TG,PA,GTA,0.1643981811745035,0.36719584068256744
TG,NP,GTA,0.20165491069195365,0.36719584068256744
TG,PB1,GTC,0.1314487219788676,0.36719584068256744
TG,NS,GTC,0.08546448074691279,0.36719584068256744
TG,NA,GTC,0.09091520942129559,0.36719584068256744
TG,HA,GTC,0.10835355332303516,0.36719584068256744
TG,PB2,GTC,0.11579141121219437,0.36719584068256744
TG,MP,GTC,0.09607136911780176,0.36719584068256744
TG,PA,GTC,0.10424822656818114,0.36719584068256744
TG,NP,GTC,0.12787347565656307,0.36719584068256744
TG,PB1,GTG,0.28981331887075007,0.36719584068256744
TG,NS,GTG,0.18842895113738778,0.36719584068256744
TG,NA,GTG,0.2004465177109206,0.36719584068256744
TG,HA,GTG,0.23889393846701687,0.36719584068256744
TG,PB2,GTG,0.25529265461804007,0.36719584068256744
TG,MP,GTG,0.21181462941087525,0.36719584068256744
TG,PA,GTG,0.22984266467780196,0.36719584068256744
TG,NP,GTG,0.2819307469685744,0.36719584068256744
TG,PB1,GTT,0.3364276986238525,0.36719584068256744
TG,NS,GTT,0.21873638738297396,0.36719584068256744
TG,NA,GTT,0.2326868927674269,0.36719584068256744
TG,HA,GTT,0.27731830354384124,0.36719584068256744
TG,PB2,GTT,0.2963546347813818,0.36719584068256744
TG,MP,GTT,0.24588348315125355,0.36719584068256744
TG,PA,GTT,0.2668111977200471,0.36719584068256744
TG,NP,GTT,0.32727727194705547,0.36719584068256744
TG,PB1,TTA,0.11568018687390628,0.36719584068256744
TG,NS,TTA,0.07521219647516733,0.36719584068256744
TG,NA,TTA,0.08000905795970069,0.36719584068256744
TG,HA,TTA,0.09535550523553635,0.36719584068256744
TG,PB2,TTA,0.10190112072427286,0.36719584068256744
TG,MP,TTA,0.08454668684086568,0.36719584068256744
TG,PA,TTA,0.09174265180470342,0.36719584068256744
TG,NP,TTA,0.11253382564301562,0.36719584068256744
TG,PB1,TTC,0.0733551566357038,0.36719584068256744
TG,NS,TTC,0.047693581783067936,0.36719584068256744
TG,NA,TTC,0.05073536910263085,0.36719584068256744
TG,HA,TTC,0.06046686309604545,0.36719584068256744
TG,PB2,TTC,0.0646175708570619,0.36719584068256744
TG,MP,TTC,0.05361277176187255,0.36719584068256744
TG,PA,TTC,0.05817587933743975,0.36719584068256744
TG,NP,TTC,0.07135998505825754,0.36719584068256744
TG,PB1,TTG,0.1617307576736638,0.36719584068256744
TG,NS,TTG,0.1051530590583193,0.36719584068256744
TG,NA,TTG,0.11185948012586851,0.36719584068256744
TG,HA,TTG,0.13331512099741427,0.36719584068256744
TG,PB2,TTG,0.14246644916381626,0.36719584068256744
TG,MP,TTG,0.11820347192623318,0.36719584068256744
TG,PA,TTG,0.12826404407125566,0.36719584068256744
TG,NP,TTG,0.15733187659006337,0.36719584068256744
TG,PB1,TTT,0.187743982274012,0.36719584068256744
TG,NS,TTT,0.12206616935374684,0.36719584068256744
TG,NA,TTT,0.12985126982652506,0.36719584068256744
TG,HA,TTT,0.15475789561253042,0.36719584068256744
TG,PB2,TTT,0.16538114883764293,0.36719584068256744
TG,MP,TTT,0.13721564690140037,0.36719584068256744
TG,PA,TTT,0.14889438943392913,0.36719584068256744
TG,NP,TTT,0.18263757293008642,0.36719584068256744
