mut_type,mse,var,r2
AC,0.44613609359105044,0.4461360935910504,-2.220446049250313e-16
AG,0.27409541047612546,0.27409541047612546,0.0
AT,0.4084876173700409,0.4084876173700409,0.0
CA,0.3523102980578219,0.3523102980578219,0.0
CT,0.2847471337112872,0.2847471337112872,0.0
GA,0.20754578454073563,0.20754578454073563,0.0
GT,0.4476962335289146,0.4476962335289146,0.0
TA,0.4818303368190108,0.4818303368190108,0.0
TC,0.2568817502947431,0.256881750294743,-2.220446049250313e-16
TG,0.39308307423400407,0.3930830742340042,3.3306690738754696e-16
