mut_type,mut_class,host,actual_count,evo_opp,rate,syn_rate,mut_type_arrow,evo_opp_threshold
AC,synonymous,all,21040,87692.86073221799,0.23992831143060192,0.23992831143060192,A$\to$C,41.6791163175941
AG,synonymous,all,246307,110791.89395235165,2.2231500086633544,2.2231500086633544,A$\to$G,4.498122016522131
AT,synonymous,all,23626,67626.01545433655,0.349362591323351,0.349362591323351,A$\to$T,28.62355686715337
CA,synonymous,all,49087,36934.776852953844,1.3290184531350238,1.3290184531350238,C$\to$A,7.524350001620356
CG,synonymous,all,1400,27447.862240782826,0.051005793737912294,0.051005793737912294,C$\to$G,196.05615886273446
CT,synonymous,all,249987,86031.45530024801,2.905762771622897,2.905762771622897,C$\to$T,3.441437166742591
GA,synonymous,all,303938,64220.01176845344,4.732761512032334,4.732761512032334,G$\to$A,2.1129313139013037
GC,synonymous,all,1805,27144.09838045062,0.06649695910695543,0.06649695910695543,G$\to$C,150.38281651219182
GT,synonymous,all,22709,27144.09838045062,0.8366091104486708,0.8366091104486708,G$\to$T,11.953013510260522
TA,synonymous,all,17291,44634.4795447113,0.3873910971153868,0.3873910971153868,T$\to$A,25.813706289232144
TC,synonymous,all,223072,99392.00854049444,2.2443655508693707,2.2443655508693707,T$\to$C,4.455602161656077
TG,synonymous,all,9949,36141.667117468874,0.27527783839255177,0.27527783839255177,T$\to$G,36.32693448333388
