mut_type,mut_class,host,actual_count,evo_opp,rate,syn_rate,rel_rate,mut_type_arrow
AC,nonsynonymous,all,18112,265792.5696330809,0.06814336467344854,0.23899681501709505,0.28512248026641845,A$\to$C
AC,nonsynonymous,avian,4099,64392.41877213188,0.06365656203264085,0.2637504487415629,0.2413514833296645,A$\to$C
AC,nonsynonymous,human,12020,173501.08652954202,0.06927910505017705,0.2285393264091463,0.30313865949770497,A$\to$C
AC,nonsynonymous,swine,1242,19024.75324270141,0.06528336973182433,0.23168612393504479,0.28177505248491747,A$\to$C
AC,synonymous,all,18651,78038.69686993914,0.23899681501709505,0.23899681501709505,1.0,A$\to$C
AC,synonymous,avian,4988,18911.81616486088,0.2637504487415629,0.2637504487415629,1.0,A$\to$C
AC,synonymous,human,11640,50932.153266091715,0.2285393264091463,0.2285393264091463,1.0,A$\to$C
AC,synonymous,swine,1286,5550.612950651033,0.23168612393504479,0.23168612393504479,1.0,A$\to$C
AG,nonsynonymous,all,127085,245373.6532756217,0.5179243912436222,2.2176040312466285,0.23355133916872908,A$\to$G
AG,nonsynonymous,avian,28764,60054.112753439105,0.47896802868597504,2.4220517877464705,0.19775300887831854,A$\to$G
AG,nonsynonymous,human,84688,159482.93343397797,0.5310160665878318,2.1357097105532996,0.24863681799258253,A$\to$G
AG,nonsynonymous,swine,8682,17546.188843611406,0.4948083072274199,2.225011437586818,0.22238461289173167,A$\to$G
AG,synonymous,all,218340,98457.61322739837,2.2176040312466285,2.2176040312466285,1.0,A$\to$G
AG,synonymous,avian,56313,23250.122183553653,2.4220517877464705,2.4220517877464705,1.0,A$\to$G
AG,synonymous,human,138715,64950.30636165578,2.1357097105532996,2.1357097105532996,1.0,A$\to$G
AG,synonymous,swine,15640,7029.177349741034,2.225011437586818,2.225011437586818,1.0,A$\to$G
AT,nonsense,all,125,33746.64358775243,0.0037040720708996938,0.3504402426171339,0.01056976802446316,A$\to$T
AT,nonsense,avian,29,8071.312560857044,0.003592971995737043,0.33058424642731743,0.010868551767263349,A$\to$T
AT,nonsense,human,84,22160.998583476834,0.0037904429118383732,0.3577827351956515,0.010594258858705383,A$\to$T
AT,nonsense,swine,7,2366.898171974012,0.002957457182943339,0.35662653543943057,0.00829286911950957,A$\to$T
AT,nonsynonymous,all,13361,249848.9609309156,0.05347630804714204,0.3504402426171339,0.1525975089155684,A$\to$T
AT,nonsynonymous,avian,2842,60927.94550229148,0.046645262310594626,0.33058424642731743,0.14109947105676768,A$\to$T
AT,nonsynonymous,human,9085,162664.4049305916,0.05585118639739617,0.3577827351956515,0.15610363749624268,A$\to$T
AT,nonsynonymous,swine,925,17890.225134313303,0.05170421238723585,0.35662653543943057,0.144981394397718,A$\to$T
AT,synonymous,all,21109,60235.661984352046,0.3504402426171339,0.3504402426171339,1.0,A$\to$T
AT,synonymous,avian,4729,14304.976873844236,0.33058424642731743,0.33058424642731743,1.0,A$\to$T
AT,synonymous,human,14171,39607.83628156531,0.3577827351956515,0.3577827351956515,1.0,A$\to$T
AT,synonymous,swine,1540,4318.242887065126,0.35662653543943057,0.35662653543943057,1.0,A$\to$T
CA,nonsense,all,83,17723.048920881065,0.004683167121556071,1.3231515004126861,0.0035394035528776625,C$\to$A
CA,nonsense,avian,9,4220.30026688932,0.002132549683872063,1.2024202682897303,0.0017735476855403542,C$\to$A
CA,nonsense,human,71,11614.533162551532,0.006113030890378241,1.3777534024946854,0.004436955756603056,C$\to$A
CA,nonsense,swine,1,1310.260253635415,0.0007632071546285749,1.3380253665355983,0.0005703981207805224,C$\to$A
CA,nonsynonymous,all,33991,144165.55648687624,0.2357775381881475,1.3231515004126861,0.17819390909854946,C$\to$A
CA,nonsynonymous,avian,7304,36556.37850599032,0.19980097314079207,1.2024202682897303,0.16616567302627075,C$\to$A
CA,nonsynonymous,human,23125,92265.52006032915,0.2506353401019079,1.3777534024946854,0.1819159652577049,C$\to$A
CA,nonsynonymous,swine,2327,10306.392742357946,0.22578219733819474,1.3380253665355983,0.16874283775560078,C$\to$A
CA,synonymous,all,43356,32767.22279079714,1.3231515004126861,1.3231515004126861,1.0,C$\to$A
CA,synonymous,avian,10179,8465.426164579014,1.2024202682897303,1.2024202682897303,1.0,C$\to$A
CA,synonymous,human,28638,20786.012901979004,1.3777534024946854,1.3777534024946854,1.0,C$\to$A
CA,synonymous,swine,3148,2352.7207172093977,1.3380253665355983,1.3380253665355983,1.0,C$\to$A
CG,nonsense,all,6,12491.240135090095,0.0004803366147084902,0.05315473312791858,0.009036572783698201,C$\to$G
CG,nonsense,avian,0,2885.281695687716,0.0,0.055052164751206396,0.0,C$\to$G
CG,nonsense,human,6,8301.613234122415,0.0007227510883472609,0.048476807223078476,0.014909213905555625,C$\to$G
CG,nonsense,swine,0,910.425142818649,0.0,0.07989115381841781,0.0,C$\to$G
CG,nonsynonymous,all,2984,157820.56592556843,0.018907548471263996,0.05315473312791858,0.3557077114047844,C$\to$G
CG,nonsynonymous,avian,914,40071.875110055225,0.02280901498843637,0.055052164751206396,0.41431640502268424,C$\to$G
CG,nonsynonymous,human,1657,100934.39379963653,0.016416604267612562,0.048476807223078476,0.3386486282412813,C$\to$G
CG,nonsynonymous,swine,265,11281.530255425892,0.023489721163717777,0.07989115381841781,0.2940215535891102,C$\to$G
CG,synonymous,all,1294,24344.02213789593,0.05315473312791858,0.05315473312791858,1.0,C$\to$G
CG,synonymous,avian,346,6284.948131715708,0.055052164751206396,0.055052164751206396,1.0,C$\to$G
CG,synonymous,human,748,15430.059091100738,0.048476807223078476,0.048476807223078476,1.0,C$\to$G
CG,synonymous,swine,142,1777.4183149582182,0.07989115381841781,0.07989115381841781,1.0,C$\to$G
CT,nonsense,all,254,15199.970014415578,0.016710559281308296,2.9080369416377483,0.005746336658260346,C$\to$T
CT,nonsense,avian,38,3943.350597547934,0.009636475139600642,2.9504704208174064,0.0032660809176764858,C$\to$T
CT,nonsense,human,180,9599.478932941445,0.01875101776434077,2.8731731114795642,0.006526240166115427,C$\to$T
CT,nonsense,swine,26,1102.1704386350277,0.02358981795247516,3.0285644284820243,0.007789108836723292,C$\to$T
CT,nonsynonymous,all,46728,102930.0077681294,0.4539783976822798,2.9080369416377483,0.15611163365297837,C$\to$T
CT,nonsynonymous,avian,10377,25908.626041606884,0.4005229757585557,2.9504704208174064,0.13574885310919121,C$\to$T
CT,nonsynonymous,human,31923,66026.72967792307,0.4834860087076808,2.8731731114795642,0.16827597570642228,C$\to$T
CT,nonsynonymous,swine,2782,7408.841601778205,0.37549729762508205,3.0285644284820243,0.12398524333632507,C$\to$T
CT,synonymous,all,222540,76525.85041600947,2.9080369416377483,2.9080369416377483,1.0,C$\to$T
CT,synonymous,avian,57210,19390.12829830383,2.9504704208174064,2.9504704208174064,1.0,C$\to$T
CT,synonymous,human,140900,49039.85751399517,2.8731731114795642,2.8731731114795642,1.0,C$\to$T
CT,synonymous,swine,16531,5458.361672789527,3.0285644284820243,3.0285644284820243,1.0,C$\to$T
GA,nonsense,all,110,11205.651549058857,0.009816475152597325,4.7436129120123125,0.002069408978911188,G$\to$A
GA,nonsense,avian,19,2683.9483101546757,0.0070791229205546926,4.379577928845331,0.0016163938707265092,G$\to$A
GA,nonsense,human,79,7320.754220933956,0.010791237844605778,4.885316978416591,0.0022089125213945464,G$\to$A
GA,nonsense,swine,6,846.5734484889839,0.007087394496849821,4.842656120873476,0.001463534539712776,G$\to$A
GA,nonsynonymous,all,155845,180161.52270655768,0.8650293229028498,4.7436129120123125,0.18235664227836232,G$\to$A
GA,nonsynonymous,avian,31023,45301.66294439278,0.6848092980180516,4.379577928845331,0.1563642225675844,G$\to$A
GA,nonsynonymous,human,108541,115544.5927290306,0.9393862355337123,4.885316978416591,0.19228767338617653,G$\to$A
GA,nonsynonymous,swine,10261,13031.973873002764,0.7873711304207603,4.842656120873476,0.1625907582053836,G$\to$A
GA,synonymous,all,271219,57175.61804277676,4.7436129120123125,4.7436129120123125,1.0,G$\to$A
GA,synonymous,avian,67133,15328.64606834374,4.379577928845331,4.379577928845331,1.0,G$\to$A
GA,synonymous,human,175574,35939.12140720628,4.885316978416591,4.885316978416591,1.0,G$\to$A
GA,synonymous,swine,18806,3883.406033920066,4.842656120873476,4.842656120873476,1.0,G$\to$A
GC,nonsynonymous,all,2977,224391.1580150073,0.013267011170738278,0.06488173767511651,0.2044798990614342,G$\to$C
GC,nonsynonymous,avian,843,56658.52526406714,0.014878608224817862,0.06911335912180232,0.21527832554913823,G$\to$C
GC,nonsynonymous,human,1726,143844.04408035058,0.011999106470031285,0.06089399492576598,0.19704909301252171,G$\to$C
GC,nonsynonymous,swine,253,16118.281251192748,0.015696462672239207,0.0742240497279499,0.21147408056783149,G$\to$C
GC,synonymous,all,1567,24151.634283385985,0.06488173767511651,0.06488173767511651,1.0,G$\to$C
GC,synonymous,avian,460,6655.732058824061,0.06911335912180232,0.06911335912180232,1.0,G$\to$C
GC,synonymous,human,911,14960.424276820275,0.06089399492576598,0.06089399492576598,1.0,G$\to$C
GC,synonymous,swine,122,1643.672104219066,0.0742240497279499,0.0742240497279499,1.0,G$\to$C
GT,nonsense,all,108,35741.1617048337,0.0030217260673257268,0.8262794875843172,0.003657026602657102,G$\to$T
GT,nonsense,avian,14,9088.575710929752,0.0015403953760503815,0.7318503745267371,0.0021047955014664075,G$\to$T
GT,nonsense,human,89,22845.48508178139,0.0038957369336392387,0.8763788885529284,0.004445265608887334,G$\to$T
GT,nonsense,swine,3,2546.3007088023155,0.0011781797765005877,0.785436460645765,0.0015000319383339036,G$\to$T
GT,nonsynonymous,all,25244,188649.99631017362,0.13381394377816178,0.8262794875843172,0.16194755623109525,G$\to$T
GT,nonsynonymous,avian,5288,47569.94955313739,0.11116261525762412,0.7318503745267371,0.15189254405930888,G$\to$T
GT,nonsynonymous,human,17707,120998.55899856918,0.1463405857602766,0.8763788885529284,0.1669832394090566,G$\to$T
GT,nonsynonymous,swine,1400,13571.980542390433,0.10315369931656401,0.785436460645765,0.13133296515386333,G$\to$T
GT,synonymous,all,19956,24151.634283385985,0.8262794875843172,0.8262794875843172,1.0,G$\to$T
GT,synonymous,avian,4871,6655.732058824061,0.7318503745267371,0.7318503745267371,1.0,G$\to$T
GT,synonymous,human,13111,14960.424276820275,0.8763788885529284,0.8763788885529284,1.0,G$\to$T
GT,synonymous,swine,1291,1643.672104219066,0.785436460645765,0.785436460645765,1.0,G$\to$T
TA,nonsense,all,69,15972.322981027106,0.004319972747981768,0.3848707489489976,0.011224476684130243,T$\to$A
TA,nonsense,avian,6,3562.156556519387,0.0016843729086019315,0.343469336892673,0.0049039979051412755,T$\to$A
TA,nonsense,human,50,10735.211228738766,0.004657570208413522,0.39911333162225315,0.011669793613463531,T$\to$A
TA,nonsense,swine,11,1178.8742277259862,0.00933093602463316,0.408195865198408,0.02285896752064786,T$\to$A
TA,nonsynonymous,all,9852,176008.75219800175,0.05597448920561037,0.3848707489489976,0.1454371093632476,T$\to$A
TA,nonsynonymous,avian,2145,42834.433677138695,0.05007653459755708,0.343469336892673,0.1457962304600278,T$\to$A
TA,nonsynonymous,human,6633,114490.2738239935,0.057935052283977814,0.39911333162225315,0.1451594013371904,T$\to$A
TA,nonsynonymous,swine,647,12782.12831802755,0.050617548494446704,0.408195865198408,0.12400308971734317,T$\to$A
TA,synonymous,all,15276,39691.24710494522,0.3848707489489976,0.3848707489489976,1.0,T$\to$A
TA,synonymous,avian,3269,9517.589050522709,0.343469336892673,0.343469336892673,1.0,T$\to$A
TA,synonymous,human,10338,25902.417135453037,0.39911333162225315,0.39911333162225315,1.0,T$\to$A
TA,synonymous,swine,1200,2939.765201729143,0.408195865198408,0.408195865198408,1.0,T$\to$A
TC,nonsynonymous,all,34137,143339.42835525147,0.23815498911712618,2.2464564577734945,0.10601362349714363,T$\to$C
TC,nonsynonymous,avian,7377,35188.65639610329,0.20964142299041894,2.3713756350278965,0.08840498312193916,T$\to$C
TC,nonsynonymous,human,23274,92954.8187006941,0.25037970408979143,2.2054873544323637,0.11352579446288995,T$\to$C
TC,nonsynonymous,swine,2127,10340.15112768519,0.2057029896115419,2.1737286030349083,0.094631403996039,T$\to$C
TC,synonymous,all,198436,88332.89392872261,2.2464564577734945,2.2464564577734945,1.0,T$\to$C
TC,synonymous,avian,49148,20725.522888077507,2.3713756350278965,2.3713756350278965,1.0,T$\to$C
TC,synonymous,human,128300,58173.08348749121,2.2054873544323637,2.2054873544323637,1.0,T$\to$C
TC,synonymous,swine,14261,6560.61661979749,2.1737286030349083,2.1737286030349083,1.0,T$\to$C
TG,nonsense,all,7,7870.441048959761,0.0008894037775589708,0.2757423755395743,0.003225488196431833,T$\to$G
TG,nonsense,avian,2,1730.1818541508408,0.0011559478532281705,0.27593082181921885,0.004189266880760102,T$\to$G
TG,nonsense,human,4,5291.039678850749,0.0007559950865590236,0.2763915789589769,0.002735231982850068,T$\to$G
TG,nonsense,swine,1,603.048204804051,0.001658242230113148,0.2645736111843764,0.006267602512170233,T$\to$G
TG,nonsynonymous,all,7396,191674.06634017034,0.038586336384568966,0.2757423755395743,0.1399361861196089,T$\to$G
TG,nonsynonymous,avian,1677,46504.5363751562,0.03606099814589039,0.27593082181921885,0.1306885468906276,T$\to$G
TG,nonsynonymous,human,4941,124859.3782392347,0.039572518057337115,0.2763915789589769,0.14317555623939837,T$\to$G
TG,nonsynonymous,swine,478,13901.41101756961,0.03438499871673954,0.2645736111843764,0.12996382580565558,T$\to$G
TG,synonymous,all,8859,32127.81489484399,0.2757423755395743,0.2757423755395743,1.0,T$\to$G
TG,synonymous,avian,2119,7679.461054873753,0.27593082181921885,0.27593082181921885,1.0,T$\to$G
TG,synonymous,human,5798,20977.484270099852,0.2763915789589769,0.2763915789589769,1.0,T$\to$G
TG,synonymous,swine,634,2396.308525109019,0.2645736111843764,0.2645736111843764,1.0,T$\to$G
