mut_type,mut_class,host,actual_count,evo_opp,rate,syn_rate,rel_rate,mut_type_arrow
AC,nonsynonymous,all,21568,305522.33603748435,0.07059385667093693,0.2331787763167956,0.30274563485584316,A$\to$C
AC,nonsynonymous,avian,4835,74271.69123639617,0.06509882728549814,0.2541739249667227,0.2561192195226992,A$\to$C
AC,nonsynonymous,human,14411,199295.62167973988,0.07230966680822473,0.22470657376063738,0.321795956380211,A$\to$C
AC,synonymous,all,20644,88532.92879431341,0.2331787763167956,0.2331787763167956,1.0,A$\to$C
AC,synonymous,avian,5443,21414.470428910503,0.2541739249667227,0.2541739249667227,1.0,A$\to$C
AC,synonymous,human,12993,57822.07339354674,0.22470657376063738,0.22470657376063738,1.0,A$\to$C
AG,nonsynonymous,all,147153,280063.00924826605,0.5254281898740651,2.1680858821053506,0.24234657594091275,A$\to$G
AG,nonsynonymous,avian,33718,68700.92532047443,0.49079397173637884,2.3556213919235613,0.20835010813669197,A$\to$G
AG,nonsynonymous,human,97926,181957.94959682444,0.5381792893192121,2.0913987800720664,0.2573298284608674,A$\to$G
AG,synonymous,all,247145,113992.25558353175,2.1680858821053506,2.1680858821053506,1.0,A$\to$G
AG,synonymous,avian,63567,26985.23634483224,2.3556213919235613,2.3556213919235613,1.0,A$\to$G
AG,synonymous,human,157189,75159.74547646218,2.0913987800720664,2.0913987800720664,1.0,A$\to$G
AT,nonsense,all,136,36633.33142897475,0.0037124660710609633,0.3408698980643835,0.010891152583851076,A$\to$T
AT,nonsense,avian,34,8815.896899724617,0.0038566694219237135,0.3209628738117719,0.01201593622378098,A$\to$T
AT,nonsense,human,88,24033.050860103718,0.003661624173819945,0.34726025540224914,0.010544322642332047,A$\to$T
AT,nonsynonymous,all,16053,288289.9856015858,0.0556835159102096,0.3408698980643835,0.16335709379562785,A$\to$T
AT,nonsynonymous,avian,3537,70472.72963170089,0.05018962680294626,0.3209628738117719,0.1563720632448595,A$\to$T
AT,nonsynonymous,human,10763,187631.70292649118,0.057362374439551084,0.34726025540224914,0.16518554469501653,A$\to$T
AT,synonymous,all,23565,69131.94780123718,0.3408698980643835,0.3408698980643835,1.0,A$\to$T
AT,synonymous,avian,5263,16397.535133881174,0.3209628738117719,0.3209628738117719,1.0,A$\to$T
AT,synonymous,human,15784,45452.94128669172,0.34726025540224914,0.34726025540224914,1.0,A$\to$T
CA,nonsense,all,47,19371.022071747946,0.0024263046020967624,1.2307786185515863,0.001971357452530418,C$\to$A
CA,nonsense,avian,11,4668.072340526853,0.0023564330622088234,1.085126864856043,0.0021715737933752444,C$\to$A
CA,nonsense,human,35,12646.232123495645,0.002767622771605854,1.2962074028724833,0.0021351697000592763,C$\to$A
CA,nonsynonymous,all,40278,168665.6480690012,0.23880381370557593,1.2307786185515863,0.1940266186835507,C$\to$A
CA,nonsynonymous,avian,8607,42897.843771150525,0.20063945511844916,1.085126864856043,0.18489953720302255,C$\to$A
CA,nonsynonymous,human,27490,107808.83687934265,0.2549883738265929,1.2962074028724833,0.19671880692975632,C$\to$A
CA,synonymous,all,50578,41094.311550132035,1.2307786185515863,1.2307786185515863,1.0,C$\to$A
CA,synonymous,avian,11610,10699.209812246447,1.085126864856043,1.085126864856043,1.0,C$\to$A
CA,synonymous,human,33654,25963.437583692594,1.2962074028724833,1.2962074028724833,1.0,C$\to$A
CG,nonsense,all,7,13374.236699206018,0.0005233943556880197,0.04846338188298708,0.010799790178731948,C$\to$G
CG,nonsense,avian,1,3116.9069039500496,0.00032083088485341095,0.04790320141329588,0.006697483161623557,C$\to$G
CG,nonsense,human,7,8866.278992135187,0.0007895082036341666,0.04527587054450566,0.017437725528835258,C$\to$G
CG,nonsynonymous,all,3704,185630.90681708982,0.019953573806810693,0.04846338188298708,0.41172475034837247,C$\to$G
CG,nonsynonymous,avian,1140,47319.932205391146,0.02409132783732349,0.04790320141329588,0.502916864145885,C$\to$G
CG,nonsynonymous,human,2039,118513.38881265071,0.017204807156626905,0.04527587054450566,0.3799994776404084,C$\to$G
CG,synonymous,all,1460,30125.838174585344,0.04846338188298708,0.04846338188298708,1.0,C$\to$G
CG,synonymous,avian,375,7828.286814582627,0.04790320141329588,0.04790320141329588,1.0,C$\to$G
CG,synonymous,human,862,19038.83878174499,0.04527587054450566,0.04527587054450566,1.0,C$\to$G
CT,nonsense,all,212,17788.469672171042,0.011917832388452215,2.758027340761914,0.004321143671171829,C$\to$T
CT,nonsense,avian,55,4630.573552873179,0.011877578311195076,2.7345812976084485,0.004343472370553662,C$\to$T
CT,nonsense,human,117,11220.108502016812,0.010427706646416946,2.752513363842496,0.0037884308877105376,C$\to$T
CT,nonsynonymous,all,53261,119069.31507146894,0.44731087911298695,2.758027340761914,0.16218507790043005,C$\to$T
CT,nonsynonymous,avian,11995,30255.83620126209,0.39645243714994866,2.7345812976084485,0.14497738191096002,C$\to$T
CT,nonsynonymous,human,36167,76064.80689541287,0.47547612984449805,2.752513363842496,0.17274253273042625,C$\to$T
CT,synonymous,all,254492,92273.1969472412,2.758027340761914,2.758027340761914,1.0,C$\to$T
CT,synonymous,avian,63931,23378.716169788553,2.7345812976084485,2.7345812976084485,1.0,C$\to$T
CT,synonymous,human,162766,59133.59118910122,2.752513363842496,2.752513363842496,1.0,C$\to$T
GA,nonsense,all,36,13213.796018233596,0.002724425286293502,4.447721528851313,0.000612544033753193,G$\to$A
GA,nonsense,avian,14,3158.384129260618,0.004432646387213648,4.063355923074836,0.001090883120044124,G$\to$A
GA,nonsense,human,18,8613.623071666534,0.002089712987234003,4.613168585809939,0.0004529886450848424,G$\to$A
GA,nonsynonymous,all,177093,206461.76430917627,0.8577520423336276,4.447721528851313,0.1928520112533111,G$\to$A
GA,nonsynonymous,avian,36096,52357.367076549584,0.6894158743167031,4.063355923074836,0.16966662221285458,G$\to$A
GA,nonsynonymous,human,122697,132049.42841044866,0.9291747906596116,4.613168585809939,0.2014179133877188,G$\to$A
GA,synonymous,all,302960,68115.77524239555,4.447721528851313,4.447721528851313,1.0,G$\to$A
GA,synonymous,avian,75060,18472.41576199418,4.063355923074836,4.063355923074836,1.0,G$\to$A
GA,synonymous,human,196075,42503.324201748175,4.613168585809939,4.613168585809939,1.0,G$\to$A
GC,nonsynonymous,all,3712,258550.56516647316,0.014356959527858513,0.06203666917726889,0.2314269885579077,G$\to$C
GC,nonsynonymous,avian,1083,65841.93042874133,0.016448484923632323,0.06653379108266576,0.2472200164153534,G$\to$C
GC,nonsynonymous,human,2107,165180.89400966937,0.012755712533416003,0.05876962425291106,0.2170460113633306,G$\to$C
GC,synonymous,all,1814,29240.77040333228,0.06203666917726889,0.06203666917726889,1.0,G$\to$C
GC,synonymous,avian,542,8146.236539063064,0.06653379108266576,0.06653379108266576,1.0,G$\to$C
GC,synonymous,human,1057,17985.481674194016,0.05876962425291106,0.05876962425291106,1.0,G$\to$C
GT,nonsense,all,167,40880.237948344635,0.004085103423591064,0.7698155585338052,0.00530660023469982,G$\to$T
GT,nonsense,avian,25,10520.17697359035,0.0023763858785607428,0.6675475201246058,0.00355987522523814,G$\to$T
GT,nonsense,human,124,26001.177930032343,0.0047690147090134445,0.8286683820864583,0.005755033994425859,G$\to$T
GT,nonsynonymous,all,29177,217670.3272181285,0.1340421561950499,0.7698155585338052,0.17412243063825222,G$\to$T
GT,nonsynonymous,avian,6322,55321.753455150974,0.11427692734152414,0.6675475201246058,0.1711892021113238,G$\to$T
GT,nonsynonymous,human,20248,139179.71607963703,0.14548096928444895,0.8286683820864583,0.1755599373999892,G$\to$T
GT,synonymous,all,22510,29240.77040333228,0.7698155585338052,0.7698155585338052,1.0,G$\to$T
GT,synonymous,avian,5438,8146.236539063064,0.6675475201246058,0.6675475201246058,1.0,G$\to$T
GT,synonymous,human,14904,17985.481674194016,0.8286683820864583,0.8286683820864583,1.0,G$\to$T
TA,nonsense,all,14,18385.795821901964,0.0007614573845817753,0.36216798521688387,0.0021024977791059512,T$\to$A
TA,nonsense,avian,5,4085.6478629170724,0.0012237961194311294,0.318583422888286,0.0038413678537827247,T$\to$A
TA,nonsense,human,6,12341.432145086717,0.0004861672397063478,0.37887442395116516,0.0012831883309415788,T$\to$A
TA,nonsynonymous,all,12024,209496.964730947,0.05739462629180426,0.36216798521688387,0.1584751514064214,T$\to$A
TA,nonsynonymous,avian,2663,51440.07222633092,0.0517689786336823,0.318583422888286,0.16249740229527113,T$\to$A
TA,nonsynonymous,human,8030,135695.68895817266,0.05917652993733056,0.37887442395116516,0.15619035278284735,T$\to$A
TA,synonymous,all,17491,48295.26825659517,0.36216798521688387,0.36216798521688387,1.0,T$\to$A
TA,synonymous,avian,3744,11752.023900229315,0.318583422888286,0.318583422888286,1.0,T$\to$A
TA,synonymous,human,11892,31387.70856048286,0.37887442395116516,0.37887442395116516,1.0,T$\to$A
TC,nonsynonymous,all,44450,170998.81010726016,0.25994332926713604,2.1851559921810653,0.11895870601333104,T$\to$C
TC,nonsynonymous,avian,9685,42279.254648555245,0.22907215561168728,2.252536112565073,0.10169522003837338,T$\to$C
TC,nonsynonymous,human,30287,110470.77925131659,0.27416299771995173,2.1686760836467522,0.12641952377642818,T$\to$C
TC,synonymous,all,229833,105179.21870218395,2.1851559921810653,2.1851559921810653,1.0,T$\to$C
TC,synonymous,avian,56310,24998.489340922064,2.252536112565073,2.252536112565073,1.0,T$\to$C
TC,synonymous,human,149539,68954.05041242565,2.1686760836467522,2.1686760836467522,1.0,T$\to$C
TG,nonsense,all,8,9051.180264493061,0.0008838626307536108,0.26952796251061567,0.0032792984539361065,T$\to$G
TG,nonsense,avian,2,2001.383330840569,0.0009993088126501043,0.25854029456743166,0.0038651956141771463,T$\to$G
TG,nonsense,human,4,6064.490820609417,0.0006595772206310377,0.2740194738610512,0.0024070450590146513,T$\to$G
TG,nonsynonymous,all,9697,228522.31971210244,0.042433491889179574,0.26952796251061567,0.15743632495091592,T$\to$G
TG,nonsynonymous,avian,2221,55831.02447192838,0.03978074952066678,0.25854029456743166,0.15386672931283168,T$\to$G
TG,nonsynonymous,human,6387,148358.46615333276,0.04305113260876431,0.2740194738610512,0.1571097557489455,T$\to$G
TG,synonymous,all,10405,38604.528832848606,0.26952796251061567,0.26952796251061567,1.0,T$\to$G
TG,synonymous,avian,2442,9445.336186708355,0.25854029456743166,0.25854029456743166,1.0,T$\to$G
TG,synonymous,human,6851,25001.87268980007,0.2740194738610512,0.2740194738610512,1.0,T$\to$G
