mut_type,motif,host,actual_count,evo_opp,rate
AC,AAG,all,2283,7158.2200838278995,0.31893403293897504
AC,AAG,avian,602,1629.2045207722203,0.36950548094149677
AC,AAG,human,1451,4862.534976384044,0.29840402321980125
AC,AAG,swine,149,456.6992486461668,0.32625409488124546
AC,CAA,all,3170,12214.512036571174,0.2595273548798986
AC,CAA,avian,893,3022.646005015484,0.2954365144043473
AC,CAA,human,1951,8046.929869851231,0.242452715700885
AC,CAA,swine,212,763.2854206211201,0.27774669117547923
AC,CAC,all,1568,5094.844889297065,0.30776206814342033
AC,CAC,avian,415,1245.8157532086623,0.3331150685252986
AC,CAC,human,978,3341.009702163801,0.2927258784572219
AC,CAC,swine,116,348.00259378340184,0.3333308488849909
AC,CAG,all,4576,15284.587980835871,0.29938654582887564
AC,CAG,avian,1215,3789.6929592093156,0.3206064483528762
AC,CAG,human,2936,10009.38966111349,0.29332457816148066
AC,CAG,swine,270,992.0631534718594,0.27216009288833926
AC,CAT,all,2041,6316.943984216321,0.3230992715939377
AC,CAT,avian,527,1428.2749184546315,0.3689765837029504
AC,CAT,human,1297,4275.901517707662,0.30332784668420754
AC,CAT,swine,135,420.3844299486422,0.32113463387902536
AC,GAA,all,667,5986.319382002315,0.11142071737858072
AC,GAA,avian,153,1245.3013858773481,0.12286182424201464
AC,GAA,human,450,4179.428081282855,0.10767023412013701
AC,GAA,swine,47,393.80785450295184,0.11934754338336262
AC,GAC,all,280,1483.4375773783888,0.18875078012708235
AC,GAC,avian,68,360.0572607065247,0.18885884946901657
AC,GAC,human,192,980.6530112673712,0.1957879064194827
AC,GAC,swine,14,95.27586924096934,0.1469417189424066
AC,GAG,all,1149,9084.729403575644,0.12647597401720814
AC,GAG,avian,370,2651.105044846034,0.13956444340797072
AC,GAG,human,661,5562.578923952905,0.11882977464889202
AC,GAG,swine,66,540.5244791686141,0.12210362813080221
AC,GAT,all,529,2351.743515487826,0.22493949553434558
AC,GAT,avian,137,548.7100112366612,0.24967650889262025
AC,GAT,human,342,1567.8725768655859,0.21812997117642663
AC,GAT,swine,36,163.60376635533115,0.22004383396535976
AC,TAA,all,1621,8547.907236516014,0.18963706029415137
AC,TAA,avian,420,1884.5031228207235,0.22287041868699276
AC,TAA,human,1027,5853.158749202885,0.1754608142381005
AC,TAA,swine,115,554.9912716131468,0.20721046596956222
AC,TAC,all,533,2425.4021922654238,0.21975736712852412
AC,TAC,avian,147,568.0225602947556,0.25879253796489954
AC,TAC,human,337,1617.6157895093,0.208331299796615
AC,TAC,swine,28,158.47303595865313,0.1766862093012809
AC,TAG,all,1643,8238.29862076598,0.19943438270840896
AC,TAG,avian,352,1812.687086204448,0.19418685258968016
AC,TAG,human,1131,5603.217139424956,0.20184832603436667
AC,TAG,swine,103,564.7336535916992,0.18238686386922623
AC,TAT,all,940,3514.6785743419973,0.26744977673413073
AC,TAT,avian,198,711.5795707647533,0.2782541940983553
AC,TAT,human,658,2466.826368736789,0.26673948695341226
AC,TAT,swine,50,232.08386416886322,0.21543936360702878
AG,AAA,all,26095,13456.256167568068,1.939246672703327
AG,AAA,avian,6662,2946.085578584013,2.2613056621396517
AG,AAA,human,16867,9263.05088299209,1.8208903538433046
AG,AAA,swine,1724,870.7336272175744,1.9799396119672497
AG,AAC,all,12293,5390.663322912169,2.2804243677676053
AG,AAC,avian,2846,1126.4785802123524,2.5264572713521996
AG,AAC,human,8225,3791.947444562749,2.169070146737867
AG,AAC,swine,796,321.101981286242,2.478963215397966
AG,AAG,all,27329,11649.274510750349,2.3459830030427957
AG,AAG,avian,6660,2641.4297437099945,2.521361779869171
AG,AAG,human,18098,7914.82052983873,2.286596383552965
AG,AAG,swine,1752,754.033104976326,2.323505411682166
AG,AAT,all,15366,6919.127198672881,2.2208003348958907
AG,AAT,avian,4182,1645.92904488458,2.5408142671747194
AG,AAT,human,9710,4608.5686291175725,2.106944863238204
AG,AAT,swine,988,453.379448826358,2.1791900858267597
AG,CAA,all,13628,12214.512036571174,1.1157220164994506
AG,CAA,avian,3763,3022.646005015484,1.244935726431757
AG,CAA,human,8591,8046.929869851231,1.0676121376659677
AG,CAA,swine,815,763.2854206211201,1.0677526099434695
AG,CAC,all,5937,5094.844889297065,1.1652955348006928
AG,CAC,avian,1615,1245.8157532086623,1.2963393630562825
AG,CAC,human,3711,3341.009702163801,1.110742060280931
AG,CAC,swine,411,348.00259378340184,1.1810256801011316
AG,CAG,all,13417,10751.959216383799,1.247865596398024
AG,CAG,avian,3647,2571.652941022235,1.418154036971378
AG,CAG,human,8504,7148.850428301953,1.1895618862486024
AG,CAG,swine,794,695.9371937441492,1.1409075519132292
AG,CAT,all,8454,6316.943984216321,1.338305361124522
AG,CAT,avian,2145,1428.2749184546315,1.5018117116562213
AG,CAT,human,5473,4275.901517707662,1.279963997611926
AG,CAT,swine,551,420.3844299486422,1.3107050612395776
AG,GAA,all,38627,11328.944536935822,3.40958505658353
AG,GAA,avian,8942,2531.593429791544,3.532162745712411
AG,GAA,human,25761,7701.125715869733,3.345095373123728
AG,GAA,swine,2733,760.2121273837199,3.5950491994986393
AG,GAC,all,10643,2820.7328926021896,3.773132871925917
AG,GAC,avian,2873,726.5158721570933,3.954490342337319
AG,GAC,human,6766,1827.9824352886267,3.7013484754472996
AG,GAC,swine,655,172.99190271843506,3.786304385969386
AG,GAG,all,22920,7897.320315610936,2.9022502676880357
AG,GAG,avian,6629,2173.437229922251,3.0500075680755385
AG,GAG,human,14138,4979.851664185757,2.8390403878248187
AG,GAG,swine,1354,476.5315600896646,2.841364798052893
AG,GAT,all,13942,3819.013418067339,3.650681072248112
AG,GAT,avian,3472,869.5740238929017,3.992759563420006
AG,GAT,human,9098,2586.93371246286,3.5169049582404472
AG,GAT,swine,879,247.2546982371383,3.5550386151083937
AG,TAA,all,16130,5891.244693892256,2.7379613032748016
AG,TAA,avian,3322,1116.769154849225,2.9746523581666287
AG,TAA,human,11323,4214.4938305308215,2.686680881574301
AG,TAA,swine,1025,395.6868575932654,2.5904322580600296
AG,TAC,all,5471,1662.1804587340382,3.2914597035792745
AG,TAC,avian,1301,371.3761770133261,3.5031864737875096
AG,TAC,human,3607,1112.1670131023536,3.243217931755044
AG,TAC,swine,394,121.94419200622016,3.2309861873528405
AG,TAG,all,8449,3053.574376324411,2.7669213055717563
AG,TAG,avian,2211,732.5495301879638,3.018225947715348
AG,TAG,human,5264,1983.2959923483775,2.6541676181007214
AG,TAG,swine,667,237.67047866629616,2.806406600192482
AG,TAT,all,7540,2538.986634780973,2.9696887319969854
AG,TAT,avian,1811,542.1050487874991,3.340680932691143
AG,TAT,human,4999,1757.9018952421295,2.843730934888974
AG,TAT,swine,474,161.56956371016204,2.9337208637284165
AT,CAA,all,3834,12214.512036571174,0.313888920697013
AT,CAA,avian,873,3022.646005015484,0.28881979515676953
AT,CAA,human,2588,8046.929869851231,0.321613340970728
AT,CAA,swine,251,763.2854206211201,0.3288416013445532
AT,CAC,all,1116,5094.844889297065,0.21904494135717928
AT,CAC,avian,241,1245.8157532086623,0.19344754581830592
AT,CAC,human,763,3341.009702163801,0.22837407491090012
AT,CAC,swine,88,348.00259378340184,0.2528716784644759
AT,CAG,all,6605,10751.959216383799,0.6143066456144405
AT,CAG,avian,1574,2571.652941022235,0.6120577061126814
AT,CAG,human,4448,7148.850428301953,0.622197938621094
AT,CAG,swine,374,695.9371937441492,0.5374048166442666
AT,CAT,all,3164,6316.943984216321,0.5008751079486619
AT,CAT,avian,649,1428.2749184546315,0.4543943127575234
AT,CAT,human,2172,4275.901517707662,0.5079630555112559
AT,CAT,swine,249,420.3844299486422,0.592314991376869
AT,GAA,all,1273,5986.319382002315,0.21265153406736623
AT,GAA,avian,263,1245.3013858773481,0.21119385474280947
AT,GAA,human,907,4179.428081282855,0.2170153385488095
AT,GAA,swine,76,393.80785450295184,0.19298751696033103
AT,GAC,all,311,1483.437577378389,0.20964818792686646
AT,GAC,avian,70,360.0572607065247,0.19441352151222294
AT,GAC,human,210,980.6530112673712,0.21414302264630922
AT,GAC,swine,19,95.27586924096933,0.19942090427898043
AT,GAG,all,1337,3572.3849019771565,0.37425978350206046
AT,GAG,avian,343,1047.0505872950744,0.327586846482841
AT,GAG,human,875,2180.7657428380944,0.4012352096384532
AT,GAG,swine,91,216.2410392069631,0.42082668643163706
AT,GAT,all,840,2351.743515487826,0.35718180765378127
AT,GAT,avian,190,548.7100112366612,0.3462666911649478
AT,GAT,human,566,1567.8725768655856,0.3609987242276535
AT,GAT,swine,62,163.60376635533115,0.3789643807181196
AT,TAA,all,1752,8547.907236516014,0.20496244888053866
AT,TAA,avian,368,1884.5031228207235,0.195276938278127
AT,TAA,human,1211,5853.158749202885,0.2068968315894252
AT,TAA,swine,124,554.9912716131468,0.22342693721935403
AT,TAC,all,453,2425.4021922654238,0.1867731469216162
AT,TAC,avian,115,568.0225602947556,0.20245674738750646
AT,TAC,human,279,1617.6157895093,0.17247606125595127
AT,TAC,swine,37,158.47303595865313,0.23347820514812118
AT,TAG,all,2039,5372.493347661683,0.37952583056942296
AT,TAG,avian,420,1178.9663297313687,0.3562442704328107
AT,TAG,human,1422,3649.4708720025783,0.3896455266732145
AT,TAG,swine,135,382.269036894656,0.35315441997778835
AT,TAT,all,973,3514.6785743419973,0.27683897102373317
AT,TAT,avian,187,711.5795707647533,0.2627956277595578
AT,TAT,human,696,2466.826368736789,0.28214389501455156
AT,TAT,swine,64,232.08386416886322,0.2757623854169968
CA,ACG,all,1974,860.419940723919,2.294228558137744
CA,ACG,avian,468,228.72795839670235,2.0460987947450997
CA,ACG,human,1280,534.8149849365528,2.3933510392418254
CA,ACG,swine,159,62.71876983292267,2.535126253648822
CA,CCA,all,8782,8292.234693349485,1.059063126498737
CA,CCA,avian,1985,2027.6578576135848,0.9789620041401905
CA,CCA,human,5935,5408.571766183125,1.0973322083120625
CA,CCA,swine,620,595.207600635372,1.0416533648733024
CA,CCC,all,1513,2561.1711392106013,0.5907453730195998
CA,CCC,avian,387,702.8112396165692,0.5506457184878468
CA,CCC,human,949,1593.8590375472766,0.59541024497397
CA,CCC,swine,125,176.3058109587785,0.7089953491619505
CA,CCG,all,5604,2795.0320793713263,2.0049859324907935
CA,CCG,avian,1126,620.6210038848059,1.814311782797796
CA,CCG,human,3946,1901.7881215984407,2.0748893923490344
CA,CCG,swine,343,173.02800687026783,1.9823380399750719
CA,CCT,all,4275,2728.740208370797,1.5666570188271614
CA,CCT,avian,892,656.0348848356242,1.3596837921561125
CA,CCT,human,3000,1815.1606947043865,1.6527462327452909
CA,CCT,swine,270,175.57975175241668,1.5377627391837552
CA,GCA,all,1894,1517.9910747859685,1.2477016706221724
CA,GCA,avian,488,391.9553962255294,1.2450396261905448
CA,GCA,human,1226,984.5456947883923,1.2452443868169099
CA,GCA,swine,110,93.10680536862824,1.1814388815563832
CA,GCC,all,800,1126.3028535496649,0.7102885316136008
CA,GCC,avian,212,267.9606066772112,0.7911610688931523
CA,GCC,human,509,746.0456012284434,0.6822639248349932
CA,GCC,swine,50,76.47148014342613,0.653838527856692
CA,GCG,all,2764,1224.2399143824512,2.257727400919008
CA,GCG,avian,721,331.74631385901733,2.173347434107148
CA,GCG,human,1829,794.1713328295328,2.3030294904797213
CA,GCG,swine,131,53.59331792122576,2.4443345753019172
CA,GCT,all,2257,1020.3258349811364,2.2120384710652035
CA,GCT,avian,505,232.06042197705412,2.1761573804684966
CA,GCT,human,1539,678.3493170591846,2.26874260988712
CA,GCT,swine,160,78.30471145294968,2.0432997840256126
CA,TCA,all,7500,6626.966343844402,1.1317395639056675
CA,TCA,avian,1706,1767.5997856250513,0.9651506035891102
CA,TCA,human,5089,4223.324392763591,1.2049749265577825
CA,TCA,swine,508,421.90129093214887,1.2040731112190357
CA,TCC,all,2199,3141.952901748097,0.6998831837283546
CA,TCC,avian,541,796.6184161299831,0.6791206292069023
CA,TCC,human,1433,2054.261016260396,0.6975744506940272
CA,TCC,swine,169,194.676155663318,0.8681083691229061
CA,TCG,all,6300,3207.3461113774465,1.9642407714128374
CA,TCG,avian,1430,777.1321585877253,1.840098861175331
CA,TCG,human,4264,2120.834720587117,2.0105291367634646
CA,TCG,swine,411,200.8625875254482,2.0461749749585825
CA,TCT,all,3353,1833.0408953951562,1.8292008696713664
CA,TCT,avian,978,583.4245978384499,1.676309164240634
CA,TCT,human,2083,1074.1779105055289,1.9391573589701727
CA,TCT,swine,179,107.64270392725759,1.6629088035633517
CG,CCA,all,108,8292.234693349485,0.013024233393516691
CG,CCA,avian,26,2027.6578576135848,0.012822676124758162
CG,CCA,human,58,5408.571766183125,0.010723718295214762
CG,CCA,swine,21,595.207600635372,0.035281807519902175
CG,CCC,all,140,2561.1711392106013,0.05466249320736548
CG,CCC,avian,26,702.8112396165692,0.03699428599659953
CG,CCC,human,99,1593.8590375472766,0.062113397526262416
CG,CCC,swine,11,176.3058109587785,0.062391590726251646
CG,CCG,all,112,1913.8051057975456,0.05852215550095208
CG,CCG,avian,29,391.76273475110673,0.07402439647156378
CG,CCG,human,69,1329.179175411127,0.05191173716565164
CG,CCG,swine,10,128.18188190425357,0.07801414561435115
CG,CCT,all,55,2728.740208370797,0.02015582129485237
CG,CCT,avian,24,656.0348848356242,0.036583420416756385
CG,CCT,human,18,1815.1606947043865,0.009916477396471746
CG,CCT,swine,5,175.57975175241668,0.02847708776266213
CG,GCA,all,116,1517.9910747859685,0.0764167865850961
CG,GCA,avian,30,391.9553962255294,0.07653932128220563
CG,GCA,human,74,984.5456947883922,0.07516156984049864
CG,GCA,swine,8,93.10680536862824,0.08592282774955513
CG,GCC,all,443,1126.3028535496649,0.39332227438103146
CG,GCC,avian,101,267.9606066772112,0.37692107527456786
CG,GCC,human,287,746.0456012284434,0.38469498315843426
CG,GCC,swine,37,76.47148014342613,0.4838405106139521
CG,GCG,all,59,585.9000312619154,0.10069977274608674
CG,GCG,avian,17,153.90912238323693,0.11045479135193588
CG,GCG,human,36,388.65013923442325,0.09262829564634678
CG,GCG,swine,3,22.049822066207273,0.1360555196768543
CG,GCT,all,141,1020.3258349811364,0.1381911494994212
CG,GCT,avian,32,232.06042197705412,0.1378951211385978
CG,GCT,human,81,678.3493170591846,0.11940750578353264
CG,GCT,swine,18,78.30471145294969,0.2298712257028814
CG,TCA,all,65,3472.830401184431,0.018716721662489284
CG,TCA,avian,21,998.7988503176398,0.021025254477737478
CG,TCA,human,35,2128.646505274815,0.0164423730822706
CG,TCA,swine,8,227.8271344983895,0.03511434236142996
CG,TCC,all,47,1972.5333699593311,0.023827226811868347
CG,TCC,avian,17,486.79493568304184,0.034922302501250564
CG,TCC,human,21,1304.5513175703747,0.016097488628589073
CG,TCC,swine,8,123.07652085598772,0.06500021242362569
CG,TCG,all,70,1117.8499756311996,0.06262020980093876
CG,TCG,avian,40,296.1962851074507,0.13504558298389616
CG,TCG,human,23,718.6580948531755,0.032004092300246034
CG,TCG,swine,5,62.949056121860714,0.0794293085240339
CG,TCT,all,51,1137.7039671371674,0.044827126803761226
CG,TCT,avian,16,362.69344756435163,0.04411438945877611
CG,TCT,human,23,671.1292566684558,0.0342705965676031
CG,TCT,swine,6,62.87611566271007,0.0954257421400861
CT,ACA,all,25971,12797.284620368368,2.0294148931144447
CT,ACA,avian,6542,2977.044986416406,2.1974810692648887
CT,ACA,human,16958,8637.314271949048,1.9633417826503785
CT,ACA,swine,1665,808.590072337509,2.059139800204005
CT,ACC,all,23606,5506.439164211921,4.286980986446344
CT,ACC,avian,5822,1318.1551132155207,4.41677913443567
CT,ACC,human,15421,3679.8666666617232,4.190640965257994
CT,ACC,swine,1603,337.5521683584676,4.748895579001806
CT,ACG,all,18344,3029.5414803690446,6.055041701480654
CT,ACG,avian,4847,777.9428591661269,6.230534727441904
CT,ACG,human,11823,1980.2223005125952,5.970541790656296
CT,ACG,swine,1060,169.30759506253682,6.260794145758611
CT,ACT,all,25321,7248.579262459782,3.4932362719873744
CT,ACT,avian,6849,1873.012647363772,3.6566757889434602
CT,ACT,human,15675,4611.4816902030825,3.3991244144590103
CT,ACT,swine,1933,517.4943307519235,3.735306621023916
CT,CCA,all,15452,8292.234693349485,1.8634301333020362
CT,CCA,avian,3831,2027.6578576135848,1.88937200899802
CT,CCA,human,9947,5408.571766183125,1.8391176876293318
CT,CCA,swine,1147,595.207600635372,1.9270587250156093
CT,CCC,all,8828,2561.1711392106013,3.446860643104446
CT,CCC,avian,2485,702.8112396165692,3.5358000269826855
CT,CCC,human,5466,1593.8590375472766,3.42941243311667
CT,CCC,swine,603,176.3058109587785,3.420193564357249
CT,CCG,all,10157,1913.8051057975456,5.307227976992591
CT,CCG,avian,2333,391.76273475110673,5.955135067867527
CT,CCG,human,6793,1329.179175411127,5.110672906757559
CT,CCG,swine,676,128.18188190425357,5.273756243530137
CT,CCT,all,12971,4837.96700905001,2.6810848390938085
CT,CCT,avian,3228,1183.580452415931,2.7273177699166866
CT,CCT,human,8418,3173.2926221900993,2.6527651251368622
CT,CCT,swine,887,320.4849464174216,2.7676806973788723
CT,GCA,all,13523,6747.870983047426,2.0040395013439984
CT,GCA,avian,3055,1540.223332137045,1.983478587979327
CT,GCA,human,9242,4602.438431219213,2.0080659715749287
CT,GCA,swine,817,414.4312765549881,1.9713763082540847
CT,GCC,all,9724,2765.763829508653,3.5158461095817786
CT,GCC,avian,2010,636.1424439493484,3.1596696920918586
CT,GCC,human,6702,1846.8326649925802,3.6289156711590467
CT,GCC,swine,712,198.34887880604873,3.589634608906533
CT,GCG,all,6883,1498.6172912888792,4.592900428954951
CT,GCG,avian,2002,399.05504467751217,5.016851751912756
CT,GCG,human,4214,960.2014026373259,4.388662616431997
CT,GCG,swine,443,86.8251618029905,5.102207595134501
CT,GCT,all,14098,5379.669672837818,2.620606999567539
CT,GCT,avian,3430,1273.032504927652,2.694353825784622
CT,GCT,human,9233,3578.8014001435286,2.5799140459791117
CT,GCT,swine,990,362.3741817561442,2.731982712461038
CT,TCA,all,16890,9879.751609700637,1.7095571495356428
CT,TCA,avian,4122,2485.1882454114634,1.6586268696589364
CT,TCA,human,11178,6472.619624840948,1.7269669234231693
CT,TCA,swine,1053,616.6725320229245,1.7075513263834738
CT,TCC,all,17105,4692.072199382685,3.6455108261655544
CT,TCC,avian,4134,1253.8732969479497,3.2969838420377564
CT,TCC,human,11288,2996.563373899596,3.7669819027756093
CT,TCC,swine,1148,291.97484833441985,3.9318455221359097
CT,TCG,all,16170,3168.9334596859753,5.102663153300279
CT,TCG,avian,4210,848.6994806747714,4.960530901530393
CT,TCG,human,10154,1998.8598123157808,5.079896017438099
CT,TCG,swine,1169,205.32151699181617,5.693509463241472
CT,TCT,all,14744,5720.535678854673,2.577381005506104
CT,TCT,avian,4361,1775.3675217059663,2.4563928013110643
CT,TCT,human,8806,3357.7341695499294,2.6226018962008406
CT,TCT,swine,1056,371.3030011817302,2.844038417785781
GA,AGA,all,45198,10356.311364278927,4.364295202237479
GA,AGA,avian,10626,2698.7300048240163,3.9374075883863453
GA,AGA,human,30281,6688.888879991006,4.527059806686565
GA,AGA,swine,2852,633.7001494643979,4.500551250320052
GA,AGC,all,16921,3752.0696639595353,4.509777673515629
GA,AGC,avian,4237,1081.3041083427927,3.91841662979865
GA,AGC,human,11008,2301.3788094624224,4.783219500735453
GA,AGC,swine,1092,240.7483113754826,4.535857359750551
GA,AGG,all,29348,6616.211917126549,4.435770856134543
GA,AGG,avian,7642,1900.2404825744807,4.02159625062112
GA,AGG,human,18723,4059.153714752605,4.612537813474038
GA,AGG,swine,1935,424.9779956419258,4.5531769170241345
GA,AGT,all,21175,3801.564291951292,5.5700754673101045
GA,AGT,avian,4189,824.7620830865573,5.079040472281717
GA,AGT,human,15105,2649.959423135418,5.700087279875343
GA,AGT,swine,1334,227.12351239138667,5.873456191101904
GA,CGA,all,16034,2201.0848489439854,7.284589691166441
GA,CGA,avian,4600,673.2073306940536,6.832961838454074
GA,CGA,human,9749,1304.1626360911418,7.475294668171039
GA,CGA,swine,1036,134.58719387707106,7.697612010146072
GA,CGC,all,3973,601.5144221616857,6.604995414277974
GA,CGC,avian,1217,179.62755844981407,6.775129665529669
GA,CGC,human,2263,350.97489251402675,6.447754663560611
GA,CGC,swine,318,44.91788366938207,7.079585546385887
GA,CGG,all,15924,2196.3998381938472,7.250046063149727
GA,CGG,avian,4273,559.5973596163593,7.635847322312996
GA,CGG,human,10223,1443.1132432491363,7.083990149645603
GA,CGG,swine,896,115.23146424240777,7.775654035907424
GA,CGT,all,7332,923.7025052005175,7.937620563677445
GA,CGT,avian,1875,215.87905003180938,8.685418986806372
GA,CGT,human,4666,622.5880780602135,7.494521922966743
GA,CGT,swine,531,54.16473087663725,9.803427274648106
GA,GGA,all,41141,7172.089417988726,5.736264232402333
GA,GGA,avian,10564,2043.4317212958515,5.1697347603573425
GA,GGA,human,26542,4437.217531502901,5.981676537505732
GA,GGA,swine,2663,445.22083158188076,5.9813014376220766
GA,GGC,all,9955,2124.577287582635,4.685637965812435
GA,GGC,avian,2556,581.3428332521257,4.396717141417781
GA,GGC,human,6284,1315.9251185105343,4.775347709079918
GA,GGC,swine,776,155.0642170532209,5.004378281119896
GA,GGG,all,20693,4157.853005480715,4.976847419262614
GA,GGG,avian,4299,948.0367286455402,4.534634439893463
GA,GGG,human,14500,2828.2432082846562,5.126857533866164
GA,GGG,swine,1299,259.59699610923053,5.003909981506181
GA,GGT,all,13814,2239.8933682197194,6.167257868609813
GA,GGT,avian,3020,514.1162676425171,5.874157637236857
GA,GGT,human,9567,1529.472341339765,6.255098403165394
GA,GGT,swine,820,129.76713630241764,6.319011294886091
GA,TGA,all,26464,7506.499268356927,3.525478262757843
GA,TGA,avian,6419,2045.2848498935352,3.1384381497443417
GA,TGA,human,17663,4762.640133986422,3.7086572789650867
GA,TGA,swine,1498,451.843513658651,3.3153070802553932
GA,TGC,all,6824,2008.9023985245587,3.396879811090821
GA,TGC,avian,1895,589.170446981843,3.2163867174729486
GA,TGC,human,4208,1208.4493224495857,3.482148503728877
GA,TGC,swine,470,139.0397238967957,3.380328922034285
GA,TGG,all,17017,5334.5800695768185,3.189941809487157
GA,TGG,avian,4024,1324.4015606629314,3.038353411472711
GA,TGG,human,11441,3514.4628760168803,3.2554049946222987
GA,TGG,swine,995,329.60018379372985,3.018808996243431
GA,TGT,all,11979,3230.4795408915224,3.7081182060958446
GA,TGT,avian,2662,775.8020767226832,3.4312875408189374
GA,TGT,human,8228,2169.713776885007,3.7922052611993333
GA,TGT,swine,690,190.1629899598123,3.628466296968825
GC,CGA,all,144,2201.0848489439854,0.06542228486515951
GC,CGA,avian,34,673.2073306940536,0.05050450054509533
GC,CGA,human,95,1304.1626360911418,0.07284367560531836
GC,CGA,swine,9,134.58719387707106,0.06687114680628826
GC,CGC,all,69,601.5144221616857,0.11471046654547704
GC,CGC,avian,19,179.62755844981407,0.10577441548485104
GC,CGC,human,38,350.97489251402675,0.10826985294533946
GC,CGC,swine,6,44.91788366938207,0.1335770857808658
GC,CGG,all,140,2196.3998381938472,0.06374067124095464
GC,CGG,avian,49,559.5973596163593,0.08756295782666436
GC,CGG,human,82,1443.1132432491363,0.05682159760060055
GC,CGG,swine,6,115.23146424240777,0.05206911184759436
GC,CGT,all,64,923.7025052005175,0.06928637698791006
GC,CGT,avian,16,215.87905003180938,0.07411557535408105
GC,CGT,human,37,622.5880780602135,0.0594293422952785
GC,CGT,swine,7,54.16473087663725,0.12923538780138746
GC,GGA,all,71,3874.7344093540637,0.018323836552151203
GC,GGA,avian,13,1077.461826034952,0.012065392653250519
GC,GGA,human,51,2420.018164582697,0.021074221981633074
GC,GGA,swine,6,243.1189655133082,0.024679275791306222
GC,GGC,all,538,887.2443277830778,0.6063718675376367
GC,GGC,avian,161,268.6207421022346,0.5993580344541111
GC,GGC,human,313,524.0243732034459,0.5973004615922353
GC,GGC,swine,45,62.376452005570115,0.7214260919486343
GC,GGG,all,57,2101.905649083807,0.027118248635396906
GC,GGG,avian,12,481.01577346064397,0.02494720685283686
GC,GGG,human,37,1424.048785085747,0.02598225593638781
GC,GGG,swine,4,137.4441835826045,0.02910272297987775
GC,GGT,all,217,1507.2158743687312,0.14397406747781658
GC,GGT,avian,56,346.12084355263175,0.16179320327897137
GC,GGT,human,145,1025.6704309768777,0.14137094686633198
GC,GGT,swine,10,89.2233145654088,0.11207832895144342
GC,TGA,all,110,4909.772015893761,0.022404298945839323
GC,TGA,avian,27,1404.886366202477,0.019218636218232523
GC,TGA,human,65,3012.220816458998,0.021578763298107224
GC,TGA,swine,10,322.46267806089554,0.031011340785650696
GC,TGC,all,88,1439.5064224887542,0.06113206486974703
GC,TGC,avian,24,436.93274366774165,0.05492836219720444
GC,TGC,human,51,850.5046598926768,0.059964398086232204
GC,TGC,swine,8,100.21603153252622,0.07982754732613326
GC,TGG,all,35,3879.831443222303,0.009021010451663224
GC,TGG,avian,9,1031.5149856827534,0.008725030779890178
GC,TGG,human,18,2498.3692400518894,0.0072046996542537295
GC,TGG,swine,2,222.30212262228497,0.008996765196876746
GC,TGT,all,284,2622.8607129796696,0.10827871971796976
GC,TGT,avian,79,685.6358508970281,0.11522151284336002
GC,TGT,human,179,1697.7899791525608,0.1054311794732977
GC,TGT,swine,13,156.9269209812167,0.08284110794193196
GT,CGA,all,3070,2201.0848489439854,1.3947667676113866
GT,CGA,avian,829,673.2073306940536,1.2314185574083538
GT,CGA,human,1961,1304.1626360911418,1.5036468196003085
GT,CGA,swine,168,134.58719387707106,1.2482614070507143
GT,CGC,all,879,601.5144221616857,1.4613115955575988
GT,CGC,avian,246,179.62755844981407,1.3695003268038608
GT,CGC,human,523,350.97489251402675,1.4901350813266458
GT,CGC,swine,74,44.91788366938207,1.6474507246306782
GT,CGG,all,3485,2196.3998381938472,1.5866874233909067
GT,CGG,avian,807,559.5973596163593,1.4421083054309825
GT,CGG,human,2382,1443.1132432491363,1.6505981156662257
GT,CGG,swine,189,115.23146424240777,1.6401770231992223
GT,CGT,all,1461,923.7025052005175,1.5816780746771342
GT,CGT,avian,308,215.87905003180938,1.42672482556606
GT,CGT,human,1019,622.5880780602135,1.636716210780778
GT,CGT,swine,85,54.16473087663725,1.5692868518739904
GT,GGA,all,1420,3874.7344093540637,0.3664767310430241
GT,GGA,avian,370,1077.461826034952,0.34339963705405324
GT,GGA,human,911,2420.018164582697,0.3764434553974065
GT,GGA,swine,91,243.1189655133082,0.3743023495014777
GT,GGC,all,344,887.2443277830778,0.38771732794228075
GT,GGC,avian,100,268.6207421022346,0.37227207108950994
GT,GGC,human,222,524.0243732034459,0.4236444168481669
GT,GGC,swine,13,62.376452005570115,0.20841198211849435
GT,GGG,all,740,2101.905649083807,0.3520614735121704
GT,GGG,avian,147,481.01577346064397,0.30560328394725156
GT,GGG,human,526,1424.048785085747,0.3693693681767564
GT,GGG,swine,53,137.4441835826045,0.3856110794833802
GT,GGT,all,1432,1507.2158743687312,0.9500961503605222
GT,GGT,avian,363,346.1208435526318,1.0487666569690464
GT,GGT,human,962,1025.6704309768777,0.9379231095545612
GT,GGT,swine,68,89.2233145654088,0.7621326368698152
GT,TGA,all,3474,4909.772015893761,0.7075684957985983
GT,TGA,avian,882,1404.886366202477,0.6278087831289291
GT,TGA,human,2267,3012.220816458998,0.7526008676432165
GT,TGA,swine,218,322.46267806089554,0.6760472291271852
GT,TGC,all,1161,1439.5064224887542,0.806526446747458
GT,TGC,avian,299,436.93274366774165,0.6843158457068387
GT,TGC,human,740,850.5046598926768,0.8700716585061142
GT,TGC,swine,72,100.21603153252622,0.7184479259351993
GT,TGG,all,2993,3879.831443222303,0.7714252651950865
GT,TGG,avian,700,1031.5149856827534,0.6786135051025695
GT,TGG,human,2038,2498.3692400518894,0.8157321052982833
GT,TGG,swine,157,222.30212262228497,0.7062460679548245
GT,TGT,all,2276,2622.8607129796696,0.8677548101341521
GT,TGT,avian,460,685.6358508970281,0.6709100747841216
GT,TGT,human,1631,1697.7899791525608,0.9606606353125617
GT,TGT,swine,125,156.9269209812167,0.7965491148262688
TA,CTA,all,2174,5126.319550626346,0.4240859311500344
TA,CTA,avian,433,1091.9650948189674,0.39653282147428476
TA,CTA,human,1494,3527.967114583967,0.4234733350614519
TA,CTA,swine,183,347.053984297673,0.5272954879637353
TA,CTC,all,1690,4112.240572624253,0.4109681741993795
TA,CTC,avian,383,1070.261728685335,0.3578563913244486
TA,CTC,human,1140,2678.5016084647887,0.4256110940524703
TA,CTC,swine,116,233.71580435297895,0.49632929326767394
TA,CTG,all,5947,8700.351529462987,0.6835355996664042
TA,CTG,avian,1282,2179.836785104332,0.588117426387334
TA,CTG,human,4100,5659.433545298987,0.7244541290542528
TA,CTG,swine,408,589.2636986426188,0.692389503951858
TA,CTT,all,1087,3539.869634949441,0.3070734552673789
TA,CTT,avian,242,792.9465944612962,0.3051907930374648
TA,CTT,human,728,2384.5391815486632,0.3053000787880504
TA,CTT,swine,81,256.23595612197175,0.3161148857713119
TA,GTA,all,247,764.4268202915318,0.3231179145517171
TA,GTA,avian,50,193.19918018236552,0.2588002700260102
TA,GTA,human,172,475.893509254519,0.3614253959240498
TA,GTA,swine,19,68.48249768630427,0.27744315178212003
TA,GTC,all,242,927.4760433593275,0.2609231815017815
TA,GTC,avian,71,359.81706781100553,0.19732249065320287
TA,GTC,human,138,456.06142897549813,0.3025908161319515
TA,GTC,swine,17,66.40114180014665,0.25601969392584234
TA,GTG,all,618,1693.182231518091,0.36499319948916964
TA,GTG,avian,91,303.06280459333027,0.30026779473023696
TA,GTG,human,445,1203.341163375764,0.36980368788484724
TA,GTG,swine,65,142.62592416576462,0.45573762540150015
TA,GTT,all,188,1148.195699776764,0.1637351542394311
TA,GTT,avian,30,223.84174106678608,0.13402326061719252
TA,GTT,human,140,798.5826109248316,0.1753106041688877
TA,GTT,swine,13,94.37078328785181,0.13775449929611286
TA,TTA,all,813,3343.711711300464,0.24314297110375027
TA,TTA,avian,178,768.651799947976,0.23157429672583532
TA,TTA,human,551,2254.4986118385455,0.24440023919582682
TA,TTA,swine,53,202.10269588201734,0.2622429145177762
TA,TTC,all,933,3496.2861770226796,0.26685458591221833
TA,TTC,avian,193,881.6663599809506,0.21890366782755552
TA,TTC,human,651,2281.6991734667663,0.2853136853316575
TA,TTC,swine,65,221.1329713878619,0.29394078862166406
TA,TTG,all,2873,8754.957247842889,0.3281569422521019
TA,TTG,avian,603,2095.119210312207,0.2878117851394924
TA,TTG,human,2032,5830.399760051222,0.3485181263080575
TA,TTG,swine,173,566.216759203808,0.3055366998378251
TA,TTT,all,468,3028.8436930925113,0.1545144112478655
TA,TTT,avian,66,537.3831837157885,0.12281738989976679
TA,TTT,human,357,2186.7434389670616,0.1632564633044624
TA,TTT,swine,36,228.34138170983599,0.15765867636619135
TC,ATA,all,17997,5226.589934436297,3.4433541230054483
TC,ATA,avian,4295,1207.0068247522001,3.5583891589691454
TC,ATA,human,11936,3468.597788121831,3.441160010213545
TC,ATA,swine,1217,387.9671957371734,3.1368631507300195
TC,ATC,all,23069,6376.659700819028,3.617724809281728
TC,ATC,avian,5705,1502.273753610193,3.7975768306475537
TC,ATC,human,15043,4256.581474228399,3.534056634667584
TC,ATC,swine,1650,433.70237893238516,3.804452269922267
TC,ATG,all,20917,14708.004911768594,1.422150735295396
TC,ATG,avian,5283,3383.5204294153345,1.5613914886019742
TC,ATG,human,13674,9892.408958493834,1.3822720085039764
TC,ATG,swine,1327,1008.8177926510286,1.3154010661457844
TC,ATT,all,20738,9040.760276608156,2.2938336340647143
TC,ATT,avian,4760,1913.23062609639,2.4879384299382354
TC,ATT,human,14096,6275.1830505346215,2.2463089740145628
TC,ATT,swine,1251,599.0197099912626,2.0884120824976646
TC,CTA,all,17379,5126.319550626346,3.3901515167692953
TC,CTA,avian,3679,1091.9650948189674,3.369155312249177
TC,CTA,human,12011,3527.967114583967,3.4045101923849392
TC,CTA,swine,1114,347.053984297673,3.2098752655278746
TC,CTC,all,12739,4112.240572624253,3.097824598299346
TC,CTC,avian,3322,1070.261728685335,3.103913660521718
TC,CTC,human,8284,2678.5016084647887,3.092773950114617
TC,CTC,swine,734,233.71580435297895,3.1405663901592473
TC,CTG,all,12388,8700.351529462987,1.423850514321072
TC,CTG,avian,3405,2179.836785104332,1.5620435544842999
TC,CTG,human,7805,5659.433545298987,1.3791132871386447
TC,CTG,swine,785,589.2636986426187,1.3321709818681584
TC,CTT,all,10996,4865.585233059271,2.2599542446173917
TC,CTT,avian,2490,1069.9747890285955,2.32715763542486
TC,CTT,human,7419,3305.2581657279047,2.2446053010101683
TC,CTT,swine,752,340.03729354543066,2.2115221308792385
TC,GTA,all,9307,2782.2743154086643,3.3451050992550946
TC,GTA,avian,2348,696.3433278067145,3.371899903737915
TC,GTA,human,5973,1774.1707996363282,3.3666431671766626
TC,GTA,swine,682,216.87643341646708,3.1446478036198506
TC,GTC,all,8274,2185.0474265340254,3.7866454977246957
TC,GTC,avian,2558,687.9561876637675,3.718260037294991
TC,GTC,human,4796,1263.5646053753812,3.795611225256819
TC,GTC,swine,570,148.2296358031873,3.8453848780740483
TC,GTG,all,6118,5178.534591136128,1.181415300473596
TC,GTG,avian,1635,1151.4067800644577,1.420002060356523
TC,GTG,human,3836,3482.4333936979856,1.1015286055267701
TC,GTG,swine,452,391.5578594580987,1.1543632418093994
TC,GTT,all,9749,4447.841932220978,2.191849474095845
TC,GTT,avian,2183,972.6535413402808,2.2443757280643903
TC,GTT,human,6568,3023.8189289723846,2.1720877321950196
TC,GTT,swine,688,318.0066241322251,2.1634769460460483
TC,TTA,all,11791,4028.3975217441775,2.9269703241438902
TC,TTA,avian,2788,954.1257256953737,2.9220467753011117
TC,TTA,human,7831,2678.490380944668,2.923661796850699
TC,TTA,swine,763,251.80275249792186,3.030149561237608
TC,TTC,all,14618,4397.417589514184,3.3242237523352793
TC,TTC,avian,3614,1071.2030590735756,3.3737767731223145
TC,TTC,human,9633,2912.0170095960752,3.3080163914757454
TC,TTC,swine,907,276.1988505725344,3.283865947015615
TC,TTG,all,15264,12147.68752425753,1.256535449197187
TC,TTG,avian,3829,2832.878308909001,1.3516288320463103
TC,TTG,human,10011,8171.409584280674,1.2251252243258182
TC,TTG,swine,940,790.0082413047254,1.189861005054274
TC,TTT,all,12050,6075.811714301624,1.9832740984444859
TC,TTT,avian,2378,1130.3895575772071,2.1036995468153723
TC,TTT,human,8583,4380.23471210652,1.9594840377565765
TC,TTT,swine,794,410.688529196573,1.9333386339114378
TG,CTA,all,1134,5126.319550626346,0.2212113366716371
TG,CTA,avian,255,1091.9650948189674,0.2335239479813917
TG,CTA,human,787,3527.967114583967,0.22307464169569122
TG,CTA,swine,55,347.053984297673,0.1584767860000297
TG,CTC,all,529,4112.240572624253,0.1286403338174389
TG,CTC,avian,138,1070.261728685335,0.12894042298374386
TG,CTC,human,338,2678.5016084647887,0.12618995595590785
TG,CTC,swine,37,233.71580435297895,0.15831192974917188
TG,CTG,all,2692,8700.351529462987,0.3094127853206592
TG,CTG,avian,702,2179.836785104332,0.3220424596910363
TG,CTG,human,1770,5659.433545298987,0.31275214839659204
TG,CTG,swine,151,589.2636986426187,0.25625199778610436
TG,CTT,all,1218,3539.869634949441,0.34408046781570145
TG,CTT,avian,238,792.9465944612962,0.3001463171194902
TG,CTT,human,853,2384.5391815486632,0.35772110879973484
TG,CTT,swine,85,256.23595612197175,0.3317254974143397
TG,GTA,all,245,764.4268202915318,0.3205015751626344
TG,GTA,avian,62,193.19918018236552,0.3209123348322527
TG,GTA,human,150,475.89350925451896,0.31519656621283415
TG,GTA,swine,18,68.48249768630427,0.26284088063569266
TG,GTC,all,213,927.4760433593275,0.22965552752016308
TG,GTC,avian,80,359.81706781100553,0.22233520073600324
TG,GTC,human,111,456.06142897549813,0.24338826514961315
TG,GTC,swine,13,66.40114180014665,0.1957797659432912
TG,GTG,all,623,1693.182231518091,0.36794621890251245
TG,GTG,avian,129,303.06280459333027,0.4256543463758304
TG,GTG,human,423,1203.341163375764,0.3515212583714391
TG,GTG,swine,56,142.62592416576462,0.3926354926536001
TG,GTT,all,932,1148.195699776764,0.8117083178252649
TG,GTT,avian,207,223.84174106678608,0.9247604982586285
TG,GTT,human,593,798.5826109248316,0.7425656305153601
TG,GTT,swine,106,94.37078328785181,1.1232289942606124
TG,TTA,all,416,1784.1073807540936,0.2331698217761804
TG,TTA,avian,107,440.162061297009,0.24309228215786502
TG,TTA,human,278,1163.1642973437104,0.23900320929284175
TG,TTA,swine,14,112.49373656757099,0.12445137326904149
TG,TTC,all,296,2112.3125893333913,0.14013077491216033
TG,TTC,avian,72,508.62065410680685,0.1415593319277209
TG,TTC,human,197,1406.7825092951773,0.1400358610505475
TG,TTC,swine,18,131.30692869730768,0.13708339825306623
TG,TTG,all,1002,4468.25833055386,0.22424844891987203
TG,TTG,avian,225,1031.6977235663055,0.21808713430348053
TG,TTG,human,681,3020.928266730695,0.22542739842577952
TG,TTG,swine,61,286.45080170262344,0.21295105350526006
TG,TTT,all,659,1765.051838379105,0.37336013915895955
TG,TTT,avian,121,274.69547615169364,0.44048777830320296
TG,TTT,human,478,1321.2025142551809,0.3617916215285658
TG,TTT,swine,42,128.8265682298097,0.3260197067818923
