mut_type,motif,host,actual_count,evo_opp,rate
AC,AAG,all,2176,7144.785506502278,0.30455777825935865
AC,AAG,avian,559,1653.8488010065587,0.33799945899515343
AC,AAG,human,1368,4758.5166203125045,0.28748454805442286
AC,CAA,all,3201,12586.90736483204,0.2543118740147107
AC,CAA,avian,899,3119.7795278204567,0.2881613883235077
AC,CAA,human,1959,8175.126388146904,0.2396293227760184
AC,CAC,all,1483,5052.023084583329,0.29354576872886795
AC,CAC,avian,398,1267.7306874960027,0.313946805836279
AC,CAC,human,913,3252.8192699821575,0.28067959644281376
AC,CAG,all,4436,14977.52214465095,0.2961771618267489
AC,CAG,avian,1201,3802.788374306895,0.315820887671378
AC,CAG,human,2787,9590.129587544707,0.2906112972258111
AC,CAT,all,2055,6418.739132980858,0.32015633560195167
AC,CAT,avian,538,1410.065772556399,0.3815424857981094
AC,CAT,human,1289,4335.83167006153,0.297290139029246
AC,GAA,all,640,5874.1251158409095,0.10895239501693536
AC,GAA,avian,144,1212.542965495925,0.11875867832947642
AC,GAA,human,435,4065.148702368813,0.1070071556660449
AC,GAC,all,289,1646.7109363196375,0.17550135462506164
AC,GAC,avian,70,402.2223410259629,0.1740330977673903
AC,GAC,human,192,1075.125762298618,0.17858375897300066
AC,GAG,all,1092,8976.87372711948,0.12164591295308366
AC,GAG,avian,358,2670.3727778995317,0.13406367940943306
AC,GAG,human,625,5367.587180522889,0.11643965509641056
AC,GAT,all,501,2456.614540952001,0.20393919829435256
AC,GAT,avian,121,632.5703140919312,0.19128308316791343
AC,GAT,human,328,1550.7863991486315,0.21150559495496557
AC,TAA,all,1677,8885.320941181266,0.18873825842660558
AC,TAA,avian,434,1997.427003316084,0.21727952975477094
AC,TAA,human,1046,5943.767046012908,0.17598267090592978
AC,TAC,all,548,2603.6922066620373,0.21047034614838064
AC,TAC,avian,149,597.317862610167,0.24944842491215305
AC,TAC,human,340,1730.0790625760706,0.1965228106360315
AC,TAG,all,1555,8215.429192040476,0.1892779991952901
AC,TAG,avian,349,1855.821800042388,0.18805684898842584
AC,TAG,human,1050,5470.017457998843,0.19195551167109676
AC,TAT,all,991,3694.184900648145,0.26825944738882157
AC,TAT,avian,223,791.9822012422019,0.2815719843832737
AC,TAT,human,661,2507.1382465721704,0.2636472084871019
AG,AAA,all,26717,14122.34266495868,1.8918249354118877
AG,AAA,avian,6756,3102.734828309994,2.177433900685569
AG,AAA,human,17105,9611.580713217969,1.7796240296330224
AG,AAC,all,12983,5797.861424036973,2.2392739409352957
AG,AAC,avian,3202,1298.1156453383676,2.4666523444953663
AG,AAC,human,8358,3919.4663645813694,2.132433148432619
AG,AAG,all,27660,12187.680009733906,2.269504940883651
AG,AAG,avian,6929,2906.4314210734606,2.384023221659517
AG,AAG,human,17951,8029.824929476821,2.235540644741004
AG,AAT,all,15255,6986.062086848326,2.183633613666051
AG,AAT,avian,4238,1691.5816568744467,2.505347573838438
AG,AAT,human,9457,4571.630018227497,2.068627592848524
AG,CAA,all,13580,12586.90736483204,1.0788988594563484
AG,CAA,avian,3758,3119.7795278204567,1.204572299577021
AG,CAA,human,8442,8175.126388146904,1.0326445854390747
AG,CAC,all,5721,5052.023084583329,1.1324176283869545
AG,CAC,avian,1596,1267.7306874960027,1.2589424676248775
AG,CAC,human,3521,3252.8192699821575,1.0824456287789126
AG,CAG,all,12932,10766.532008868664,1.2011295735105403
AG,CAG,avian,3641,2632.27321892611,1.3832150757835924
AG,CAG,human,7966,7007.17574395965,1.1368346236879927
AG,CAT,all,8525,6418.739132980858,1.328142462776953
AG,CAT,avian,2120,1410.065772556399,1.5034759663419923
AG,CAT,human,5482,4335.83167006153,1.2643479768489734
AG,GAA,all,37064,10921.783351176267,3.393584985917912
AG,GAA,avian,8599,2427.1454287788856,3.542844980791373
AG,GAA,human,24313,7362.727919134328,3.302172817878431
AG,GAC,all,10940,3187.6771303430864,3.431966147343956
AG,GAC,avian,2925,835.2098348318177,3.5021139335470033
AG,GAC,human,6911,2025.2647670096155,3.412393338676586
AG,GAG,all,22529,7980.358308182329,2.823056199983004
AG,GAG,avian,6711,2255.1295874966427,2.9758822008316144
AG,GAG,human,13484,4892.138491679605,2.7562588473186445
AG,GAT,all,13992,3918.1847468738374,3.5710414143089237
AG,GAT,avian,3676,968.8897139323398,3.79403346649287
AG,GAT,human,8778,2537.930787978933,3.4587231620253567
AG,TAA,all,17294,6403.487221527027,2.700715938318986
AG,TAA,avian,3833,1283.5254754870898,2.9863061335384877
AG,TAA,human,11574,4437.936119648728,2.607969039652627
AG,TAC,all,6172,1913.221167905181,3.2259730884944315
AG,TAC,avian,1603,452.3816616008097,3.54346812894135
AG,TAC,human,3885,1234.3578351644296,3.147385538718176
AG,TAG,all,8521,3237.1480956256983,2.6322552284568874
AG,TAG,avian,2176,761.1563533288612,2.8588081679715662
AG,TAG,human,5290,2091.883074686205,2.5288220283504765
AG,TAT,all,7260,2512.247785055542,2.88984233290487
AG,TAT,avian,1804,573.0855309805571,3.1478721804637635
AG,TAT,human,4672,1674.0513835064373,2.7908342874243885
AT,CAA,all,3835,12586.90736483204,0.3046816734915388
AT,CAA,avian,833,3119.7795278204567,0.2670060472452524
AT,CAA,human,2581,8175.126388146904,0.31571377339709217
AT,CAC,all,1109,5052.023084583329,0.21951601990580885
AT,CAC,avian,217,1267.7306874960027,0.17117200217706666
AT,CAC,human,768,3252.8192699821575,0.23610288068793095
AT,CAG,all,6439,10766.532008868664,0.5980570154527041
AT,CAG,avian,1552,2632.27321892611,0.5896044486723799
AT,CAG,human,4239,7007.17574395965,0.6049512892057998
AT,CAT,all,3200,6418.739132980858,0.4985402792828445
AT,CAT,avian,651,1410.065772556399,0.46168059155124386
AT,CAT,human,2180,4335.83167006153,0.5027870466126891
AT,GAA,all,1238,5874.1251158409095,0.21075478911088436
AT,GAA,avian,243,1212.542965495925,0.20040526968099148
AT,GAA,human,880,4065.148702368813,0.21647424594510234
AT,GAC,all,341,1646.7109363196375,0.20707945303510733
AT,GAC,avian,86,402.222341025963,0.21381209154279374
AT,GAC,human,223,1075.125762298618,0.20741759505718307
AT,GAG,all,1318,3709.704294543869,0.35528438262275464
AT,GAG,avian,348,1109.4945058449905,0.31365635266031655
AT,GAG,human,836,2201.94596338395,0.3796641760977801
AT,GAT,all,833,2456.614540952001,0.33908453528781574
AT,GAT,avian,203,632.5703140919312,0.32091294118253244
AT,GAT,human,536,1550.7863991486315,0.34563109419469984
AT,TAA,all,1844,8885.320941181266,0.20753330264678632
AT,TAA,avian,411,1997.427003316084,0.20576471596592363
AT,TAA,human,1223,5943.767046012908,0.20576176531352974
AT,TAC,all,465,2603.6922066620373,0.17859253824634488
AT,TAC,avian,113,597.317862610167,0.18917900681257244
AT,TAC,human,287,1730.0790625760706,0.16588837250747365
AT,TAG,all,1941,5437.393273824435,0.35697252382754024
AT,TAG,avian,408,1224.1287334549447,0.3332982788897315
AT,TAG,human,1337,3607.9970321803135,0.37056571501447455
AT,TAT,all,1002,3694.184900648145,0.2712371001852666
AT,TAT,avian,198,791.9822012422019,0.2500056184210233
AT,TAT,human,694,2507.1382465721704,0.27680962585483915
CA,ACG,all,2077,1204.262081421645,1.7247076297113648
CA,ACG,avian,469,324.92976434605447,1.443388853415438
CA,ACG,human,1338,740.9746314128198,1.805729836457193
CA,CCA,all,8499,8549.676999543146,0.9940726416277651
CA,CCA,avian,1965,2175.6682460858387,0.9031707860493695
CA,CCA,human,5605,5420.741656185579,1.0339913531212404
CA,CCC,all,1553,2713.9646915577514,0.5722255727316095
CA,CCC,avian,384,712.0235787285548,0.5393079828700345
CA,CCC,human,956,1694.2486813715293,0.5642619117909529
CA,CCG,all,5841,3229.525234499901,1.8086249760808855
CA,CCG,avian,1226,802.7118928633422,1.5273225809907374
CA,CCG,human,4027,2080.678548835357,1.9354263070833697
CA,CCT,all,4550,3068.1263356048635,1.4829897801789813
CA,CCT,avian,929,735.7690221993821,1.2626245084673533
CA,CCT,human,3177,2025.771716068168,1.5682912219577523
CA,GCA,all,2053,1850.4755413152845,1.109444547719212
CA,GCA,avian,471,469.06720230557573,1.0041205134038877
CA,GCA,human,1376,1195.1137744598668,1.1513548160901124
CA,GCC,all,825,1356.3966102344018,0.6082291814762276
CA,GCC,avian,205,356.9882434243567,0.5742486027931003
CA,GCC,human,548,849.6350044416184,0.6449828422031018
CA,GCG,all,2745,1453.230299225593,1.8888953811813405
CA,GCG,avian,715,421.8580778163352,1.6948827996871743
CA,GCG,human,1797,886.2656227122,2.0276088273634256
CA,GCT,all,2427,1141.160349193325,2.1267826223682085
CA,GCT,avian,504,255.07693105366283,1.9758744858584212
CA,GCT,human,1669,753.3534157377674,2.215427666662306
CA,TCA,all,7331,7258.175155303116,1.0100334923226089
CA,TCA,avian,1644,1937.933561734359,0.8483262958347745
CA,TCA,human,4899,4539.46793224089,1.0792013674566543
CA,TCC,all,2186,3122.389509435193,0.7001048374632235
CA,TCC,avian,568,838.0560082076399,0.6777589975338142
CA,TCC,human,1359,1956.9332225727392,0.6944539467797226
CA,TCG,all,6247,3695.8473611961795,1.6902754333388181
CA,TCG,avian,1473,954.2269897572669,1.5436578673746137
CA,TCG,human,4144,2351.4107082801142,1.7623463163655635
CA,TCT,all,4244,2451.0813816016334,1.7314806566017824
CA,TCT,avian,1057,714.9002937240789,1.4785278580511494
CA,TCT,human,2759,1468.842669373944,1.87834957243988
CG,CCA,all,108,8549.676999543146,0.012632056159053846
CG,CCA,avian,31,2175.6682460858387,0.014248495861338653
CG,CCA,human,58,5420.741656185579,0.01069964290473362
CG,CCC,all,138,2713.9646915577514,0.05084811914807605
CG,CCC,avian,19,712.0235787285548,0.026684509569090242
CG,CCC,human,99,1694.2486813715293,0.05843298040513005
CG,CCG,all,126,2297.047002529547,0.05485303516264432
CG,CCG,avian,40,538.8692356528288,0.07422951126824087
CG,CCG,human,68,1501.1606568086079,0.04529828282641285
CG,CCT,all,53,3068.126335604864,0.017274386450436482
CG,CCT,avian,18,735.7690221993821,0.024464199302919654
CG,CCT,human,18,2025.771716068168,0.0088855026739816
CG,GCA,all,127,1850.4755413152845,0.06863100709222598
CG,GCA,avian,30,469.06720230557573,0.06395672059897374
CG,GCA,human,80,1195.1137744598668,0.06693923349361118
CG,GCC,all,456,1356.3966102344018,0.33618485667049675
CG,GCC,avian,88,356.9882434243567,0.24650671729655035
CG,GCC,human,316,849.6350044416184,0.371924412657263
CG,GCG,all,56,596.6916928287342,0.09385081219167138
CG,GCG,avian,14,161.38824603419692,0.08674733348941352
CG,GCG,human,35,383.94164496042225,0.09115968652894607
CG,GCT,all,144,1141.160349193325,0.12618734965843512
CG,GCT,avian,32,255.07693105366283,0.12545234830847118
CG,GCT,human,82,753.3534157377674,0.10884665588155128
CG,TCA,all,78,3874.281679067508,0.02013276433188349
CG,TCA,avian,22,1106.5990007518662,0.01988073365785831
CG,TCA,human,47,2339.8027924133703,0.020087162966209746
CG,TCC,all,51,1918.5398392145185,0.02658271616651976
CG,TCC,avian,16,511.0308131539014,0.03130926665899784
CG,TCC,human,21,1211.5309807665496,0.01733344036048757
CG,TCG,all,73,1291.8034664777367,0.0565101440693944
CG,TCG,avian,47,371.0815354911356,0.12665680047322844
CG,TCG,human,18,784.5848793780636,0.02294206844040699
CG,TCT,all,50,1467.6739670185277,0.03406751167057309
CG,TCT,avian,18,434.72475970132655,0.04140550911424214
CG,TCT,human,20,878.9535791534505,0.022754330233529133
CT,ACA,all,25484,12911.406684738871,1.9737586013863062
CT,ACA,avian,6422,3017.6599978708714,2.1281390231275497
CT,ACA,human,16397,8593.489421088218,1.9080724018536817
CT,ACC,all,23046,5433.149620660979,4.241738514316177
CT,ACC,avian,5660,1320.7089309800765,4.285577137575504
CT,ACC,human,14956,3578.051526882063,4.179928625296448
CT,ACG,all,17911,3261.4636754219277,5.491706111883309
CT,ACG,avian,4685,870.5849368807735,5.381439307675054
CT,ACG,human,11473,2061.9122145897527,5.564252405518981
CT,ACT,all,25116,7718.5393349002015,3.2539835466582803
CT,ACT,avian,6719,2014.4126256330644,3.335463605867957
CT,ACT,human,15391,4834.614446741457,3.1835010153443726
CT,CCA,all,15114,8549.676999543146,1.7677860813698132
CT,CCA,avian,3787,2175.6682460858387,1.74061463957708
CT,CCA,human,9618,5420.741656185579,1.7742959561677234
CT,CCC,all,8898,2713.9646915577514,3.278598291156382
CT,CCC,avian,2358,712.0235787285548,3.311688082311305
CT,CCC,human,5549,1694.2486813715293,3.2751980633138045
CT,CCG,all,10742,2297.047002529547,4.676438918389883
CT,CCG,avian,2497,538.8692356528288,4.633777240919936
CT,CCG,human,7077,1501.1606568086079,4.714352170037114
CT,CCT,all,13799,5271.861512801788,2.617481503732895
CT,CCT,avian,3390,1290.152477108138,2.62759639666673
CT,CCT,human,8868,3412.578435529409,2.598621589960398
CT,GCA,all,13511,7217.723317607565,1.8719199123413401
CT,GCA,avian,3103,1735.1169760917157,1.788352049317959
CT,GCA,human,9020,4775.915531414317,1.8886431178837997
CT,GCC,all,9911,3175.794070550416,3.120794289499465
CT,GCC,avian,2110,757.3006514303454,2.786211785259599
CT,GCC,human,6737,2075.916943457397,3.245312882691571
CT,GCG,all,6630,1517.282339150998,4.3696547629427
CT,GCG,avian,1851,390.117241022435,4.744727495633939
CT,GCG,human,4069,975.8097624637709,4.169870149409446
CT,GCT,all,15695,5849.591568671471,2.683093309293142
CT,GCT,avian,3703,1392.4621815745654,2.659318184004631
CT,GCT,human,10326,3829.224826925844,2.6966293353659934
CT,TCA,all,17700,10850.720336757975,1.6312281075053938
CT,TCA,avian,4224,2725.1855074902332,1.549986226034977
CT,TCA,human,11677,7009.094806378674,1.6659783213908403
CT,TCC,all,16834,4794.058630275615,3.5114297296427095
CT,TCC,avian,4118,1322.842130753209,3.112994290297713
CT,TCC,human,10819,2965.9645219689924,3.647717266967736
CT,TCG,all,17212,3822.4301695929607,4.502894555646743
CT,TCG,avian,4692,1068.9044756096685,4.389540980566888
CT,TCG,human,10506,2331.8771051864987,4.505383228229667
CT,TCT,all,16889,6888.486992479988,2.451772068153334
CT,TCT,avian,4612,2046.7069768762344,2.2533758139814513
CT,TCT,human,10283,4072.99065210911,2.524680481325232
GA,AGA,all,44710,10788.104450314519,4.144379599392599
GA,AGA,avian,11036,2935.440769588001,3.759571684884972
GA,AGA,human,28965,6750.273665310784,4.290937143607858
GA,AGC,all,17397,4247.491620777222,4.095829151233648
GA,AGC,avian,4368,1242.8714499148225,3.514442302379181
GA,AGC,human,11207,2545.398205914366,4.402847449943176
GA,AGG,all,29300,7103.436634388293,4.124764041415729
GA,AGG,avian,7608,2062.0646831047807,3.6895059899599723
GA,AGG,human,18541,4262.696260071296,4.349594451210064
GA,AGT,all,21674,4106.115592590293,5.278468058500813
GA,AGT,avian,4430,937.5544803063458,4.725058749175299
GA,AGT,human,15064,2757.9604169154168,5.462007325271193
GA,CGA,all,16382,2692.2290126966886,6.084920681985691
GA,CGA,avian,4371,776.6485133399809,5.628028541769162
GA,CGA,human,10262,1640.2246359055528,6.2564601063527165
GA,CGC,all,4512,761.3303450688785,5.926468095254752
GA,CGC,avian,1484,248.6995461823107,5.967039436863889
GA,CGC,human,2377,409.7338574498696,5.801326780252283
GA,CGG,all,15469,2234.5661194190357,6.9225966802100185
GA,CGG,avian,4201,597.659807699435,7.029082340622605
GA,CGG,human,9740,1409.8444471068985,6.908563579469477
GA,CGT,all,7906,1185.1249634161034,6.671026468981873
GA,CGT,avian,2287,341.7552171194918,6.691924176830839
GA,CGT,human,4594,701.9338832211673,6.5447759537097445
GA,GGA,all,39349,6971.48921872216,5.64427466864999
GA,GGA,avian,10221,2036.0071044004485,5.020120007395466
GA,GGA,human,24971,4215.456609062936,5.923676203027236
GA,GGC,all,9768,2318.6207274785447,4.212849425624911
GA,GGC,avian,2747,715.2845546489556,3.8404296334179358
GA,GGC,human,5777,1320.9479696601018,4.373374374076597
GA,GGG,all,20158,4268.296064300296,4.722727687191144
GA,GGG,avian,4082,974.9676263701266,4.186805684202638
GA,GGG,human,14168,2867.542554941945,4.940815952524491
GA,GGT,all,13919,2319.395353162425,6.001133002625821
GA,GGT,avian,2970,519.5552940184293,5.716427171839481
GA,GGT,human,9589,1579.8294972092153,6.069642336048963
GA,TGA,all,25765,7467.581245985565,3.450247027958456
GA,TGA,avian,6435,2041.6034938000564,3.1519342612519106
GA,TGA,human,16744,4669.742344483385,3.5856368006642976
GA,TGC,all,7753,2735.6378055556497,2.834074007989975
GA,TGC,avian,2145,823.8829178269042,2.6035252747534927
GA,TGC,human,4702,1580.2338943088637,2.975508889496692
GA,TGG,all,16832,5478.012404363655,3.0726472956855715
GA,TGG,avian,4055,1378.7158029481106,2.941142758594038
GA,TGG,human,11110,3536.8322244157225,3.141229013721551
GA,TGT,all,12066,3438.343684156229,3.5092477973041842
GA,TGT,avian,2620,839.7045007259823,3.12014523887252
GA,TGT,human,8264,2254.6737357706547,3.665275320721886
GC,CGA,all,171,2692.2290126966886,0.06351614190083954
GC,CGA,avian,39,776.6485133399809,0.050215765986958885
GC,CGA,human,114,1640.2246359055525,0.06950267512416777
GC,CGC,all,70,761.3303450688785,0.09194431885368633
GC,CGC,avian,21,248.6995461823107,0.08443923731411164
GC,CGC,human,40,409.7338574498696,0.09762434632313476
GC,CGG,all,126,2234.5661194190357,0.05638678529358474
GC,CGG,avian,45,597.659807699435,0.07529366944251778
GC,CGG,human,69,1409.8444471068985,0.04894156950548192
GC,CGT,all,91,1185.1249634161034,0.07678515161615868
GC,CGT,avian,23,341.7552171194918,0.06729963098693018
GC,CGT,human,58,701.9338832211673,0.08262886489228673
GC,GGA,all,75,3971.6338276629936,0.01888391610465556
GC,GGA,avian,14,1153.550021395705,0.012136448129974544
GC,GGA,human,52,2409.6600970369796,0.02157980707069076
GC,GGC,all,488,1129.7717368377816,0.43194566131199785
GC,GGC,avian,174,387.3294365612904,0.4492299928060503
GC,GGC,human,247,598.6721566269257,0.4125797354459611
GC,GGG,all,51,2226.6560745046113,0.02290430057158537
GC,GGG,avian,12,505.5731133317725,0.023735439412351095
GC,GGG,human,31,1492.4055195089381,0.02077183419302835
GC,GGT,all,214,1634.509144134504,0.1309261564965524
GC,GGT,avian,61,358.0694515973321,0.17035801218976285
GC,GGT,human,134,1119.5663870171493,0.11968919534732997
GC,TGA,all,115,4833.005140911954,0.02379471915444731
GC,TGA,avian,32,1377.693509882359,0.023227227079506585
GC,TGA,human,66,2938.957587322426,0.022456941973133446
GC,TGC,all,95,1864.0366886419142,0.050964662111460036
GC,TGC,avian,31,586.988796623918,0.05281191085468299
GC,TGC,human,47,1046.004091158415,0.04493290265045623
GC,TGG,all,37,4018.5886070281827,0.00920721268539159
GC,TGG,avian,12,1096.820882288992,0.01094071073387735
GC,TGG,human,17,2515.0963079390644,0.0067591845077019114
GC,TGT,all,281,2689.3187430096327,0.10448742854687847
GC,TGT,avian,78,715.4482430404772,0.10902256139244872
GC,TGT,human,182,1703.3827039006287,0.10684621816532044
GT,CGA,all,3235,2692.2290126966886,1.2016065441474615
GT,CGA,avian,794,776.6485133399809,1.0223414921447527
GT,CGA,human,2158,1640.2246359055528,1.3156734466487197
GT,CGC,all,899,761.3303450688785,1.1808277521352
GT,CGC,avian,269,248.6995461823107,1.0816264208331443
GT,CGC,human,511,409.7338574498696,1.2471510242780466
GT,CGG,all,3263,2234.5661194190357,1.460238733436246
GT,CGG,avian,766,597.659807699435,1.2816655731770805
GT,CGG,human,2196,1409.8444471068985,1.55761864687012
GT,CGT,all,1566,1185.1249634161034,1.3213796420978514
GT,CGT,avian,380,341.7552171194918,1.1119069467405855
GT,CGT,human,1018,701.9338832211673,1.450279042419791
GT,GGA,all,1372,3971.6338276629936,0.34544977194116566
GT,GGA,avian,370,1153.5500213957048,0.32074898629218446
GT,GGA,human,862,2409.6600970369796,0.3577268018256815
GT,GGC,all,329,1129.7717368377816,0.291209267564851
GT,GGC,avian,101,387.3294365612904,0.26075993835293726
GT,GGC,human,204,598.6721566269257,0.3407541134857331
GT,GGG,all,724,2226.6560745046113,0.325151247329957
GT,GGG,avian,143,505.5731133317725,0.28284731966385057
GT,GGG,human,514,1492.4055195089381,0.3444104121037604
GT,GGT,all,1456,1634.5091441345041,0.8907873077522444
GT,GGT,avian,369,358.0694515973321,1.0305263360331556
GT,GGT,human,972,1119.5663870171493,0.8681932677433188
GT,TGA,all,3248,4833.005140911954,0.6720456331621293
GT,TGA,avian,813,1377.693509882359,0.5901167379887141
GT,TGA,human,2109,2938.957587322426,0.7176013730505824
GT,TGC,all,1229,1864.0366886419142,0.6593217866840462
GT,TGC,avian,317,586.988796623918,0.5400443787398228
GT,TGC,human,776,1046.004091158415,0.7418709033351922
GT,TGG,all,2894,4018.588607028183,0.7201533381492772
GT,TGG,avian,666,1096.8208822889917,0.6072094457301931
GT,TGG,human,1948,2515.0963079390644,0.7745230247649013
GT,TGT,all,2295,2689.3187430096327,0.8533759733632956
GT,TGT,avian,450,715.4482430404772,0.6289763157256657
GT,TGT,human,1636,1703.3827039006287,0.960441829222331
TA,CTA,all,2252,5443.4823177223425,0.41370576196567493
TA,CTA,avian,455,1201.1000227358948,0.3788194083650003
TA,CTA,human,1532,3663.189039142231,0.41821483511501545
TA,CTC,all,1729,4242.992567506169,0.40749541096090697
TA,CTC,avian,392,1136.0156573954164,0.3450656665232523
TA,CTC,human,1153,2689.307746470065,0.42873486737001604
TA,CTG,all,5686,8709.417152508282,0.6528565460161075
TA,CTG,avian,1209,2180.6994710146505,0.5544092691678731
TA,CTG,human,3899,5603.507611798055,0.6958141703583566
TA,CTT,all,1139,4051.904223543266,0.2811023995537534
TA,CTT,avian,246,956.0838497049959,0.2572996082675222
TA,CTT,human,767,2658.3185064608997,0.2885282550363502
TA,GTA,all,221,739.1994164131903,0.2989720975056447
TA,GTA,avian,46,183.81301446975067,0.25025431486827626
TA,GTA,human,149,456.80781925706117,0.32617655328739603
TA,GTC,all,242,1171.618937791201,0.20655179956055628
TA,GTC,avian,63,453.0907772378811,0.13904498428341175
TA,GTC,human,144,562.076936019851,0.25619268603989526
TA,GTG,all,614,1746.0932543154477,0.3516421579904204
TA,GTG,avian,96,348.39152106677085,0.2755520562212568
TA,GTG,human,427,1187.2790247892033,0.3596458718503952
TA,GTT,all,199,1184.606218254317,0.16798831285324026
TA,GTT,avian,33,241.3394048888792,0.13673689141312964
TA,GTT,human,143,804.3497887007493,0.1777833499912832
TA,TTA,all,877,3603.4739185138064,0.2433762585304639
TA,TTA,avian,201,875.5585255534438,0.22956774919523187
TA,TTA,human,576,2355.8001028901954,0.2445029182626059
TA,TTC,all,984,3894.3074587126425,0.2526765054974075
TA,TTC,avian,222,1018.6731461705208,0.21793055096677527
TA,TTC,human,659,2470.6247545621277,0.26673415247828497
TA,TTG,all,2965,9785.637722093516,0.30299507136931647
TA,TTG,avian,646,2417.1311436464503,0.267258978354585
TA,TTG,human,2057,6366.311208955814,0.32310704464247886
TA,TTT,all,583,3722.5350692209868,0.15661370253309773
TA,TTT,avian,135,740.1273663446597,0.1824010381709541
TA,TTT,human,386,2570.1360214366086,0.15018660365852568
TC,ATA,all,18048,5131.820394047902,3.5168806805734705
TC,ATA,avian,4281,1185.6780267540914,3.6105923390683494
TC,ATA,human,11880,3362.5999730450167,3.532980460129492
TC,ATC,all,23420,6686.379649850297,3.50264286900376
TC,ATC,avian,5893,1616.6849969674422,3.6451133096762924
TC,ATC,human,14957,4353.286712332447,3.4357948346540654
TC,ATG,all,20123,14759.983820986456,1.3633483778883382
TC,ATG,avian,5199,3495.8701865111634,1.4871833685530926
TC,ATG,human,12821,9712.235114764582,1.3200874822840172
TC,ATT,all,20698,9190.425963830308,2.252126297677465
TC,ATT,avian,4851,1983.3520301793312,2.4458592958716365
TC,ATT,human,13830,6266.918074449934,2.2068263595760986
TC,CTA,all,18320,5443.4823177223425,3.365492699472098
TC,CTA,avian,3866,1201.1000227358948,3.21871611591009
TC,CTA,human,12674,3663.189039142231,3.4598269061669096
TC,CTC,all,12593,4242.992567506169,2.967952406148468
TC,CTC,avian,3362,1136.0156573954164,2.959466252171363
TC,CTC,human,8022,2689.307746470065,2.9829237693341444
TC,CTG,all,12007,8709.417152508282,1.3786226781595856
TC,CTG,avian,3223,2180.6994710146505,1.477966149320145
TC,CTG,human,7569,5603.507611798055,1.3507610811598874
TC,CTT,all,12349,5641.495651476649,2.1889585249910946
TC,CTT,avian,2866,1329.8442589193387,2.155139581780032
TC,CTT,human,8232,3706.91381372234,2.2207152401349584
TC,GTA,all,9922,2967.561704217085,3.3434856589166237
TC,GTA,avian,2506,729.943774666729,3.4331411363076096
TC,GTA,human,6254,1890.518293414435,3.308087534400289
TC,GTC,all,9057,2573.074265986183,3.5199139487443905
TC,GTC,avian,2779,810.3443182783019,3.4294064107272355
TC,GTC,human,5231,1462.84939487151,3.5758978459019475
TC,GTG,all,6211,5347.576603100284,1.161460687893492
TC,GTG,avian,1640,1237.89806816987,1.324826366701262
TC,GTG,human,3858,3490.7277303863925,1.1052136683180827
TC,GTT,all,10066,4530.758042395017,2.221703279188792
TC,GTT,avian,2273,1022.0481758977279,2.2239656149314917
TC,GTT,human,6655,2993.865011223598,2.222879112802781
TC,TTA,all,12508,4425.597713265008,2.8262849021521563
TC,TTA,avian,3090,1097.9281966257315,2.814391696557674
TC,TTA,human,8049,2849.5225084880617,2.8246837763253
TC,TTC,all,14960,4994.192479644426,2.995479261357006
TC,TTC,avian,3739,1281.5670310706992,2.9175219940514636
TC,TTC,human,9720,3193.025513565257,3.0441347739645455
TC,TTG,all,16081,13487.393659824698,1.1922985571260483
TC,TTG,avian,4096,3295.1530473067423,1.2430378623377816
TC,TTG,human,10322,8803.73226568628,1.1724572815817413
TC,TTT,all,13470,7047.066715822844,1.9114335855166071
TC,TTT,avian,2646,1394.3620784289324,1.8976419689936805
TC,TTT,human,9465,4911.851609065451,1.926971894373016
TG,CTA,all,1225,5443.4823177223425,0.22503976838718998
TG,CTA,avian,275,1201.1000227358948,0.2289567852755496
TG,CTA,human,819,3663.189039142231,0.22357568535195668
TG,CTC,all,543,4242.992567506169,0.1279757132167568
TG,CTC,avian,128,1136.0156573954164,0.11267450335453137
TG,CTC,human,351,2689.307746470065,0.1305168590172382
TG,CTG,all,2683,8709.417152508282,0.3080573536688738
TG,CTG,avian,670,2180.6994710146505,0.3072408687696237
TG,CTG,human,1768,5603.507611798055,0.3155166589365413
TG,CTT,all,1285,4051.904223543266,0.31713484058522656
TG,CTT,avian,278,956.0838497049959,0.29076947600963887
TG,CTT,human,876,2658.3185064608997,0.3295316185291301
TG,GTA,all,248,739.1994164131903,0.3354981003683253
TG,GTA,avian,60,183.81301446975067,0.32641867156731685
TG,GTA,human,157,456.80781925706117,0.34368938836322943
TG,GTC,all,235,1171.618937791201,0.20057716073029225
TG,GTC,avian,87,453.0907772378811,0.19201450210566387
TG,GTC,human,123,562.076936019851,0.2188312526590772
TG,GTG,all,673,1746.0932543154477,0.3854318767549722
TG,GTG,avian,149,348.39152106677085,0.4276797539267423
TG,GTG,human,442,1187.2790247892033,0.3722798017748822
TG,GTT,all,974,1184.606218254317,0.8222141543671156
TG,GTT,avian,220,241.3394048888792,0.9115792760875309
TG,GTT,human,592,804.3497887007493,0.7359982041597178
TG,TTA,all,438,1949.3236141984926,0.22469332275548992
TG,TTA,avian,112,526.600312795866,0.21268502368591688
TG,TTA,human,283,1211.925029160277,0.23351279426590113
TG,TTC,all,312,2311.0305197240746,0.13500470778605347
TG,TTC,avian,85,610.1451314675733,0.13931111733293802
TG,TTC,human,201,1454.5869103814175,0.13818356164589324
TG,TTG,all,1051,4939.642148139733,0.21276844930878366
TG,TTG,avian,244,1242.434319185276,0.19638865107976294
TG,TTG,human,701,3189.782711911067,0.21976418562379627
TG,TTT,all,738,2115.2184627320894,0.3489001315952838
TG,TTT,avian,134,365.6227047454007,0.3664980272308585
TG,TTT,human,538,1520.7415657091956,0.35377477155305115
