site,count,frac_mut,frac_cons
262,24043,0.9922003961703533,0.0077996038296467285
1403,23891,0.9859276989105316,0.014072301089468442
428,23889,0.9858451634202707,0.014154836579729269
446,23806,0.982419940574447,0.017580059425552963
788,23794,0.9819247276328822,0.01807527236711781
419,23780,0.9813469792010564,0.018653020798943598
134,23732,0.979366127434797,0.020633872565202993
311,23727,0.9791597887091449,0.020840211290855115
221,23695,0.977839220864972,0.022160779135028008
965,23632,0.9752393529217563,0.02476064707824366
72,23554,0.9720204688015847,0.02797953119841534
1502,23534,0.9711951138989766,0.028804886101023386
1364,23493,0.96950313634863,0.030496863651370054
553,23488,0.9692967976229779,0.030703202377022065
992,23461,0.9681825685044569,0.03181743149554306
464,23415,0.9662842522284583,0.03371574777154174
833,23408,0.9659953780125454,0.034004621987454575
1595,23385,0.9650462198745461,0.034953780125453915
791,23373,0.9645510069329812,0.035448993067018764
203,23347,0.9634780455595906,0.0365219544404094
608,23260,0.9598877517332453,0.040112248266754746
83,23247,0.95935127104655,0.04064872895344995
848,23200,0.9574116870254209,0.0425883129745791
533,23173,0.9562974579069,0.04370254209309998
707,23160,0.9557609772202047,0.0442390227797953
902,23147,0.9552244965335094,0.04477550346649062
449,23121,0.9541515351601189,0.04584846483988114
606,23113,0.9538213931990756,0.04617860680092445
801,23107,0.9535737867282932,0.04642621327170682
486,23098,0.9532023770221195,0.04679762297788048
1625,23080,0.9524595576097722,0.04754044239022781
479,23072,0.952129415648729,0.047870584351271006
550,23071,0.9520881479035985,0.047911852096401475
1604,23054,0.9513865962363817,0.048613403763618335
176,23039,0.9507675800594255,0.04923241994057448
1238,23030,0.9503961703532519,0.04960382964674814
698,23013,0.949694618686035,0.050305381313965
1505,22988,0.9486629250577748,0.05133707494222517
1367,22983,0.9484565863321228,0.05154341366787718
81,22976,0.94816771211621,0.05183228788379002
998,22971,0.947961373390558,0.05203862660944203
761,22949,0.947053482997689,0.05294651700231101
1699,22881,0.9442472763288214,0.05575272367117856
1218,22878,0.9441234730934301,0.05587652690656986
1022,22870,0.943793331132387,0.05620666886761305
325,22866,0.9436282601518653,0.056371739848134705
1068,22851,0.9430092439749093,0.05699075602509074
1457,22844,0.9427203697589964,0.057279630241003576
310,22844,0.9427203697589964,0.057279630241003576
809,22835,0.9423489600528228,0.05765103994717724
1577,22827,0.9420188180917795,0.05798118190822055
755,22818,0.9416474083856058,0.05835259161439421
528,22812,0.9413998019148234,0.05860019808517658
224,22808,0.9412347309343018,0.058765269065698233
818,22805,0.9411109276989106,0.05888907230108942
647,22797,0.9407807857378673,0.059219214262132724
1616,22794,0.9406569825024761,0.05934301749752391
264,22777,0.9399554308352591,0.06004456916474088
860,22775,0.9398728953449984,0.060127104655001595
642,22774,0.9398316275998679,0.060168372400132064
454,22765,0.9394602178936943,0.06053978210630573
807,22762,0.9393364146583031,0.06066358534169691
806,22748,0.9387586662264774,0.06124133377352259
70,22747,0.9387173984813469,0.06128260151865306
815,22741,0.9384697920105646,0.061530207989435426
338,22736,0.9382634532849126,0.06173654671508744
442,22735,0.9382221855397821,0.061777814460217906
1697,22734,0.9381809177946517,0.061819082205348264
910,22729,0.9379745790689997,0.062025420931000275
639,22712,0.9372730274017828,0.06272697259821725
513,22689,0.9363238692637834,0.06367613073621659
1376,22676,0.9357873885770881,0.0642126114229119
596,22669,0.9354985143611753,0.06450148563882474
28,22663,0.9352509078903929,0.06474909210960711
1196,22658,0.9350445691647409,0.06495543083525912
953,22622,0.9335589303400462,0.06644106965995378
956,22615,0.9332700561241334,0.06672994387586662
857,22599,0.9326097722020469,0.06739022779795312
1223,22583,0.9319494882799604,0.06805051172003962
1529,22581,0.9318669527896996,0.06813304721030045
827,22568,0.9313304721030042,0.06866952789699576
504,22566,0.9312479366127435,0.06875206338725648
76,22531,0.9298035655331792,0.07019643446682078
1734,22507,0.9288131396500495,0.07118686034995048
128,22486,0.927946517002311,0.07205348299768899
565,22470,0.9272862330802245,0.07271376691977549
89,22455,0.9266672169032684,0.07333278309673164
714,22453,0.9265846814130075,0.07341531858699246
238,22443,0.9261720039617035,0.07382799603829648
820,22437,0.9259243974909211,0.07407560250907885
62,22404,0.9245625619016177,0.07543743809838233
896,22393,0.9241086167051832,0.07589138329481682
997,22367,0.9230356553317927,0.07696434466820734
986,22344,0.9220864971937933,0.07791350280620668
358,22340,0.9219214262132717,0.07807857378672833
821,22302,0.9203532518983163,0.0796467481016837
321,22300,0.9202707164080555,0.07972928359194453
77,22285,0.9196517002310993,0.08034829976890068
38,22278,0.9193628260151865,0.08063717398481351
862,22261,0.9186612743479696,0.08133872565203037
439,22217,0.9168454935622318,0.08315450643776823
547,22212,0.9166391548365798,0.08336084516342024
107,22197,0.9160201386596236,0.08397986134037638
904,22134,0.9134202707164081,0.08657972928359192
481,22123,0.9129663255199736,0.08703367448002641
356,22078,0.9111092769891053,0.08889072301089473
521,22075,0.9109854737537141,0.08901452624628592
1513,22042,0.9096236381644107,0.09037636183558928
753,22041,0.9095823704192803,0.09041762958071975
150,22037,0.9094172994387587,0.09058270056124129
697,22036,0.9093760316936282,0.09062396830637176
549,21963,0.9063634862991086,0.09363651370089143
734,21929,0.9049603829646748,0.09503961703532515
173,21922,0.904671508748762,0.09532849125123799
1415,21902,0.9038461538461539,0.09615384615384615
1268,21856,0.9019478375701552,0.09805216242984482
1313,21827,0.9007510729613734,0.09924892703862664
447,21814,0.9002145922746781,0.09978540772532185
905,21785,0.8990178276658963,0.10098217233410367
1349,21781,0.8988527566853747,0.10114724331462532
635,21727,0.8966242984483328,0.1033757015516672
1435,21712,0.8960052822713767,0.10399471772862334
1394,21685,0.8948910531528558,0.10510894684714422
545,21677,0.8945609111918125,0.10543908880818753
247,21653,0.8935704853086828,0.10642951469131723
212,21639,0.8929927368768571,0.1070072631231429
422,21628,0.8925387916804226,0.1074612083195774
386,21515,0.8878755364806867,0.11212446351931327
884,21512,0.8877517332452954,0.11224826675470456
566,21478,0.8863486299108617,0.11365137008913828
644,21469,0.885977220204688,0.11402277979531195
901,21357,0.8813552327500825,0.11864476724991746
149,21300,0.8790029712776494,0.12099702872235063
973,21288,0.8785077583360845,0.12149224166391548
487,21148,0.8727302740178277,0.12726972598217234
480,21040,0.8682733575437438,0.1317266424562562
1116,20962,0.8650544734235721,0.1349455265764279
633,20951,0.8646005282271376,0.13539947177286238
989,20949,0.8645179927368769,0.1354820072631231
1227,20923,0.8634450313634863,0.13655496863651373
275,20869,0.8612165731264444,0.1387834268735556
1475,20865,0.8610515021459227,0.13894849785407726
168,20775,0.8573374050841862,0.1426625949158138
1118,20699,0.8542010564542754,0.14579894354572465
473,20626,0.8511885110597557,0.14881148894024432
731,20622,0.851023440079234,0.14897655992076597
1556,20577,0.8491663915483658,0.15083360845163418
655,20501,0.846030042918455,0.15396995708154504
1259,20473,0.8448745460548036,0.1551254539451964
593,20464,0.84450313634863,0.15549686365137005
677,20368,0.8405414328161109,0.15945856718388907
1460,20334,0.8391383294816771,0.1608616705183229
1343,20308,0.8380653681082866,0.16193463189171342
1241,20244,0.8354242324199406,0.16457576758005943
1262,20224,0.8345988775173324,0.16540112248266758
664,20209,0.8339798613403764,0.16602013865962362
60,20156,0.8317926708484649,0.16820732915153513
1319,20002,0.8254374380983823,0.17456256190161767
122,19878,0.820320237702212,0.17967976229778804
652,19850,0.8191647408385606,0.1808352591614394
185,19840,0.8187520633872565,0.18124793661274352
261,19791,0.8167299438758666,0.18327005612413338
507,19790,0.8166886761307363,0.18331132386926374
1432,19776,0.8161109276989106,0.18388907230108942
248,19745,0.8148316275998679,0.18516837240013206
302,19732,0.8142951469131726,0.18570485308682738
1085,19624,0.8098382304390888,0.19016176956091124
1304,19563,0.807320897986134,0.19267910201386595
125,19561,0.8072383624958732,0.19276163750412678
1671,19481,0.8039369428854407,0.1960630571145593
681,19479,0.8038544073951799,0.19614559260482012
1157,19471,0.8035242654341367,0.1964757345658633
1073,19429,0.8017910201386597,0.19820897986134034
908,19400,0.8005942555298778,0.19940574447012216
1121,19362,0.7990260812149225,0.20097391878507753
1234,19359,0.7989022779795312,0.20109772202046883
1040,19342,0.7982007263123143,0.2017992736876857
751,19319,0.797251568174315,0.20274843182568503
741,19291,0.7960960713106636,0.20390392868933638
1649,19221,0.7932073291515351,0.20679267084846487
137,19022,0.7849950478705844,0.21500495212941562
1229,18812,0.776328821393199,0.22367117860680097
1217,18734,0.7731099372730273,0.22689006272697265
756,18537,0.7649801914823374,0.23501980851766258
512,18529,0.7646500495212941,0.23534995047870588
1514,18449,0.7613486299108617,0.23865137008913828
1178,18418,0.7600693298118191,0.23993067018818093
1159,18268,0.7538791680422582,0.24612083195774181
1666,18151,0.7490508418620007,0.25094915813799934
1202,18003,0.7429432155827006,0.2570567844172994
518,17997,0.7426956091119181,0.2573043908880819
347,17984,0.7421591284252228,0.2578408715747772
551,17933,0.7400544734235721,0.2599455265764279
556,17867,0.7373308022449654,0.2626691977550346
1034,17855,0.7368355893034004,0.26316441069659957
654,17852,0.7367117860680092,0.26328821393199076
983,17683,0.7297375371409707,0.27026246285902933
840,17673,0.7293248596896665,0.27067514031033346
1589,17657,0.72866457576758,0.27133542423241996
1391,17616,0.7269725982172334,0.27302740178276663
743,17604,0.7264773852756685,0.2735226147243315
552,17583,0.72561076262793,0.27438923737207
1586,17485,0.7215665236051502,0.27843347639484983
476,17375,0.7170270716408056,0.2829729283591944
1226,17121,0.7065450643776824,0.2934549356223176
959,17047,0.7034912512380324,0.29650874876196764
543,16817,0.693999669858039,0.30600033014196104
594,16748,0.6911521954440409,0.30884780455595906
1607,16598,0.68496203367448,0.31503796632551995
1016,16577,0.6840954110267415,0.31590458897325846
234,16499,0.6808765269065699,0.31912347309343014
1541,16281,0.6718801584681413,0.3281198415318587
689,15947,0.6580967315945857,0.3419032684054143
225,15889,0.6557032023770221,0.34429679762297793
293,15104,0.6233080224496533,0.37669197755034667
711,14724,0.607626279300099,0.39237372069990095
211,14367,0.5928936942885441,0.4071063057114559
1012,14338,0.5916969296797623,0.4083030703202377
1224,14176,0.5850115549686365,0.41498844503136345
911,13996,0.5775833608451634,0.4224166391548366
669,13902,0.5737041928029053,0.4262958071970947
485,13888,0.5731264443710795,0.4268735556289205
220,13807,0.5697837570155166,0.43021624298448335
496,13656,0.5635523275008254,0.4364476724991746
101,13614,0.5618190822053483,0.43818091779465174
1700,13593,0.5609524595576098,0.43904754044239025
1553,13511,0.5575685044569165,0.4424314955430835
530,13386,0.5524100363156157,0.4475899636843843
567,13274,0.5477880488610102,0.4522119511389898
508,13164,0.5432485968966656,0.4567514031033344
175,12963,0.5349537801254539,0.4650462198745461
1542,12686,0.5235226147243315,0.4764773852756685
84,12644,0.5217893694288545,0.47821063057114555
1547,12579,0.519106965995378,0.480893034004622
744,12368,0.5103994717728624,0.4896005282271376
167,12158,0.501733245295477,0.498266754704523
722,11941,0.49277814460217895,0.507221855397821
1289,11770,0.4857213601848795,0.5142786398151205
1520,11698,0.4827500825354903,0.5172499174645098
1466,11311,0.4667794651700231,0.5332205348299769
560,10855,0.4479613733905579,0.5520386266094421
501,10652,0.4395840211290855,0.5604159788709144
511,10256,0.4232419940574447,0.5767580059425552
201,10013,0.413213931990756,0.586786068009244
1235,9593,0.3958814790359855,0.6041185209640145
1712,9540,0.39369428854407396,0.606305711455926
314,9518,0.39278639815120503,0.607213601848795
352,9517,0.3927451304060746,0.6072548695939254
263,8738,0.3605975569494883,0.6394024430505116
1298,8593,0.3546137339055794,0.6453862660944206
440,8327,0.3436365137008914,0.6563634862991086
324,8201,0.33843677781446024,0.6615632221855398
470,8096,0.33410366457576757,0.6658963354242324
590,8082,0.3335259161439419,0.6664740838560581
1293,7921,0.3268818091779465,0.6731181908220535
1528,7638,0.3152030373060416,0.6847969626939584
469,7568,0.31231429514691317,0.6876857048530869
1103,7301,0.30129580719709476,0.6987041928029052
308,7201,0.29716903268405415,0.7028309673159459
491,7152,0.2951469131726642,0.7048530868273357
1061,7134,0.29440409376031695,0.705595906239683
758,7122,0.29390888081875205,0.706091119181248
357,7074,0.2919280290524926,0.7080719709475074
1082,6871,0.28355067679102014,0.7164493232089799
1662,6499,0.26819907560250905,0.731800924397491
634,6425,0.265145262462859,0.734854737537141
568,6393,0.263824694618686,0.736175305381314
54,6222,0.2567679102013866,0.7432320897986133
215,6180,0.25503466490590954,0.7449653350940905
86,6136,0.2532188841201717,0.7467811158798283
68,5862,0.2419115219544404,0.7580884780455596
1643,5724,0.23621657312644437,0.7637834268735556
659,5506,0.22722020468801585,0.7727797953119842
645,5473,0.22585836909871246,0.7741416309012875
661,5444,0.22466160448993067,0.7753383955100693
226,5369,0.22156652360515022,0.7784334763948497
1385,5357,0.22107131066358535,0.7789286893364147
1010,5201,0.214633542423242,0.785366457576758
1426,4972,0.205183228788379,0.794816771211621
1200,4852,0.2002310993727303,0.7997689006272697
1325,4597,0.18970782436447672,0.8102921756355232
750,4504,0.18586992406734895,0.8141300759326511
461,4324,0.17844172994387586,0.8215582700561241
1076,4311,0.1779052492571806,0.8220947507428193
544,4205,0.17353086827335754,0.8264691317266425
245,4053,0.16725817101353582,0.8327418289864642
1283,4003,0.16519478375701552,0.8348052162429844
1210,4003,0.16519478375701552,0.8348052162429844
425,3989,0.16461703532518984,0.8353829646748101
441,3742,0.15442390227797953,0.8455760977220205
1154,3723,0.15363981512050182,0.8463601848794982
1352,3686,0.1521129085506768,0.8478870914493232
859,3637,0.15009078903928688,0.8499092109607131
541,3611,0.14901782766589633,0.8509821723341037
540,3610,0.14897655992076592,0.851023440079234
542,3558,0.1468306371739848,0.8531693628260152
1668,3537,0.1459640145262463,0.8540359854737537
509,3512,0.14493232089798613,0.8550676791020139
1049,3486,0.14385935952459558,0.8561406404754044
569,3467,0.14307527236711787,0.8569247276328822
489,3375,0.1392786398151205,0.8607213601848795
467,3226,0.13312974579069,0.86687025420931
638,3208,0.13238692637834268,0.8676130736216573
1211,3199,0.13201551667216904,0.867984483327831
626,3063,0.1264031033344338,0.8735968966655662
320,3051,0.12590789039286893,0.874092109607131
364,3046,0.12570155166721692,0.8742984483327831
794,3005,0.12400957411687026,0.8759904258831297
55,2994,0.12355562892043578,0.8764443710795642
665,2993,0.12351436117530538,0.8764856388246947
629,2979,0.1229366127434797,0.8770633872565203
1601,2969,0.12252393529217563,0.8774760647078244
468,2850,0.11761307362165731,0.8823869263783427
1001,2844,0.11736546715087488,0.8826345328491251
1682,2830,0.1167877187190492,0.8832122812809509
459,2786,0.11497193793331133,0.8850280620666887
643,2771,0.11435292175635524,0.8856470782436447
620,2721,0.11228953449983493,0.8877104655001651
903,2710,0.11183558930340046,0.8881644106965996
474,2687,0.11088643116540112,0.8891135688345989
50,2669,0.11014361175305382,0.8898563882469461
752,2645,0.10915318586992406,0.8908468141300759
923,2626,0.10836909871244635,0.8916309012875536
651,2624,0.10828656322218554,0.8917134367778144
395,2620,0.10812149224166391,0.8918785077583361
890,2589,0.10684219214262133,0.8931578078573786
1574,2489,0.10271541762958072,0.8972845823704193
106,2480,0.10234400792340706,0.897655992076593
404,2438,0.10061076262793,0.89938923737207
345,2420,0.0998679432155827,0.9001320567844173
18,2375,0.09801089468471443,0.9019891053152855
1571,2365,0.09759821723341036,0.9024017827665897
1392,2358,0.09730934301749752,0.9026906569825025
836,2343,0.09669032684054144,0.9033096731594585
1133,2336,0.09640145262462858,0.9035985473753714
1382,2333,0.09627764938923737,0.9037223506107627
1565,2306,0.0951634202707164,0.9048365797292836
1433,2305,0.095122152525586,0.904877847474414
434,2271,0.09371904919115219,0.9062809508088479
443,2266,0.09351271046550017,0.9064872895344999
36,2228,0.09194453615054474,0.9080554638494552
1545,2174,0.0897160779135028,0.9102839220864972
683,2134,0.08806536810828657,0.9119346318917134
92,2126,0.08773522614724331,0.9122647738527567
260,2124,0.0876526906569825,0.9123473093430174
113,2104,0.08682733575437439,0.9131726642456256
1559,2093,0.08637339055793991,0.9136266094420601
317,2066,0.08525916143941895,0.9147408385605811
502,2042,0.0842687355562892,0.9157312644437108
1598,2035,0.08397986134037635,0.9160201386596236
685,2006,0.08278309673159459,0.9172169032684054
323,2000,0.08253549026081215,0.9174645097391878
719,1996,0.08237041928029053,0.9176295807197095
206,1993,0.0822466160448993,0.9177533839551006
1109,1986,0.08195774182898646,0.9180422581710135
1038,1984,0.08187520633872565,0.9181247936612743
1379,1975,0.081503796632552,0.918496203367448
94,1962,0.08096731594585672,0.9190326840541433
824,1945,0.08026576427863981,0.9197342357213601
692,1944,0.08022449653350941,0.9197755034664906
1421,1923,0.07935787388577088,0.9206421261142291
575,1908,0.0787388577088148,0.9212611422911852
1088,1898,0.07832618025751073,0.9216738197424893
266,1880,0.07758336084516342,0.9224166391548366
1472,1867,0.07704688015846814,0.9229531198415318
1244,1860,0.0767580059425553,0.9232419940574447
1054,1815,0.07490095741168702,0.925099042588313
728,1815,0.07490095741168702,0.925099042588313
572,1813,0.07481842192142621,0.9251815780785738
1280,1811,0.0747358864311654,0.9252641135688346
1004,1795,0.07407560250907891,0.925924397490921
69,1768,0.07296137339055794,0.927038626609442
548,1766,0.07287883790029713,0.9271211620997029
1271,1757,0.07250742819412348,0.9274925718058765
1523,1722,0.07106305711455926,0.9289369428854407
1220,1720,0.07098052162429845,0.9290194783757015
1416,1713,0.0706916474083856,0.9293083525916144
341,1704,0.07032023770221195,0.929679762297788
103,1686,0.06957741828986465,0.9304225817101354
1526,1674,0.06908220534829977,0.9309177946517002
1400,1669,0.06887586662264773,0.9311241333773522
353,1668,0.06883459887751733,0.9311654011224827
1622,1657,0.06838065368108287,0.9316193463189171
1064,1651,0.06813304721030043,0.9318669527896996
235,1643,0.06780290524925718,0.9321970947507429
1130,1642,0.06776163750412677,0.9322383624958732
941,1618,0.06677121162099703,0.9332287883790029
944,1599,0.06598712446351931,0.9340128755364807
1733,1588,0.06553317926708485,0.9344668207329152
1175,1587,0.06549191152195444,0.9345080884780456
701,1586,0.06545064377682404,0.9345493562231759
763,1568,0.06470782436447672,0.9352921756355232
1139,1564,0.0645427533839551,0.9354572466160449
296,1554,0.06413007593265103,0.9358699240673489
1511,1546,0.0637999339716078,0.9362000660283922
1233,1541,0.06359359524595576,0.9364064047540442
246,1531,0.0631809177946517,0.9368190822053483
95,1528,0.06305711455926048,0.9369428854407396
1160,1526,0.06297457906899967,0.9370254209310003
312,1524,0.06289204357873886,0.9371079564212611
143,1523,0.06285077583360846,0.9371492241663916
378,1522,0.06280950808847804,0.9371904919115219
1593,1518,0.06264443710795642,0.9373555628920436
1443,1506,0.06214922416639155,0.9378507758336084
1199,1488,0.06140640475404424,0.9385935952459558
389,1487,0.061365137008913835,0.9386348629910861
437,1483,0.06120006602839221,0.9387999339716078
448,1483,0.06120006602839221,0.9387999339716078
318,1471,0.06070485308682733,0.9392951469131726
1544,1468,0.06058104985143612,0.9394189501485639
754,1455,0.06004456916474084,0.9399554308352591
1418,1453,0.059962033674480025,0.94003796632552
377,1447,0.05971442720369759,0.9402855727963024
288,1446,0.05967315945856718,0.9403268405414328
662,1446,0.05967315945856718,0.9403268405414328
506,1427,0.058889072301089466,0.9411109276989106
1112,1426,0.05884780455595906,0.9411521954440409
416,1418,0.058517662594915816,0.9414823374050841
759,1414,0.05835259161439419,0.9416474083856058
200,1397,0.05765103994717729,0.9423489600528228
407,1396,0.05760977220204688,0.9423902277979531
812,1387,0.057238362495873225,0.9427616375041268
672,1384,0.057114559260482006,0.942885440739518
388,1378,0.05686695278969957,0.9431330472103004
713,1375,0.056743149554308356,0.9432568504456916
494,1374,0.05670188180917795,0.9432981181908221
614,1372,0.05661934631891714,0.9433806536810828
1044,1369,0.05649554308352592,0.9435044569164741
1274,1367,0.056413007593265105,0.9435869924067349
1208,1364,0.056289204357873886,0.9437107956421261
916,1361,0.05616540112248267,0.9438345988775173
1145,1343,0.05542258171013536,0.9445774182898646
1337,1340,0.05529877847474414,0.9447012215252558
1148,1333,0.055009904258831295,0.9449900957411687
1554,1329,0.054844833278309676,0.9451551667216903
740,1306,0.05389567514031034,0.9461043248596896
1736,1296,0.05348299768900627,0.9465170023109937
695,1289,0.05319412347309343,0.9468058765269066
555,1289,0.05319412347309343,0.9468058765269066
349,1288,0.05315285572796302,0.946847144272037
503,1271,0.05245130406074612,0.9475486959392538
284,1262,0.05207989435457246,0.9479201056454275
455,1250,0.051584681413007594,0.9484153185869924
1427,1241,0.051213271706833936,0.948786728293166
1731,1231,0.05080059425552988,0.9491994057444701
1250,1219,0.050305381313965,0.949694618686035
776,1216,0.050181578078573784,0.9498184219214262
1058,1212,0.050016507098052165,0.9499834929019478
209,1207,0.04981016837240013,0.9501898316275998
737,1201,0.049562561901617695,0.9504374380983823
1205,1195,0.04931495543083526,0.9506850445691647
725,1190,0.04910861670518323,0.9508913832948168
667,1183,0.04881974248927039,0.9511802575107297
557,1176,0.04853086827335754,0.9514691317266425
716,1166,0.048118190822053486,0.9518818091779465
641,1159,0.04782931660614064,0.9521706833938594
75,1153,0.0475817101353582,0.9524182898646418
1397,1143,0.047169032684054146,0.9528309673159459
120,1130,0.04663255199735886,0.9533674480026412
845,1114,0.04597226807527237,0.9540277319247277
383,1113,0.04593100033014196,0.954068999669858
1436,1110,0.04580719709475074,0.9541928029052492
1067,1109,0.045765929349620336,0.9542340706503797
1214,1102,0.04547705513370749,0.9545229448662925
797,1100,0.04539451964344668,0.9546054803565533
1406,1093,0.04510564542753384,0.9548943545724662
197,1093,0.04510564542753384,0.9548943545724662
164,1093,0.04510564542753384,0.9548943545724662
214,1084,0.044734235721360184,0.9552657642786399
632,1072,0.044239022779795314,0.9557609772202047
21,1067,0.04403268405414328,0.9559673159458567
1481,1062,0.04382634532849125,0.9561736546715087
194,1055,0.043537471112578406,0.9564625288874216
895,1055,0.043537471112578406,0.9564625288874216
251,1052,0.043413667877187194,0.9565863321228129
398,1049,0.043289864641795975,0.956710135358204
1277,1041,0.042959722680752724,0.9570402773192472
401,1030,0.042505777484318254,0.9574942225156817
746,1030,0.042505777484318254,0.9574942225156817
1373,1026,0.042340706503796635,0.9576592934962034
500,1023,0.042216903268405416,0.9577830967315946
368,1020,0.0420931000330142,0.9579068999669857
749,1020,0.0420931000330142,0.9579068999669857
782,1015,0.041886761307362165,0.9581132386926379
1430,1010,0.04168042258171013,0.9583195774182899
842,1009,0.04163915483657973,0.9583608451634202
140,1008,0.04159788709144932,0.9584021129085507
158,1006,0.04151535160118851,0.9584846483988115
1442,1003,0.041391548365797295,0.9586084516342027
41,1001,0.04130901287553648,0.9586909871244635
1538,1001,0.04130901287553648,0.9586909871244635
1232,998,0.041185209640145264,0.9588147903598547
182,997,0.04114394189501486,0.9588560581049852
1046,991,0.04089633542423242,0.9591036645757676
1163,985,0.04064872895344998,0.95935127104655
57,970,0.04002971277649389,0.9599702872235061
1563,969,0.039988445031363486,0.9600115549686365
1151,966,0.03986464179597227,0.9601353582040277
926,959,0.03957576758005943,0.9604242324199406
1718,955,0.0394106965995378,0.9605893034004622
1676,953,0.03932816110927699,0.960671838890723
242,951,0.03924562561901618,0.9607543743809839
974,948,0.03912182238362496,0.9608781776163751
326,947,0.03908055463849455,0.9609194453615054
374,945,0.03899801914823374,0.9610019808517662
91,944,0.03895675140310333,0.9610432485968967
344,943,0.03891548365797293,0.9610845163420271
46,942,0.03887421591284252,0.9611257840871574
56,937,0.03866787718719049,0.9613321228128096
1711,936,0.03862660944206009,0.9613733905579399
482,929,0.038337735226147245,0.9616622647738527
429,929,0.038337735226147245,0.9616622647738527
1592,924,0.03813139650049521,0.9618686034995048
546,922,0.0380488610102344,0.9619511389897656
671,915,0.037759986794321555,0.9622400132056784
1370,912,0.03763618355893034,0.9623638164410696
365,910,0.03755364806866953,0.9624463519313304
1670,906,0.037388577088147905,0.9626114229118521
427,905,0.0373473093430175,0.9626526906569826
1292,904,0.03730604159788709,0.9626939584021129
188,901,0.03718223836249587,0.9628177616375041
1606,897,0.03701716738197425,0.9629828326180258
1253,893,0.03685209640145262,0.9631479035985474
299,885,0.03652195444040938,0.9634780455595906
396,883,0.036439418950148565,0.9635605810498514
1355,881,0.03635688345988775,0.9636431165401123
218,868,0.03582040277319247,0.9641795972268076
411,868,0.03582040277319247,0.9641795972268076
146,866,0.035737867282931664,0.9642621327170683
1142,859,0.03544899306701882,0.9645510069329812
1187,846,0.034912512380323536,0.9650874876196764
1190,838,0.03458237041928029,0.9654176295807197
104,826,0.034087157477715416,0.9659128425222846
290,825,0.03404588973258501,0.965954110267415
1508,817,0.033715747771541765,0.9662842522284583
854,816,0.03367448002641136,0.9663255199735886
1070,809,0.033385605810498514,0.9666143941895015
25,808,0.03334433806536811,0.9666556619346319
942,801,0.03305546384945526,0.9669445361505448
570,795,0.03280785737867283,0.9671921426213271
1328,795,0.03280785737867283,0.9671921426213271
1023,789,0.032560250907890394,0.9674397490921096
431,783,0.032312644437107955,0.9676873555628921
1368,781,0.03223010894684714,0.9677698910531528
537,780,0.032188841201716736,0.9678111587982833
1091,773,0.0318999669858039,0.9681000330141961
243,771,0.031817431495543086,0.9681825685044569
402,763,0.031487289534499835,0.9685127104655001
1295,761,0.03140475404423902,0.968595245955761
1445,760,0.031363486299108616,0.9686365137008914
968,760,0.031363486299108616,0.9686365137008914
733,759,0.03132221855397821,0.9686777814460218
980,753,0.031074612083195775,0.9689253879168043
623,753,0.031074612083195775,0.9689253879168043
1113,753,0.031074612083195775,0.9689253879168043
917,751,0.030992076592934962,0.969007923407065
87,749,0.03090954110267415,0.9690904588973258
1661,749,0.03090954110267415,0.9690904588973258
935,747,0.030827005612413336,0.9691729943875866
1334,741,0.0305793991416309,0.9694206008583691
1532,736,0.03037306041597887,0.9696269395840211
1019,731,0.03016672169032684,0.9698332783096731
929,722,0.029795311984153187,0.9702046880158468
74,712,0.029382634532849124,0.9706173654671508
657,708,0.0292175635523275,0.9707824364476725
80,707,0.029176295807197095,0.970823704192803
1247,707,0.029176295807197095,0.970823704192803
332,706,0.02913502806206669,0.9708649719379333
239,701,0.028928689336414657,0.9710713106635853
584,700,0.02888742159128425,0.9711125784087158
254,697,0.028763618355893035,0.971236381644107
803,692,0.028557279630241003,0.971442720369759
96,691,0.028516011885110597,0.9714839881148895
22,691,0.028516011885110597,0.9714839881148895
1448,689,0.028433476394849784,0.9715665236051502
680,688,0.028392208649719378,0.9716077913502806
48,686,0.02830967315945857,0.9716903268405415
875,682,0.028144602178936943,0.971855397821063
85,676,0.027896995708154508,0.9721030042918455
564,675,0.0278557279630241,0.972144272036976
39,665,0.027443050511720038,0.97255694948828
119,665,0.027443050511720038,0.97255694948828
800,655,0.027030373060415978,0.972969626939584
668,654,0.02698910531528557,0.9730108946847145
1193,649,0.026782766589633543,0.9732172334103665
612,647,0.02670023109937273,0.9732997689006273
710,642,0.0264938923737207,0.9735061076262793
337,635,0.026205018157807857,0.9737949818421922
1007,630,0.02599867943215583,0.9740013205678442
962,627,0.02587487619676461,0.9741251238032353
656,627,0.02587487619676461,0.9741251238032353
587,625,0.025792340706503797,0.9742076592934962
1439,624,0.02575107296137339,0.9742489270386266
273,622,0.025668537471112578,0.9743314625288875
765,618,0.025503466490590956,0.974496533509409
1124,616,0.025420931000330143,0.9745790689996698
1691,614,0.02533839551006933,0.9746616044899307
515,611,0.02521459227467811,0.9747854077253219
592,604,0.02492571805876527,0.9750742819412347
1583,593,0.024471772862330803,0.9755282271376692
554,586,0.02418289864641796,0.975817101353582
679,579,0.023894024430505117,0.9761059755694949
764,579,0.023894024430505117,0.9761059755694949
1052,578,0.02385275668537471,0.9761472433146253
920,573,0.02364641795972268,0.9763535820402773
790,572,0.023605150214592276,0.9763948497854077
977,571,0.02356388246946187,0.9764361175305382
773,571,0.02356388246946187,0.9764361175305382
851,568,0.02344007923407065,0.9765599207659293
704,564,0.023275008253549025,0.976724991746451
524,561,0.023151205018157806,0.9768487949818422
1316,561,0.023151205018157806,0.9768487949818422
65,560,0.023109937273027403,0.9768900627269725
71,551,0.022738527566853746,0.9772614724331462
1346,550,0.02269725982172334,0.9773027401782767
1055,547,0.022573456586332124,0.9774265434136679
1580,546,0.022532188841201718,0.9774678111587983
497,544,0.022449653350940905,0.977550346649059
394,538,0.022202046880158467,0.9777979531198415
1169,535,0.02207824364476725,0.9779217563552327
335,533,0.021995708154506438,0.9780042918454935
339,532,0.021954440409376032,0.978045559590624
380,532,0.021954440409376032,0.978045559590624
1487,526,0.021706833938593597,0.9782931660614064
1002,522,0.02154176295807197,0.978458237041928
1256,515,0.021252888742159127,0.9787471112578409
1411,513,0.021170353251898318,0.9788296467481017
1440,512,0.02112908550676791,0.978870914493232
703,512,0.02112908550676791,0.978870914493232
1031,506,0.020881479035985473,0.9791185209640145
47,500,0.020633872565203038,0.979366127434797
663,500,0.020633872565203038,0.979366127434797
866,497,0.02051006932981182,0.9794899306701882
371,490,0.020221195113898978,0.979778804886101
1028,489,0.02017992736876857,0.9798200726312314
578,486,0.020056124133377352,0.9799438758666227
1493,480,0.019808517662594914,0.980191482337405
249,479,0.01976724991746451,0.9802327500825355
269,474,0.01956091119181248,0.9804390888081875
1536,470,0.019395840211290854,0.9806041597887092
305,467,0.019272036975899638,0.9807279630241004
152,467,0.019272036975899638,0.9807279630241004
611,456,0.01881809177946517,0.9811819082205349
1017,455,0.018776824034334765,0.9812231759656652
830,451,0.01861175305381314,0.9813882469461869
413,446,0.018405414328161108,0.9815945856718389
1623,440,0.018157807857378673,0.9818421921426214
770,439,0.018116540112248267,0.9818834598877517
650,434,0.017910201386596235,0.9820897986134037
1100,433,0.017868933641465832,0.9821310663585342
1184,429,0.017703862660944206,0.9822961373390557
1301,429,0.017703862660944206,0.9822961373390557
73,425,0.01753879168042258,0.9824612083195774
868,425,0.01753879168042258,0.9824612083195774
1329,421,0.01737372069990096,0.982626279300099
432,421,0.01737372069990096,0.982626279300099
64,418,0.01724991746450974,0.9827500825354902
285,417,0.017208649719379333,0.9827913502806207
1503,415,0.01712611422911852,0.9828738857708815
475,414,0.017084846483988114,0.9829151535160119
1043,414,0.017084846483988114,0.9829151535160119
59,410,0.016919775503466492,0.9830802244965335
17,408,0.01683724001320568,0.9831627599867944
1265,407,0.016795972268075273,0.9832040277319247
1568,406,0.016754704522944867,0.9832452954770551
278,398,0.01642456256190162,0.9835754374380984
67,395,0.0163007593265104,0.9836992406734896
1729,390,0.016094420600858368,0.9839055793991416
155,390,0.016094420600858368,0.9839055793991416
408,385,0.01588808187520634,0.9841119181247937
1581,385,0.01588808187520634,0.9841119181247937
116,384,0.015846814130075933,0.9841531858699241
653,382,0.01576427863981512,0.9842357213601849
1025,380,0.015681743149554308,0.9843182568504457
539,378,0.015599207659293497,0.9844007923407065
227,375,0.015475404423902278,0.9845245955760977
35,373,0.015392868933641465,0.9846071310663586
1361,370,0.015269065698250248,0.9847309343017497
236,370,0.015269065698250248,0.9847309343017497
1434,368,0.015186530207989435,0.9848134697920106
281,368,0.015186530207989435,0.9848134697920106
322,366,0.015103994717728624,0.9848960052822714
393,365,0.015062726972598217,0.9849372730274017
1469,365,0.015062726972598217,0.9849372730274017
1013,362,0.014938923737206998,0.985061076262793
1478,359,0.014815120501815781,0.9851848794981842
1658,354,0.01460878177616375,0.9853912182238362
1097,354,0.01460878177616375,0.9853912182238362
1358,350,0.014443710795642125,0.9855562892043579
53,343,0.014154836579729284,0.9858451634202707
987,343,0.014154836579729284,0.9858451634202707
605,340,0.014031033344338065,0.9859689666556619
527,334,0.013783426873555629,0.9862165731264444
1663,331,0.013659623638164411,0.9863403763618356
932,324,0.013370749422251568,0.9866292505777484
1706,321,0.01324694618686035,0.9867530538131396
563,321,0.01324694618686035,0.9867530538131396
762,320,0.013205678441729944,0.9867943215582701
97,313,0.012916804225817102,0.9870831957741829
971,313,0.012916804225817102,0.9870831957741829
914,311,0.012834268735556289,0.9871657312644437
839,307,0.012669197755034665,0.9873308022449654
287,305,0.012586662264773852,0.9874133377352261
1179,303,0.012504126774513041,0.9874958732254869
876,302,0.012462859029382635,0.9875371409706174
718,302,0.012462859029382635,0.9875371409706174
1652,302,0.012462859029382635,0.9875371409706174
674,301,0.012421591284252229,0.9875784087157478
1307,301,0.012421591284252229,0.9875784087157478
995,301,0.012421591284252229,0.9875784087157478
1166,296,0.012215252558600198,0.9877847474413998
1535,296,0.012215252558600198,0.9877847474413998
1738,294,0.012132717068339386,0.9878672829316606
883,293,0.01209144932320898,0.9879085506767911
453,291,0.012008913832948168,0.9879910861670518
899,290,0.011967646087817762,0.9880323539121822
599,287,0.011843842852426543,0.9881561571475734
726,279,0.011513700891383295,0.9884862991086167
1499,276,0.011389897655992076,0.9886101023440079
138,275,0.01134862991086167,0.9886513700891383
1587,275,0.01134862991086167,0.9886513700891383
110,274,0.011307362165731265,0.9886926378342688
213,272,0.011224826675470452,0.9887751733245296
1309,268,0.011059755694948829,0.9889402443050511
1596,264,0.010894684714427203,0.9891053152855728
233,261,0.010770881479035986,0.9892291185209641
170,261,0.010770881479035986,0.9892291185209641
621,260,0.01072961373390558,0.9892703862660944
131,257,0.010605810498514362,0.9893941895014856
855,257,0.010605810498514362,0.9893941895014856
4,256,0.010564542753383956,0.9894354572466161
488,254,0.010482007263123143,0.9895179927368769
363,251,0.010358204027731925,0.9896417959722681
589,250,0.010316936282601519,0.9896830637173984
1322,247,0.0101931330472103,0.9898068669527897
179,247,0.0101931330472103,0.9898068669527897
1484,247,0.0101931330472103,0.9898068669527897
1667,246,0.010151865302079894,0.9898481346979201
1727,245,0.010110597556949489,0.9898894024430505
44,245,0.010110597556949489,0.9898894024430505
1546,244,0.010069329811819083,0.9899306701881809
828,243,0.010028062066688676,0.9899719379333113
66,240,0.009904258831297457,0.9900957411687026
1721,235,0.009697920105645427,0.9903020798943546
161,232,0.00957411687025421,0.9904258831297458
947,232,0.00957411687025421,0.9904258831297458
1454,231,0.009532849125123803,0.9904671508748762
1562,231,0.009532849125123803,0.9904671508748762
1424,228,0.009409045889732586,0.9905909541102674
863,223,0.009202707164080554,0.9907972928359194
686,219,0.00903763618355893,0.9909623638164411
438,219,0.00903763618355893,0.9909623638164411
1669,218,0.008996368438428524,0.9910036315615715
950,216,0.008913832948167713,0.9910861670518323
1631,216,0.008913832948167713,0.9910861670518323
29,210,0.008666226477385276,0.9913337735226148
576,209,0.00862495873225487,0.9913750412677451
909,209,0.00862495873225487,0.9913750412677451
887,208,0.008583690987124463,0.9914163090128756
1585,207,0.008542423241994057,0.9914575767580059
272,205,0.008459887751733246,0.9915401122482668
90,204,0.00841862000660284,0.9915813799933971
1610,202,0.008336084516342027,0.991663915483658
591,202,0.008336084516342027,0.991663915483658
452,201,0.00829481677121162,0.9917051832287884
276,200,0.008253549026081214,0.9917464509739188
1119,199,0.00821228128095081,0.9917877187190491
1679,198,0.008171013535820403,0.9918289864641796
872,198,0.008171013535820403,0.9918289864641796
169,190,0.007840871574777154,0.9921591284252228
282,189,0.0077996038296467484,0.9922003961703533
114,185,0.007634532849125124,0.9923654671508749
1709,184,0.0075932651039947174,0.9924067348960053
1412,183,0.007551997358864312,0.9924480026411356
52,182,0.0075107296137339056,0.9924892703862661
1603,180,0.007428194123473094,0.9925718058765269
1655,180,0.007428194123473094,0.9925718058765269
717,179,0.007386926378342687,0.9926130736216573
1150,175,0.007221855397821063,0.992778144602179
1181,173,0.007139319907560251,0.9928606800924398
1302,172,0.007098052162429844,0.9929019478375701
687,169,0.006974248927038627,0.9930257510729614
1739,169,0.006974248927038627,0.9930257510729614
678,167,0.006891713436777814,0.9931082865632221
1517,166,0.006850445691647409,0.9931495543083526
1550,165,0.006809177946517002,0.993190822053483
102,162,0.006685374711125784,0.9933146252888743
219,162,0.006685374711125784,0.9933146252888743
177,161,0.006644106965995378,0.9933558930340046
410,160,0.006602839220864972,0.993397160779135
792,159,0.006561571475734566,0.9934384285242654
58,159,0.006561571475734566,0.9934384285242654
1685,159,0.006561571475734566,0.9934384285242654
98,159,0.006561571475734566,0.9934384285242654
309,158,0.0065203037306041595,0.9934796962693958
1310,158,0.0065203037306041595,0.9934796962693958
1543,157,0.006479035985473754,0.9935209640145263
666,156,0.006437768240343348,0.9935622317596566
100,156,0.006437768240343348,0.9935622317596566
1551,153,0.006313965004952129,0.9936860349950478
510,153,0.006313965004952129,0.9936860349950478
682,152,0.006272697259821723,0.9937273027401783
724,150,0.006190161769560911,0.9938098382304391
715,150,0.006190161769560911,0.9938098382304391
1634,150,0.006190161769560911,0.9938098382304391
1117,149,0.006148894024430505,0.9938511059755695
1741,149,0.006148894024430505,0.9938511059755695
1331,143,0.005901287553648069,0.994098712446352
700,143,0.005901287553648069,0.994098712446352
1590,141,0.005818752063387256,0.9941812479366128
350,141,0.005818752063387256,0.9941812479366128
783,139,0.0057362165731264445,0.9942637834268736
893,137,0.005653681082865633,0.9943463189171343
670,137,0.005653681082865633,0.9943463189171343
1725,136,0.005612413337735226,0.9943875866622648
988,135,0.00557114559260482,0.9944288544073951
34,134,0.005529877847474414,0.9944701221525256
40,132,0.0054473423572136016,0.9945526576427864
417,132,0.0054473423572136016,0.9945526576427864
888,132,0.0054473423572136016,0.9945526576427864
387,132,0.0054473423572136016,0.9945526576427864
1006,132,0.0054473423572136016,0.9945526576427864
858,131,0.005406074612083196,0.9945939253879168
996,131,0.005406074612083196,0.9945939253879168
1642,130,0.00536480686695279,0.9946351931330472
774,130,0.00536480686695279,0.9946351931330472
1665,129,0.005323539121822383,0.9946764608781776
99,129,0.005323539121822383,0.9946764608781776
1191,128,0.005282271376691978,0.994717728623308
526,127,0.005241003631561571,0.9947589963684385
362,127,0.005241003631561571,0.9947589963684385
1201,126,0.005199735886431165,0.9948002641135688
191,125,0.0051584681413007595,0.9948415318586993
1567,123,0.005075932651039947,0.9949240673489601
216,122,0.005034664905909541,0.9949653350940905
45,122,0.005034664905909541,0.9949653350940905
577,120,0.0049521294156487285,0.9950478705843513
975,119,0.004910861670518323,0.9950891383294816
1620,117,0.004828326180257511,0.9951716738197425
1656,115,0.004745790689996698,0.9952542093100033
1673,115,0.004745790689996698,0.9952542093100033
952,114,0.004704522944866293,0.9952954770551337
112,113,0.0046632551997358865,0.9953367448002641
1356,111,0.004580719709475075,0.995419280290525
1653,107,0.00441564872895345,0.9955843512710465
602,105,0.004333113238692638,0.9956668867613073
1079,105,0.004333113238692638,0.9956668867613073
1176,104,0.004291845493562232,0.9957081545064378
1451,104,0.004291845493562232,0.9957081545064378
735,104,0.004291845493562232,0.9957081545064378
804,104,0.004291845493562232,0.9957081545064378
861,103,0.004250577748431825,0.9957494222515682
948,102,0.00420931000330142,0.9957906899966986
894,102,0.00420931000330142,0.9957906899966986
132,102,0.00420931000330142,0.9957906899966986
742,99,0.004085506767910202,0.9959144932320898
359,98,0.004044239022779795,0.9959557609772202
699,98,0.004044239022779795,0.9959557609772202
913,98,0.004044239022779795,0.9959557609772202
949,96,0.003961703532518983,0.996038296467481
785,95,0.003920435787388577,0.9960795642126115
847,93,0.003837900297127765,0.9961620997028723
1743,93,0.003837900297127765,0.9961620997028723
1600,92,0.0037966325519973587,0.9962033674480026
1197,92,0.0037966325519973587,0.9962033674480026
1401,92,0.0037966325519973587,0.9962033674480026
1602,91,0.0037553648068669528,0.996244635193133
1281,91,0.0037553648068669528,0.996244635193133
495,91,0.0037553648068669528,0.996244635193133
1237,90,0.003714097061736547,0.9962859029382635
390,90,0.003714097061736547,0.9962859029382635
1650,88,0.0036315615714757345,0.9963684384285243
1172,88,0.0036315615714757345,0.9963684384285243
1286,88,0.0036315615714757345,0.9963684384285243
1490,87,0.0035902938263453286,0.9964097061736547
1496,87,0.0035902938263453286,0.9964097061736547
869,86,0.003549026081214922,0.9964509739187851
1572,85,0.0035077583360845163,0.9964922416639155
673,85,0.0035077583360845163,0.9964922416639155
1335,84,0.0034664905909541103,0.9965335094090458
1060,84,0.0034664905909541103,0.9965335094090458
1094,84,0.0034664905909541103,0.9965335094090458
1744,84,0.0034664905909541103,0.9965335094090458
892,83,0.0034252228458237044,0.9965747771541763
222,83,0.0034252228458237044,0.9965747771541763
831,83,0.0034252228458237044,0.9965747771541763
88,82,0.003383955100693298,0.9966160448993067
499,81,0.003342687355562892,0.9966573126444371
223,80,0.003301419610432486,0.9966985803895675
63,80,0.003301419610432486,0.9966985803895675
561,80,0.003301419610432486,0.9966985803895675
1137,80,0.003301419610432486,0.9966985803895675
588,80,0.003301419610432486,0.9966985803895675
938,79,0.0032601518653020797,0.996739848134698
1637,79,0.0032601518653020797,0.996739848134698
595,77,0.003177616375041268,0.9968223836249588
622,76,0.0031363486299108615,0.9968636513700891
381,75,0.0030950808847804556,0.9969049191152195
814,74,0.0030538131396500496,0.99694618686035
1136,74,0.0030538131396500496,0.99694618686035
82,74,0.0030538131396500496,0.99694618686035
1680,72,0.0029712776493892373,0.9970287223506108
696,71,0.0029300099042588314,0.9970699900957412
1140,70,0.0028887421591284254,0.9971112578408716
1011,70,0.0028887421591284254,0.9971112578408716
93,68,0.002806206668867613,0.9971937933311323
525,68,0.002806206668867613,0.9971937933311323
1362,68,0.002806206668867613,0.9971937933311323
315,68,0.002806206668867613,0.9971937933311323
736,67,0.002764938923737207,0.9972350610762628
915,67,0.002764938923737207,0.9972350610762628
636,66,0.0027236711786068008,0.9972763288213932
1467,66,0.0027236711786068008,0.9972763288213932
240,64,0.002641135688345989,0.997358864311654
166,64,0.002641135688345989,0.997358864311654
771,64,0.002641135688345989,0.997358864311654
802,64,0.002641135688345989,0.997358864311654
598,64,0.002641135688345989,0.997358864311654
723,63,0.0025998679432155825,0.9974001320567845
271,63,0.0025998679432155825,0.9974001320567845
658,62,0.0025586001980851766,0.9974413998019148
1480,62,0.0025586001980851766,0.9974413998019148
1613,62,0.0025586001980851766,0.9974413998019148
1230,61,0.0025173324529547706,0.9974826675470452
581,60,0.0024760647078243643,0.9975239352921756
853,59,0.0024347969626939583,0.997565203037306
732,59,0.0024347969626939583,0.997565203037306
1388,58,0.0023935292175635524,0.9976064707824365
415,57,0.0023522614724331464,0.9976477385275668
1683,56,0.00231099372730274,0.9976890062726973
460,56,0.00231099372730274,0.9976890062726973
1225,55,0.002269725982172334,0.9977302740178277
1468,55,0.002269725982172334,0.9977302740178277
625,54,0.002228458237041928,0.9977715417629581
702,54,0.002228458237041928,0.9977715417629581
237,52,0.002145922746781116,0.9978540772532188
210,52,0.002145922746781116,0.9978540772532188
1735,52,0.002145922746781116,0.9978540772532188
1678,51,0.00210465500165071,0.9978953449983493
1566,51,0.00210465500165071,0.9978953449983493
157,50,0.0020633872565203036,0.9979366127434797
1143,50,0.0020633872565203036,0.9979366127434797
1,50,0.0020633872565203036,0.9979366127434797
23,49,0.0020221195113898976,0.9979778804886101
392,49,0.0020221195113898976,0.9979778804886101
1716,47,0.0019395840211290855,0.998060415978871
1314,47,0.0019395840211290855,0.998060415978871
1614,47,0.0019395840211290855,0.998060415978871
51,45,0.0018570485308682734,0.9981429514691317
351,45,0.0018570485308682734,0.9981429514691317
1081,44,0.0018157807857378673,0.9981842192142621
739,44,0.0018157807857378673,0.9981842192142621
1664,43,0.001774513040607461,0.9982254869593925
105,43,0.001774513040607461,0.9982254869593925
1461,43,0.001774513040607461,0.9982254869593925
1504,42,0.0017332452954770552,0.998266754704523
900,42,0.0017332452954770552,0.998266754704523
252,41,0.001691977550346649,0.9983080224496533
1275,41,0.001691977550346649,0.9983080224496533
1438,40,0.001650709805216243,0.9983492901947838
257,40,0.001650709805216243,0.9983492901947838
936,40,0.001650709805216243,0.9983492901947838
139,40,0.001650709805216243,0.9983492901947838
1206,39,0.001609442060085837,0.9983905579399142
465,39,0.001609442060085837,0.9983905579399142
37,39,0.001609442060085837,0.9983905579399142
706,39,0.001609442060085837,0.9983905579399142
78,39,0.001609442060085837,0.9983905579399142
1359,38,0.0015681743149554307,0.9984318256850445
1354,38,0.0015681743149554307,0.9984318256850445
265,38,0.0015681743149554307,0.9984318256850445
1192,38,0.0015681743149554307,0.9984318256850445
691,38,0.0015681743149554307,0.9984318256850445
1144,38,0.0015681743149554307,0.9984318256850445
1492,38,0.0015681743149554307,0.9984318256850445
891,38,0.0015681743149554307,0.9984318256850445
204,37,0.0015269065698250248,0.998473093430175
712,37,0.0015269065698250248,0.998473093430175
230,37,0.0015269065698250248,0.998473093430175
1014,36,0.0014856388246946186,0.9985143611753053
640,36,0.0014856388246946186,0.9985143611753053
881,36,0.0014856388246946186,0.9985143611753053
864,35,0.0014443710795642127,0.9985556289204358
646,35,0.0014443710795642127,0.9985556289204358
600,33,0.0013618355893034004,0.9986381644106966
767,33,0.0013618355893034004,0.9986381644106966
79,33,0.0013618355893034004,0.9986381644106966
1689,32,0.0013205678441729944,0.998679432155827
1684,32,0.0013205678441729944,0.998679432155827
1386,32,0.0013205678441729944,0.998679432155827
1463,32,0.0013205678441729944,0.998679432155827
870,31,0.0012793000990425883,0.9987206999009575
174,31,0.0012793000990425883,0.9987206999009575
816,30,0.0012380323539121821,0.9987619676460878
1380,30,0.0012380323539121821,0.9987619676460878
1299,29,0.0011967646087817762,0.9988032353912182
300,29,0.0011967646087817762,0.9988032353912182
729,29,0.0011967646087817762,0.9988032353912182
1135,29,0.0011967646087817762,0.9988032353912182
354,28,0.00115549686365137,0.9988445031363486
1717,28,0.00115549686365137,0.9988445031363486
426,28,0.00115549686365137,0.9988445031363486
1059,28,0.00115549686365137,0.9988445031363486
946,28,0.00115549686365137,0.9988445031363486
583,28,0.00115549686365137,0.9988445031363486
1062,27,0.001114229118520964,0.998885770881479
921,27,0.001114229118520964,0.998885770881479
966,27,0.001114229118520964,0.998885770881479
573,27,0.001114229118520964,0.998885770881479
523,27,0.001114229118520964,0.998885770881479
1724,27,0.001114229118520964,0.998885770881479
1462,27,0.001114229118520964,0.998885770881479
850,26,0.001072961373390558,0.9989270386266095
61,26,0.001072961373390558,0.9989270386266095
1048,26,0.001072961373390558,0.9989270386266095
1740,25,0.0010316936282601518,0.9989683063717398
385,25,0.0010316936282601518,0.9989683063717398
162,25,0.0010316936282601518,0.9989683063717398
1578,25,0.0010316936282601518,0.9989683063717398
505,24,0.0009904258831297458,0.9990095741168703
1491,24,0.0009904258831297458,0.9990095741168703
1753,24,0.0009904258831297458,0.9990095741168703
867,24,0.0009904258831297458,0.9990095741168703
1213,23,0.0009491581379993397,0.9990508418620007
360,23,0.0009491581379993397,0.9990508418620007
1063,23,0.0009491581379993397,0.9990508418620007
745,23,0.0009491581379993397,0.9990508418620007
1703,22,0.0009078903928689336,0.999092109607131
1515,22,0.0009078903928689336,0.999092109607131
33,22,0.0009078903928689336,0.999092109607131
1029,22,0.0009078903928689336,0.999092109607131
1351,22,0.0009078903928689336,0.999092109607131
579,22,0.0009078903928689336,0.999092109607131
1531,22,0.0009078903928689336,0.999092109607131
19,22,0.0009078903928689336,0.999092109607131
27,22,0.0009078903928689336,0.999092109607131
1681,22,0.0009078903928689336,0.999092109607131
1677,22,0.0009078903928689336,0.999092109607131
16,21,0.0008666226477385276,0.9991333773522615
1525,21,0.0008666226477385276,0.9991333773522615
316,21,0.0008666226477385276,0.9991333773522615
747,21,0.0008666226477385276,0.9991333773522615
730,20,0.0008253549026081215,0.9991746450973918
1108,20,0.0008253549026081215,0.9991746450973918
1638,19,0.0007840871574777154,0.9992159128425223
1537,19,0.0007840871574777154,0.9992159128425223
878,19,0.0007840871574777154,0.9992159128425223
810,19,0.0007840871574777154,0.9992159128425223
1588,19,0.0007840871574777154,0.9992159128425223
384,19,0.0007840871574777154,0.9992159128425223
1057,19,0.0007840871574777154,0.9992159128425223
922,18,0.0007428194123473093,0.9992571805876527
165,18,0.0007428194123473093,0.9992571805876527
108,18,0.0007428194123473093,0.9992571805876527
1243,18,0.0007428194123473093,0.9992571805876527
1479,17,0.0007015516672169033,0.9992984483327831
1476,17,0.0007015516672169033,0.9992984483327831
136,17,0.0007015516672169033,0.9992984483327831
1646,17,0.0007015516672169033,0.9992984483327831
1757,17,0.0007015516672169033,0.9992984483327831
1180,17,0.0007015516672169033,0.9992984483327831
498,16,0.0006602839220864972,0.9993397160779135
897,16,0.0006602839220864972,0.9993397160779135
865,16,0.0006602839220864972,0.9993397160779135
135,16,0.0006602839220864972,0.9993397160779135
379,16,0.0006602839220864972,0.9993397160779135
1752,16,0.0006602839220864972,0.9993397160779135
1579,16,0.0006602839220864972,0.9993397160779135
1715,16,0.0006602839220864972,0.9993397160779135
1707,16,0.0006602839220864972,0.9993397160779135
1410,16,0.0006602839220864972,0.9993397160779135
1737,15,0.0006190161769560911,0.9993809838230439
684,15,0.0006190161769560911,0.9993809838230439
190,15,0.0006190161769560911,0.9993809838230439
1239,15,0.0006190161769560911,0.9993809838230439
562,15,0.0006190161769560911,0.9993809838230439
1168,15,0.0006190161769560911,0.9993809838230439
852,14,0.000577748431825685,0.9994222515681743
675,14,0.000577748431825685,0.9994222515681743
1555,14,0.000577748431825685,0.9994222515681743
1056,14,0.000577748431825685,0.9994222515681743
1365,14,0.000577748431825685,0.9994222515681743
1629,14,0.000577748431825685,0.9994222515681743
1300,14,0.000577748431825685,0.9994222515681743
1512,14,0.000577748431825685,0.9994222515681743
228,14,0.000577748431825685,0.9994222515681743
20,14,0.000577748431825685,0.9994222515681743
1651,13,0.000536480686695279,0.9994635193133047
1719,13,0.000536480686695279,0.9994635193133047
1015,13,0.000536480686695279,0.9994635193133047
1276,13,0.000536480686695279,0.9994635193133047
978,13,0.000536480686695279,0.9994635193133047
964,13,0.000536480686695279,0.9994635193133047
582,13,0.000536480686695279,0.9994635193133047
348,13,0.000536480686695279,0.9994635193133047
178,12,0.0004952129415648729,0.9995047870584352
660,12,0.0004952129415648729,0.9995047870584352
720,12,0.0004952129415648729,0.9995047870584352
420,12,0.0004952129415648729,0.9995047870584352
1618,12,0.0004952129415648729,0.9995047870584352
1378,12,0.0004952129415648729,0.9995047870584352
1212,12,0.0004952129415648729,0.9995047870584352
43,12,0.0004952129415648729,0.9995047870584352
330,12,0.0004952129415648729,0.9995047870584352
270,11,0.0004539451964344668,0.9995460548035655
943,11,0.0004539451964344668,0.9995460548035655
463,11,0.0004539451964344668,0.9995460548035655
819,11,0.0004539451964344668,0.9995460548035655
1497,11,0.0004539451964344668,0.9995460548035655
42,11,0.0004539451964344668,0.9995460548035655
1612,11,0.0004539451964344668,0.9995460548035655
472,11,0.0004539451964344668,0.9995460548035655
1694,11,0.0004539451964344668,0.9995460548035655
808,11,0.0004539451964344668,0.9995460548035655
690,11,0.0004539451964344668,0.9995460548035655
1095,10,0.00041267745130406077,0.999587322548696
306,10,0.00041267745130406077,0.999587322548696
637,10,0.00041267745130406077,0.999587322548696
1395,10,0.00041267745130406077,0.999587322548696
1599,10,0.00041267745130406077,0.999587322548696
793,10,0.00041267745130406077,0.999587322548696
1330,10,0.00041267745130406077,0.999587322548696
24,10,0.00041267745130406077,0.999587322548696
738,10,0.00041267745130406077,0.999587322548696
939,10,0.00041267745130406077,0.999587322548696
26,10,0.00041267745130406077,0.999587322548696
1605,10,0.00041267745130406077,0.999587322548696
912,10,0.00041267745130406077,0.999587322548696
403,10,0.00041267745130406077,0.999587322548696
1732,10,0.00041267745130406077,0.999587322548696
250,10,0.00041267745130406077,0.999587322548696
1624,10,0.00041267745130406077,0.999587322548696
580,9,0.00037140970617365466,0.9996285902938263
1608,9,0.00037140970617365466,0.9996285902938263
1342,9,0.00037140970617365466,0.9996285902938263
1323,9,0.00037140970617365466,0.9996285902938263
241,9,0.00037140970617365466,0.9996285902938263
319,9,0.00037140970617365466,0.9996285902938263
795,9,0.00037140970617365466,0.9996285902938263
361,9,0.00037140970617365466,0.9996285902938263
768,8,0.0003301419610432486,0.9996698580389568
1246,8,0.0003301419610432486,0.9996698580389568
1039,8,0.0003301419610432486,0.9996698580389568
1754,8,0.0003301419610432486,0.9996698580389568
1222,8,0.0003301419610432486,0.9996698580389568
1760,8,0.0003301419610432486,0.9996698580389568
1425,8,0.0003301419610432486,0.9996698580389568
813,8,0.0003301419610432486,0.9996698580389568
1396,8,0.0003301419610432486,0.9996698580389568
1242,8,0.0003301419610432486,0.9996698580389568
1366,8,0.0003301419610432486,0.9996698580389568
1051,8,0.0003301419610432486,0.9996698580389568
1486,8,0.0003301419610432486,0.9996698580389568
1698,8,0.0003301419610432486,0.9996698580389568
1350,8,0.0003301419610432486,0.9996698580389568
841,8,0.0003301419610432486,0.9996698580389568
172,8,0.0003301419610432486,0.9996698580389568
937,7,0.0002888742159128425,0.9997111257840872
397,7,0.0002888742159128425,0.9997111257840872
171,7,0.0002888742159128425,0.9997111257840872
1308,7,0.0002888742159128425,0.9997111257840872
1306,7,0.0002888742159128425,0.9997111257840872
1348,7,0.0002888742159128425,0.9997111257840872
817,7,0.0002888742159128425,0.9997111257840872
1158,7,0.0002888742159128425,0.9997111257840872
412,7,0.0002888742159128425,0.9997111257840872
1198,7,0.0002888742159128425,0.9997111257840872
1134,7,0.0002888742159128425,0.9997111257840872
1195,7,0.0002888742159128425,0.9997111257840872
571,7,0.0002888742159128425,0.9997111257840872
846,6,0.00024760647078243646,0.9997523935292175
1746,6,0.00024760647078243646,0.9997523935292175
559,6,0.00024760647078243646,0.9997523935292175
1009,6,0.00024760647078243646,0.9997523935292175
1674,6,0.00024760647078243646,0.9997523935292175
1018,6,0.00024760647078243646,0.9997523935292175
1630,6,0.00024760647078243646,0.9997523935292175
1647,6,0.00024760647078243646,0.9997523935292175
1045,6,0.00024760647078243646,0.9997523935292175
1221,6,0.00024760647078243646,0.9997523935292175
49,6,0.00024760647078243646,0.9997523935292175
1138,6,0.00024760647078243646,0.9997523935292175
972,6,0.00024760647078243646,0.9997523935292175
331,6,0.00024760647078243646,0.9997523935292175
1021,6,0.00024760647078243646,0.9997523935292175
873,6,0.00024760647078243646,0.9997523935292175
789,6,0.00024760647078243646,0.9997523935292175
514,6,0.00024760647078243646,0.9997523935292175
727,5,0.00020633872565203038,0.999793661274348
1474,5,0.00020633872565203038,0.999793661274348
217,5,0.00020633872565203038,0.999793661274348
151,5,0.00020633872565203038,0.999793661274348
148,5,0.00020633872565203038,0.999793661274348
1290,5,0.00020633872565203038,0.999793661274348
462,5,0.00020633872565203038,0.999793661274348
1705,5,0.00020633872565203038,0.999793661274348
784,5,0.00020633872565203038,0.999793661274348
301,5,0.00020633872565203038,0.999793661274348
796,5,0.00020633872565203038,0.999793661274348
1282,5,0.00020633872565203038,0.999793661274348
1245,5,0.00020633872565203038,0.999793661274348
1384,5,0.00020633872565203038,0.999793661274348
147,5,0.00020633872565203038,0.999793661274348
522,5,0.00020633872565203038,0.999793661274348
1522,4,0.0001650709805216243,0.9998349290194783
769,4,0.0001650709805216243,0.9998349290194783
141,4,0.0001650709805216243,0.9998349290194783
1560,4,0.0001650709805216243,0.9998349290194783
1720,4,0.0001650709805216243,0.9998349290194783
376,4,0.0001650709805216243,0.9998349290194783
1092,4,0.0001650709805216243,0.9998349290194783
930,4,0.0001650709805216243,0.9998349290194783
121,4,0.0001650709805216243,0.9998349290194783
1297,4,0.0001650709805216243,0.9998349290194783
597,4,0.0001650709805216243,0.9998349290194783
333,4,0.0001650709805216243,0.9998349290194783
244,4,0.0001650709805216243,0.9998349290194783
1294,4,0.0001650709805216243,0.9998349290194783
1659,4,0.0001650709805216243,0.9998349290194783
355,4,0.0001650709805216243,0.9998349290194783
142,4,0.0001650709805216243,0.9998349290194783
882,4,0.0001650709805216243,0.9998349290194783
405,4,0.0001650709805216243,0.9998349290194783
1291,4,0.0001650709805216243,0.9998349290194783
1516,4,0.0001650709805216243,0.9998349290194783
1575,4,0.0001650709805216243,0.9998349290194783
1521,4,0.0001650709805216243,0.9998349290194783
981,4,0.0001650709805216243,0.9998349290194783
1267,3,0.00012380323539121823,0.9998761967646088
307,3,0.00012380323539121823,0.9998761967646088
1087,3,0.00012380323539121823,0.9998761967646088
1524,3,0.00012380323539121823,0.9998761967646088
1584,3,0.00012380323539121823,0.9998761967646088
156,3,0.00012380323539121823,0.9998761967646088
1615,3,0.00012380323539121823,0.9998761967646088
421,3,0.00012380323539121823,0.9998761967646088
1287,3,0.00012380323539121823,0.9998761967646088
1167,3,0.00012380323539121823,0.9998761967646088
1429,3,0.00012380323539121823,0.9998761967646088
433,3,0.00012380323539121823,0.9998761967646088
283,3,0.00012380323539121823,0.9998761967646088
1000,3,0.00012380323539121823,0.9998761967646088
558,3,0.00012380323539121823,0.9998761967646088
993,3,0.00012380323539121823,0.9998761967646088
856,3,0.00012380323539121823,0.9998761967646088
885,3,0.00012380323539121823,0.9998761967646088
391,3,0.00012380323539121823,0.9998761967646088
945,3,0.00012380323539121823,0.9998761967646088
181,3,0.00012380323539121823,0.9998761967646088
1414,3,0.00012380323539121823,0.9998761967646088
1030,3,0.00012380323539121823,0.9998761967646088
1404,3,0.00012380323539121823,0.9998761967646088
1702,3,0.00012380323539121823,0.9998761967646088
111,3,0.00012380323539121823,0.9998761967646088
399,3,0.00012380323539121823,0.9998761967646088
3,3,0.00012380323539121823,0.9998761967646088
1209,3,0.00012380323539121823,0.9998761967646088
1444,3,0.00012380323539121823,0.9998761967646088
1758,3,0.00012380323539121823,0.9998761967646088
871,3,0.00012380323539121823,0.9998761967646088
1231,3,0.00012380323539121823,0.9998761967646088
1696,3,0.00012380323539121823,0.9998761967646088
1690,3,0.00012380323539121823,0.9998761967646088
187,3,0.00012380323539121823,0.9998761967646088
1714,3,0.00012380323539121823,0.9998761967646088
1315,3,0.00012380323539121823,0.9998761967646088
757,3,0.00012380323539121823,0.9998761967646088
574,3,0.00012380323539121823,0.9998761967646088
601,3,0.00012380323539121823,0.9998761967646088
1279,3,0.00012380323539121823,0.9998761967646088
1149,3,0.00012380323539121823,0.9998761967646088
1194,3,0.00012380323539121823,0.9998761967646088
1074,3,0.00012380323539121823,0.9998761967646088
1635,3,0.00012380323539121823,0.9998761967646088
1050,3,0.00012380323539121823,0.9998761967646088
1576,2,8.253549026081215e-05,0.9999174645097392
31,2,8.253549026081215e-05,0.9999174645097392
775,2,8.253549026081215e-05,0.9999174645097392
1609,2,8.253549026081215e-05,0.9999174645097392
1704,2,8.253549026081215e-05,0.9999174645097392
1305,2,8.253549026081215e-05,0.9999174645097392
1660,2,8.253549026081215e-05,0.9999174645097392
1675,2,8.253549026081215e-05,0.9999174645097392
1509,2,8.253549026081215e-05,0.9999174645097392
931,2,8.253549026081215e-05,0.9999174645097392
1465,2,8.253549026081215e-05,0.9999174645097392
1708,2,8.253549026081215e-05,0.9999174645097392
418,2,8.253549026081215e-05,0.9999174645097392
1255,2,8.253549026081215e-05,0.9999174645097392
1326,2,8.253549026081215e-05,0.9999174645097392
274,2,8.253549026081215e-05,0.9999174645097392
982,2,8.253549026081215e-05,0.9999174645097392
927,2,8.253549026081215e-05,0.9999174645097392
1332,2,8.253549026081215e-05,0.9999174645097392
295,2,8.253549026081215e-05,0.9999174645097392
1482,2,8.253549026081215e-05,0.9999174645097392
516,2,8.253549026081215e-05,0.9999174645097392
1249,2,8.253549026081215e-05,0.9999174645097392
1558,2,8.253549026081215e-05,0.9999174645097392
969,2,8.253549026081215e-05,0.9999174645097392
1455,2,8.253549026081215e-05,0.9999174645097392
1611,2,8.253549026081215e-05,0.9999174645097392
1288,2,8.253549026081215e-05,0.9999174645097392
1500,2,8.253549026081215e-05,0.9999174645097392
8,2,8.253549026081215e-05,0.9999174645097392
159,2,8.253549026081215e-05,0.9999174645097392
951,2,8.253549026081215e-05,0.9999174645097392
1594,2,8.253549026081215e-05,0.9999174645097392
183,2,8.253549026081215e-05,0.9999174645097392
1570,2,8.253549026081215e-05,0.9999174645097392
907,2,8.253549026081215e-05,0.9999174645097392
879,2,8.253549026081215e-05,0.9999174645097392
1152,2,8.253549026081215e-05,0.9999174645097392
877,2,8.253549026081215e-05,0.9999174645097392
1132,2,8.253549026081215e-05,0.9999174645097392
1324,2,8.253549026081215e-05,0.9999174645097392
1071,2,8.253549026081215e-05,0.9999174645097392
195,2,8.253549026081215e-05,0.9999174645097392
709,2,8.253549026081215e-05,0.9999174645097392
708,2,8.253549026081215e-05,0.9999174645097392
1747,2,8.253549026081215e-05,0.9999174645097392
1399,2,8.253549026081215e-05,0.9999174645097392
586,2,8.253549026081215e-05,0.9999174645097392
1037,2,8.253549026081215e-05,0.9999174645097392
822,2,8.253549026081215e-05,0.9999174645097392
32,2,8.253549026081215e-05,0.9999174645097392
1024,2,8.253549026081215e-05,0.9999174645097392
1353,2,8.253549026081215e-05,0.9999174645097392
1357,2,8.253549026081215e-05,0.9999174645097392
12,1,4.1267745130406077e-05,0.9999587322548696
760,1,4.1267745130406077e-05,0.9999587322548696
954,1,4.1267745130406077e-05,0.9999587322548696
924,1,4.1267745130406077e-05,0.9999587322548696
1687,1,4.1267745130406077e-05,0.9999587322548696
1518,1,4.1267745130406077e-05,0.9999587322548696
1530,1,4.1267745130406077e-05,0.9999587322548696
1437,1,4.1267745130406077e-05,0.9999587322548696
193,1,4.1267745130406077e-05,0.9999587322548696
1422,1,4.1267745130406077e-05,0.9999587322548696
1186,1,4.1267745130406077e-05,0.9999587322548696
1458,1,4.1267745130406077e-05,0.9999587322548696
1498,1,4.1267745130406077e-05,0.9999587322548696
1407,1,4.1267745130406077e-05,0.9999587322548696
1617,1,4.1267745130406077e-05,0.9999587322548696
1405,1,4.1267745130406077e-05,0.9999587322548696
1389,1,4.1267745130406077e-05,0.9999587322548696
127,1,4.1267745130406077e-05,0.9999587322548696
208,1,4.1267745130406077e-05,0.9999587322548696
1540,1,4.1267745130406077e-05,0.9999587322548696
1501,1,4.1267745130406077e-05,0.9999587322548696
1393,1,4.1267745130406077e-05,0.9999587322548696
532,1,4.1267745130406077e-05,0.9999587322548696
1423,1,4.1267745130406077e-05,0.9999587322548696
406,1,4.1267745130406077e-05,0.9999587322548696
1431,1,4.1267745130406077e-05,0.9999587322548696
957,1,4.1267745130406077e-05,0.9999587322548696
781,1,4.1267745130406077e-05,0.9999587322548696
373,1,4.1267745130406077e-05,0.9999587322548696
1539,1,4.1267745130406077e-05,0.9999587322548696
1464,1,4.1267745130406077e-05,0.9999587322548696
928,1,4.1267745130406077e-05,0.9999587322548696
1042,1,4.1267745130406077e-05,0.9999587322548696
1093,1,4.1267745130406077e-05,0.9999587322548696
1131,1,4.1267745130406077e-05,0.9999587322548696
277,1,4.1267745130406077e-05,0.9999587322548696
630,1,4.1267745130406077e-05,0.9999587322548696
1477,1,4.1267745130406077e-05,0.9999587322548696
1420,1,4.1267745130406077e-05,0.9999587322548696
1171,1,4.1267745130406077e-05,0.9999587322548696
1254,1,4.1267745130406077e-05,0.9999587322548696
1164,1,4.1267745130406077e-05,0.9999587322548696
779,1,4.1267745130406077e-05,0.9999587322548696
1147,1,4.1267745130406077e-05,0.9999587322548696
334,1,4.1267745130406077e-05,0.9999587322548696
1561,1,4.1267745130406077e-05,0.9999587322548696
1564,1,4.1267745130406077e-05,0.9999587322548696
1363,1,4.1267745130406077e-05,0.9999587322548696
1548,1,4.1267745130406077e-05,0.9999587322548696
1098,1,4.1267745130406077e-05,0.9999587322548696
624,1,4.1267745130406077e-05,0.9999587322548696
115,1,4.1267745130406077e-05,0.9999587322548696
471,1,4.1267745130406077e-05,0.9999587322548696
286,1,4.1267745130406077e-05,0.9999587322548696
705,1,4.1267745130406077e-05,0.9999587322548696
631,1,4.1267745130406077e-05,0.9999587322548696
9,1,4.1267745130406077e-05,0.9999587322548696
336,1,4.1267745130406077e-05,0.9999587322548696
1320,1,4.1267745130406077e-05,0.9999587322548696
1654,1,4.1267745130406077e-05,0.9999587322548696
1248,1,4.1267745130406077e-05,0.9999587322548696
1692,1,4.1267745130406077e-05,0.9999587322548696
1591,1,4.1267745130406077e-05,0.9999587322548696
1701,1,4.1267745130406077e-05,0.9999587322548696
780,1,4.1267745130406077e-05,0.9999587322548696
676,1,4.1267745130406077e-05,0.9999587322548696
1742,1,4.1267745130406077e-05,0.9999587322548696
436,1,4.1267745130406077e-05,0.9999587322548696
648,1,4.1267745130406077e-05,0.9999587322548696
313,1,4.1267745130406077e-05,0.9999587322548696
799,1,4.1267745130406077e-05,0.9999587322548696
798,1,4.1267745130406077e-05,0.9999587322548696
1252,1,4.1267745130406077e-05,0.9999587322548696
604,1,4.1267745130406077e-05,0.9999587322548696
1115,1,4.1267745130406077e-05,0.9999587322548696
192,1,4.1267745130406077e-05,0.9999587322548696
1409,1,4.1267745130406077e-05,0.9999587322548696
1216,1,4.1267745130406077e-05,0.9999587322548696
925,1,4.1267745130406077e-05,0.9999587322548696
1240,1,4.1267745130406077e-05,0.9999587322548696
1710,1,4.1267745130406077e-05,0.9999587322548696
963,1,4.1267745130406077e-05,0.9999587322548696
1080,1,4.1267745130406077e-05,0.9999587322548696
15,1,4.1267745130406077e-05,0.9999587322548696
1203,1,4.1267745130406077e-05,0.9999587322548696
1726,1,4.1267745130406077e-05,0.9999587322548696
958,1,4.1267745130406077e-05,0.9999587322548696
196,1,4.1267745130406077e-05,0.9999587322548696
1402,1,4.1267745130406077e-05,0.9999587322548696
202,1,4.1267745130406077e-05,0.9999587322548696
163,1,4.1267745130406077e-05,0.9999587322548696
