mut_type,mut_class,host,segment,actual_count,evo_opp,rate
AC,nonsynonymous,all,HA,5140,88085.39344085417,0.05835246684175061
AC,nonsynonymous,all,MP,967,29174.880733944956,0.033144951261956525
AC,nonsynonymous,all,NA,3794,61521.597598241395,0.061669399822420284
AC,nonsynonymous,all,NP,1614,44741.173796791445,0.036074154141117906
AC,nonsynonymous,all,NS,2443,32979.96176821983,0.07407528296027696
AC,nonsynonymous,all,PA,3113,68689.7511627907,0.04531971578441698
AC,nonsynonymous,all,PB1,2212,58670.76858776947,0.037701909370608015
AC,nonsynonymous,all,PB2,2266,66782.60289600703,0.0339309925300244
AC,nonsynonymous,avian,HA,756,14215.721773847079,0.0531805568529645
AC,nonsynonymous,avian,MP,274,9193.66870540265,0.029803118730935364
AC,nonsynonymous,avian,NA,623,10976.291461770314,0.05675869688499683
AC,nonsynonymous,avian,NP,342,12415.467914438503,0.027546283584066366
AC,nonsynonymous,avian,NS,679,9978.248506571088,0.06804801459422968
AC,nonsynonymous,avian,PA,716,16115.35953488372,0.04442966341831394
AC,nonsynonymous,avian,PB1,686,15802.872855257368,0.04340982847126929
AC,nonsynonymous,avian,PB2,672,14686.527424308908,0.04575622137114021
AC,nonsynonymous,human,HA,3756,64460.47588235294,0.058268263592330435
AC,nonsynonymous,human,MP,559,15404.477064220184,0.03628815166328388
AC,nonsynonymous,human,NA,2674,42512.216597220635,0.06289956661951193
AC,nonsynonymous,human,NP,1087,27081.20254010695,0.04013854253296786
AC,nonsynonymous,human,NS,1488,18228.598566308243,0.08162997251748454
AC,nonsynonymous,human,PA,2169,46810.25534883721,0.04633600017424129
AC,nonsynonymous,human,PB1,1301,37429.64452265728,0.03475854544150067
AC,nonsynonymous,human,PB2,1401,46533.0175515577,0.03010765417152925
AC,synonymous,all,HA,3683,24751.01460792445,0.14880198078105558
AC,synonymous,all,MP,1301,6910.204892966361,0.18827227559116796
AC,synonymous,all,NA,2609,18224.077287419866,0.14316225501309743
AC,synonymous,all,NP,2596,15242.345588235294,0.17031499417016932
AC,synonymous,all,NS,1035,7068.692951015531,0.14642027984131148
AC,synonymous,all,PA,2827,17150.85627906977,0.1648314203093148
AC,synonymous,all,PB1,2448,14351.209414870216,0.17057795822165822
AC,synonymous,all,PB2,3430,21951.554629223345,0.15625317012553452
AC,synonymous,avian,HA,633,3867.3311874829906,0.1636787669100512
AC,synonymous,avian,MP,415,2163.380224260958,0.1918294321756454
AC,synonymous,avian,NA,519,3463.5015038645274,0.14984835416439315
AC,synonymous,avian,NP,721,4274.331550802139,0.16868134617790567
AC,synonymous,avian,NS,353,2059.0597371565113,0.17143747392558922
AC,synonymous,avian,PA,788,3848.686511627907,0.2047451767295783
AC,synonymous,avian,PB1,765,3852.0756709194898,0.1985942295410294
AC,synonymous,avian,PB2,884,4932.159280386134,0.1792318434474388
AC,synonymous,human,HA,2663,18210.11705882353,0.14623739053394333
AC,synonymous,human,MP,713,3648.952089704383,0.1953985644294286
AC,synonymous,human,NA,1729,12356.026982490026,0.13993171125720272
AC,synonymous,human,NP,1547,9108.158422459894,0.16984772642790644
AC,synonymous,human,NS,519,4020.5412186379926,0.12908709842199245
AC,synonymous,human,PA,1771,11863.593488372093,0.14928023298638957
AC,synonymous,human,PB1,1387,9146.512978442586,0.1516424896863996
AC,synonymous,human,PB2,2230,15070.346204475647,0.14797271208923696
AG,nonsynonymous,all,HA,31286,80014.87906836881,0.39100227812964183
AG,nonsynonymous,all,MP,8337,27159.521916411824,0.30696416621980954
AG,nonsynonymous,all,NA,26693,58732.48091813457,0.45448446213614857
AG,nonsynonymous,all,NP,9246,40881.58489304813,0.22616540000072924
AG,nonsynonymous,all,NS,15980,30318.549581839903,0.52707006833769
AG,nonsynonymous,all,PA,19713,60646.81860465116,0.3250459043615547
AG,nonsynonymous,all,PB1,19641,55010.14386273647,0.3570432400433094
AG,nonsynonymous,all,PB2,18449,60921.045634050024,0.3028345920196825
AG,nonsynonymous,avian,HA,4044,12982.669299840816,0.3114921828941283
AG,nonsynonymous,avian,MP,2434,8648.874617737003,0.28142389704764403
AG,nonsynonymous,avian,NA,4916,10565.417519442166,0.46529159789035535
AG,nonsynonymous,avian,NP,2516,11550.225935828877,0.21783123672025767
AG,nonsynonymous,avian,NS,4511,9131.014336917562,0.49403054617509434
AG,nonsynonymous,avian,PA,4709,14213.552093023256,0.331303531248281
AG,nonsynonymous,avian,PB1,5795,14982.61328640563,0.38678165746012094
AG,nonsynonymous,avian,PB2,4495,13535.845107503292,0.33208122317448047
AG,nonsynonymous,human,HA,23746,58563.696470588235,0.40547303929023126
AG,nonsynonymous,human,MP,4676,14274.678899082568,0.32757304266231346
AG,nonsynonymous,human,NA,18443,40527.49491642541,0.45507377246071107
AG,nonsynonymous,human,NP,5618,24490.314171122995,0.22939681217418978
AG,nonsynonymous,human,NS,9233,16789.027479091994,0.5499425152230051
AG,nonsynonymous,human,PA,13484,41267.76465116279,0.3267441334412104
AG,nonsynonymous,human,PB1,12045,34877.51825780906,0.34535140691391164
AG,nonsynonymous,human,PB2,12512,42226.397981570866,0.29630753741914456
AG,synonymous,all,HA,39923,32821.528980409814,1.2163662461864235
AG,synonymous,all,MP,15651,8925.563710499491,1.7535026926746502
AG,synonymous,all,NA,28311,21013.193967526688,1.3472963721627076
AG,synonymous,all,NP,33137,19101.93449197861,1.7347457669229822
AG,synonymous,all,NS,12740,9730.10513739546,1.3093383699459413
AG,synonymous,all,PA,38926,25193.788837209304,1.545063358731866
AG,synonymous,all,PB1,29968,18011.83413990321,1.663795023162535
AG,synonymous,all,PB2,43489,27813.111891180342,1.5636150377617597
AG,synonymous,avian,HA,6985,5100.3836614892525,1.3695048183807532
AG,synonymous,avian,MP,5190,2708.1743119266057,1.9164202160634978
AG,synonymous,avian,NA,5538,3874.375446192674,1.4293916727771336
AG,synonymous,avian,NP,9716,5139.573529411765,1.8904292242146434
AG,synonymous,avian,NS,4255,2906.293906810036,1.4640639028384819
AG,synonymous,avian,PA,9769,5750.493953488372,1.6988105854930804
AG,synonymous,avian,PB1,8597,4672.335239771228,1.839979273495139
AG,synonymous,avian,PB2,10216,6082.841597191751,1.6794782235849102
AG,synonymous,human,HA,28427,24106.896470588235,1.17920612612588
AG,synonymous,human,MP,7744,4778.750254841998,1.6205073684596734
AG,synonymous,human,NA,18454,14340.748663285249,1.2868226362020676
AG,synonymous,human,NP,19520,11699.04679144385,1.6685120034117684
AG,synonymous,human,NS,6649,5460.112305854242,1.2177405202583567
AG,synonymous,human,PA,25786,17406.08418604651,1.4814360153831267
AG,synonymous,human,PB1,18566,11698.639243290805,1.5870221838533607
AG,synonymous,human,PB2,29359,19376.965774462482,1.5151494997577566
AT,nonsense,all,HA,6,9862.997481996608,0.0006083343335484047
AT,nonsense,all,MP,38,3356.092762487258,0.011322690607585456
AT,nonsense,all,NA,4,5776.721003275893,0.0006924343408192397
AT,nonsense,all,NP,0,5545.01537433155,0.0
AT,nonsense,all,NS,80,4633.365591397849,0.017266066841029187
AT,nonsense,all,PA,2,8378.827906976745,0.00023869687051749478
AT,nonsense,all,PB1,30,7679.9520457545095,0.003906274390942851
AT,nonsense,all,PB2,1,8795.735410267662,0.0001136914599355336
AT,nonsense,avian,HA,4,1470.726038136203,0.002719745143744822
AT,nonsense,avian,MP,1,1014.5158002038736,0.0009856918934126441
AT,nonsense,avian,NA,0,960.9424746433824,0.0
AT,nonsense,avian,NP,0,1555.091577540107,0.0
AT,nonsense,avian,NS,21,1447.3859020310633,0.01450891567378919
AT,nonsense,avian,PA,2,1950.5883720930233,0.0010253316530611516
AT,nonsense,avian,PB1,6,2002.472503299604,0.00299629582434386
AT,nonsense,avian,PB2,1,1862.9262834576568,0.0005367898928045423
AT,nonsense,human,HA,2,7402.43705882353,0.0002701812908515105
AT,nonsense,human,MP,37,1801.106014271152,0.020542932901688564
AT,nonsense,human,NA,4,4078.0713308246736,0.000980855820192609
AT,nonsense,human,NP,0,3298.2660427807486,0.0
AT,nonsense,human,NS,45,2525.6857825567504,0.01781694314897973
AT,nonsense,human,PA,0,5705.899069767442,0.0
AT,nonsense,human,PB1,24,4950.408271007479,0.004848084983325155
AT,nonsense,human,PB2,0,6189.00702062308,0.0
AT,nonsynonymous,all,HA,3975,82152.93768365805,0.048385366513688424
AT,nonsynonymous,all,MP,897,27594.928644240572,0.03250597280262277
AT,nonsynonymous,all,NA,2690,58560.88363897138,0.04593509921373259
AT,nonsynonymous,all,NP,984,43774.463903743315,0.022478858956759367
AT,nonsynonymous,all,NS,1625,29833.483870967742,0.0544689988949416
AT,nonsynonymous,all,PA,2196,63963.20279069767,0.03433223954069057
AT,nonsynonymous,all,PB1,1817,54453.3955125385,0.033367983445249355
AT,nonsynonymous,all,PB2,1935,63529.56428258008,0.030458260210838254
AT,nonsynonymous,avian,HA,735,13386.95470275329,0.05490419713221505
AT,nonsynonymous,avian,MP,205,8740.868501529052,0.023453047024347647
AT,nonsynonymous,avian,NA,439,10592.647476141812,0.041443841210497656
AT,nonsynonymous,avian,NP,247,12348.170454545454,0.020002963265629156
AT,nonsynonymous,avian,NS,442,8976.870967741936,0.049237646568421355
AT,nonsynonymous,avian,PA,452,14971.228837209303,0.030191242476810248
AT,nonsynonymous,avian,PB1,502,14709.532776066872,0.03412752856547412
AT,nonsynonymous,avian,PB2,391,13968.47213690215,0.02799160825664315
AT,nonsynonymous,human,HA,2774,59934.24117647059,0.04628405975529455
AT,nonsynonymous,human,MP,570,14553.094801223242,0.03916692688293966
AT,nonsynonymous,human,NA,1891,40268.579724706484,0.04695968948812444
AT,nonsynonymous,human,NP,603,26300.73729946524,0.022927113910691032
AT,nonsynonymous,human,NS,1001,16544.94504181601,0.060501863105018094
AT,nonsynonymous,human,PA,1546,43623.62558139535,0.03543951194784094
AT,nonsynonymous,human,PB1,1154,34690.8121425429,0.03326529212571527
AT,nonsynonymous,human,PB2,1358,44261.18736287845,0.030681508583724645
AT,synonymous,all,HA,4377,20820.472883123974,0.21022577270796647
AT,synonymous,all,MP,1511,5134.064220183486,0.29430874550805647
AT,synonymous,all,NA,3510,15408.070243413984,0.22780269978976195
AT,synonymous,all,NP,3203,10664.040106951872,0.3003552094587462
AT,synonymous,all,NS,1059,5581.805256869773,0.1897235663491918
AT,synonymous,all,PA,3052,13498.576744186046,0.2260979107530372
AT,synonymous,all,PB1,2590,10888.630444346678,0.23786278845974748
AT,synonymous,all,PB2,3667,16408.857832382622,0.2234768585028041
AT,synonymous,avian,HA,734,3225.3722204405763,0.22757063366154304
AT,synonymous,avian,MP,461,1601.6646279306829,0.2878255484705324
AT,synonymous,avian,NA,604,2886.2030148496456,0.20927148814286195
AT,synonymous,avian,NP,759,2786.53743315508,0.2723810529042906
AT,synonymous,avian,NS,334,1613.0513739545997,0.20706098106544288
AT,synonymous,avian,PA,606,3042.228837209302,0.19919606066054388
AT,synonymous,avian,PB1,753,2942.943246810383,0.2558663001116707
AT,synonymous,avian,PB2,778,3787.288284335235,0.2054240241541472
AT,synonymous,human,HA,3203,15333.914705882353,0.2088833844087625
AT,synonymous,human,MP,799,2699.228338430173,0.2960105259063356
AT,synonymous,human,NA,2435,10521.5925241795,0.23142884448377624
AT,synonymous,human,NP,2054,6590.357620320856,0.3116674569626769
AT,synonymous,human,NS,601,3178.5089605734765,0.18908236769342493
AT,synonymous,human,PA,2178,9344.324186046511,0.2330826667221495
AT,synonymous,human,PB1,1590,6934.937087549494,0.2292738895720591
AT,synonymous,human,PB2,2537,11153.169372531813,0.22746897453634662
CA,nonsense,all,HA,3,6753.433086050648,0.00044421851253646983
CA,nonsense,all,MP,0,1764.8195718654435,0.0
CA,nonsense,all,NA,0,5286.185332641196,0.0
CA,nonsense,all,NP,0,2278.8622994652405,0.0
CA,nonsense,all,NS,12,2136.2819593787335,0.0056172360335289264
CA,nonsense,all,PA,2,3748.166511627907,0.0005335942236812095
CA,nonsense,all,PB1,142,3346.866256049274,0.04242774856728826
CA,nonsense,all,PB2,0,3719.9548047389208,0.0
CA,nonsense,avian,HA,0,1056.0286278727262,0.0
CA,nonsense,avian,MP,0,628.1783893985729,0.0
CA,nonsense,avian,NA,0,1089.6015358474774,0.0
CA,nonsense,avian,NP,0,600.5274064171123,0.0
CA,nonsense,avian,NS,7,633.0370370370371,0.011057804820968874
CA,nonsense,avian,PA,0,897.1009302325581,0.0
CA,nonsense,avian,PB1,35,959.0444346678398,0.03649465940764473
CA,nonsense,avian,PB2,0,757.7393593681439,0.0
CA,nonsense,human,HA,3,4979.308235294117,0.0006024933300444286
CA,nonsense,human,MP,0,841.6146788990826,0.0
CA,nonsense,human,NA,0,3468.641110040398,0.0
CA,nonsense,human,NP,0,1427.2733957219252,0.0
CA,nonsense,human,NS,5,1208.8088410991636,0.004136303301234566
CA,nonsense,human,PA,2,2548.8925581395347,0.0007846544938166489
CA,nonsense,human,PB1,94,2074.7078750549936,0.04530758336158934
CA,nonsense,human,PB2,0,2668.0737165423434,0.0
CA,nonsynonymous,all,HA,10723,46120.55198694895,0.2324993855891916
CA,nonsynonymous,all,MP,2659,19782.97859327217,0.13440847582498408
CA,nonsynonymous,all,NA,5956,33014.52458525825,0.1804054450222037
CA,nonsynonymous,all,NP,1998,26068.697860962566,0.07664364406140789
CA,nonsynonymous,all,NS,5452,18238.654719235365,0.29892555585528235
CA,nonsynonymous,all,PA,5551,36333.26976744186,0.15278008380556587
CA,nonsynonymous,all,PB1,3427,30568.17289925209,0.1121100698852645
CA,nonsynonymous,all,PB2,4028,35764.34752084247,0.11262612851115467
CA,nonsynonymous,avian,HA,1260,7129.609883562091,0.1767277621886486
CA,nonsynonymous,avian,MP,597,6369.507645259939,0.09372780962815479
CA,nonsynonymous,avian,NA,940,6093.32495994897,0.1542671704165721
CA,nonsynonymous,avian,NP,565,7793.338903743315,0.07249780960104504
CA,nonsynonymous,avian,NS,1542,5848.091995221028,0.26367574266275207
CA,nonsynonymous,avian,PA,1355,8808.487441860465,0.15382890751034625
CA,nonsynonymous,avian,PB1,988,8503.728112626484,0.11618433549551054
CA,nonsynonymous,avian,PB2,917,8121.424308907415,0.1129112290062536
CA,nonsynonymous,human,HA,8319,34093.16470588235,0.24400785529202162
CA,nonsynonymous,human,MP,1731,10332.053007135575,0.16753688727734245
CA,nonsynonymous,human,NA,4268,22679.42814104552,0.18818816653827877
CA,nonsynonymous,human,NP,1217,15135.60026737968,0.08040645752404577
CA,nonsynonymous,human,NS,3119,9668.732377538829,0.32258623759673655
CA,nonsynonymous,human,PA,3727,24318.8288372093,0.15325573550225663
CA,nonsynonymous,human,PB1,2151,19155.4791025077,0.11229163146947373
CA,nonsynonymous,human,PB2,2815,24470.966213251428,0.11503428084811917
CA,synonymous,all,HA,6815,9040.300416618937,0.7538466296398592
CA,synonymous,all,MP,4102,5319.482161060143,0.7711276917192433
CA,synonymous,all,NA,6680,8805.29299320824,0.7586346082012789
CA,synonymous,all,NP,7185,7527.877673796791,0.9544522787624077
CA,synonymous,all,NS,3292,4010.8757467144565,0.8207683827395227
CA,synonymous,all,PA,7990,8903.88418604651,0.8973611777791674
CA,synonymous,all,PB1,5313,6009.200175978883,0.8841442861627632
CA,synonymous,all,PB2,8046,9103.324703817463,0.8838529066886875
CA,synonymous,avian,HA,995,1474.8239861238812,0.6746567789523479
CA,synonymous,avian,MP,1251,1803.670744138634,0.6935855693536965
CA,synonymous,avian,NA,1011,1500.1859635775663,0.673916450723895
CA,synonymous,avian,NP,1747,2179.8161764705883,0.8014437267038842
CA,synonymous,avian,NS,827,1164.0179211469535,0.71047016113388
CA,synonymous,avian,PA,1908,2252.592093023256,0.8470241931104486
CA,synonymous,avian,PB1,1488,1760.9819621645402,0.844983101457212
CA,synonymous,avian,PB2,1694,2132.022817025011,0.7945505960221285
CA,synonymous,human,HA,5135,6564.377647058824,0.7822523742674589
CA,synonymous,human,MP,2266,2713.3527013251783,0.8351291739158366
CA,synonymous,human,NA,4801,6198.285081867925,0.7745690842850298
CA,synonymous,human,NP,4608,4458.193181818182,1.0336025856377813
CA,synonymous,human,NS,1934,2240.029868578256,0.8633813446547958
CA,synonymous,human,PA,5303,5855.489302325582,0.9056459206396034
CA,synonymous,human,PB1,3301,3655.543334799824,0.9030121373682912
CA,synonymous,human,PB2,5679,6187.844668714349,0.9177670584901622
CG,nonsense,all,HA,1,5073.61848958467,0.00019709798875355736
CG,nonsense,all,MP,0,1214.3353720693171,0.0
CG,nonsense,all,NA,0,3154.4362511087047,0.0
CG,nonsense,all,NP,0,1548.8696524064171,0.0
CG,nonsense,all,NS,0,1407.7132616487456,0.0
CG,nonsense,all,PA,0,2231.351162790698,0.0
CG,nonsense,all,PB1,9,2611.6225252969643,0.00344613354832993
CG,nonsense,all,PB2,0,2807.6480912681,0.0
CG,nonsense,avian,HA,1,745.2231690028184,0.0013418799114070729
CG,nonsense,avian,MP,0,452.1406727828746,0.0
CG,nonsense,avian,NA,0,662.7676072883028,0.0
CG,nonsense,avian,NP,0,381.87098930481284,0.0
CG,nonsense,avian,NS,0,415.8279569892473,0.0
CG,nonsense,avian,PA,0,466.0041860465116,0.0
CG,nonsense,avian,PB1,1,740.4549054113506,0.001350521135982565
CG,nonsense,avian,PB2,0,560.4795963141729,0.0
CG,nonsense,human,HA,0,3792.5129411764706,0.0
CG,nonsense,human,MP,0,548.4026503567787,0.0
CG,nonsense,human,NA,0,2075.2321627409883,0.0
CG,nonsense,human,NP,0,996.6564171122994,0.0
CG,nonsense,human,NS,0,786.931899641577,0.0
CG,nonsense,human,PA,0,1608.0032558139535,0.0
CG,nonsense,human,PB1,8,1634.356797184338,0.0048948919928514766
CG,nonsense,human,PB2,0,2026.46687143484,0.0
CG,nonsynonymous,all,HA,886,50459.26273144146,0.01755871869780468
CG,nonsynonymous,all,MP,246,21463.953109072376,0.011461076100470086
CG,nonsynonymous,all,NA,616,37149.1293908117,0.016581815243087734
CG,nonsynonymous,all,NP,315,29455.541443850267,0.010694082829897048
CG,nonsynonymous,all,NS,354,20505.36439665472,0.01726377513475216
CG,nonsynonymous,all,PA,485,39835.846511627904,0.012174964070574744
CG,nonsynonymous,all,PB1,336,32881.51429828421,0.010218507485755693
CG,nonsynonymous,all,PB2,374,38943.72400175515,0.009603601339798531
CG,nonsynonymous,avian,HA,236,7772.437837374945,0.030363703761663842
CG,nonsynonymous,avian,MP,75,6924.727828746178,0.0108307505875765
CG,nonsynonymous,avian,NA,169,6901.566918576148,0.0244871928351694
CG,nonsynonymous,avian,NP,114,8756.389705882353,0.013019064229566812
CG,nonsynonymous,avian,NS,114,6505.456391875747,0.017523751314722114
CG,nonsynonymous,avian,PA,149,9764.593488372093,0.015259211781569063
CG,nonsynonymous,avian,PB1,126,9178.41531016278,0.013727859956444419
CG,nonsynonymous,avian,PB2,109,8902.875383940325,0.012243235505309036
CG,nonsynonymous,human,HA,529,37388.94823529412,0.014148565952455406
CG,nonsynonymous,human,MP,133,11201.964322120286,0.011872917657608287
CG,nonsynonymous,human,NA,345,25431.81692003022,0.013565684319167787
CG,nonsynonymous,human,NP,165,17175.060828877005,0.009606952874517915
CG,nonsynonymous,human,NS,167,10956.73715651135,0.01524176382206591
CG,nonsynonymous,human,PA,269,26523.325581395347,0.010142016285796706
CG,nonsynonymous,human,PB1,177,20562.600967883853,0.008607860468451987
CG,nonsynonymous,human,PB2,217,26585.73716542343,0.008162271320511788
CG,synonymous,all,HA,190,6381.404268592408,0.029774010860764612
CG,synonymous,all,MP,136,4188.991845056065,0.032466045538023666
CG,synonymous,all,NA,277,6802.437269187285,0.04072069892576816
CG,synonymous,all,NP,112,4871.026737967914,0.022993098996357375
CG,synonymous,all,NS,80,2472.7347670250897,0.03235284312204936
CG,synonymous,all,PA,205,6918.122790697675,0.029632315904489212
CG,synonymous,all,PB1,173,4431.102507699076,0.03904220218318378
CG,synonymous,all,PB2,224,6836.254936375603,0.03276647844247288
CG,synonymous,avian,HA,59,1142.8014911809355,0.05162751401298159
CG,synonymous,avian,MP,46,1424.4882772680937,0.03229229803717271
CG,synonymous,avian,NA,45,1118.777933509563,0.040222459392666735
CG,synonymous,avian,NP,31,1435.4217914438502,0.02159643958645631
CG,synonymous,avian,NS,20,723.8626045400239,0.027629552728046968
CG,synonymous,avian,PA,55,1727.5827906976745,0.031836390299875915
CG,synonymous,avian,PB1,30,1304.8842938847338,0.02299054417360474
CG,synonymous,avian,PB2,55,1547.8315050460728,0.03553358348159664
CG,synonymous,human,HA,95,4455.389411764706,0.02132249085773449
CG,synonymous,human,MP,67,2136.6534148827727,0.031357448771669856
CG,synonymous,human,NA,176,4839.305250182634,0.03636885687121262
CG,synonymous,human,NP,57,2849.349598930481,0.020004565259873784
CG,synonymous,human,NS,47,1373.9020310633214,0.0342091349582071
CG,synonymous,human,PA,123,4591.881860465116,0.026786403426228657
CG,synonymous,human,PB1,125,2688.772547294325,0.04648961479682832
CG,synonymous,human,PB2,144,4714.680561649847,0.030542896409849005
CT,nonsense,all,HA,6,4166.776816741738,0.0014399619331403916
CT,nonsense,all,MP,0,2622.8236493374106,0.0
CT,nonsense,all,NA,1,2642.9073324192564,0.0003783711928653295
CT,nonsense,all,NP,0,3118.9197860962568,0.0
CT,nonsense,all,NS,189,3399.358422939068,0.0555987267257895
CT,nonsense,all,PA,0,2659.7227906976746,0.0
CT,nonsense,all,PB1,278,4193.325120985482,0.06629583730790392
CT,nonsense,all,PB2,1,4505.34488810882,0.00022195859026005968
CT,nonsense,avian,HA,0,587.8067379067137,0.0
CT,nonsense,avian,MP,0,836.6126401630988,0.0
CT,nonsense,avian,NA,0,475.99464552707605,0.0
CT,nonsense,avian,NP,0,912.9445187165776,0.0
CT,nonsense,avian,NS,53,1019.9342891278375,0.05196413196905182
CT,nonsense,avian,PA,0,658.0916279069768,0.0
CT,nonsense,avian,PB1,73,1172.694236691597,0.06224981560917999
CT,nonsense,avian,PB2,0,1033.5783238262395,0.0
CT,nonsense,human,HA,6,3165.9194117647057,0.0018951840586035505
CT,nonsense,human,MP,0,1382.2609582059124,0.0
CT,nonsense,human,NA,0,1815.7311210504736,0.0
CT,nonsense,human,NP,0,1800.8870320855615,0.0
CT,nonsense,human,NS,98,1902.1146953405018,0.05152160394957508
CT,nonsense,human,PA,0,1760.5172093023257,0.0
CT,nonsense,human,PB1,181,2622.545974483062,0.06901690256761941
CT,nonsense,human,PB2,1,3068.4041246160596,0.00032590231253359664
CT,nonsynonymous,all,HA,10705,30052.67790389789,0.35620785722431547
CT,nonsynonymous,all,MP,3645,14756.27624872579,0.2470135377354939
CT,nonsynonymous,all,NA,10931,24558.301253281265,0.4451040765101575
CT,nonsynonymous,all,NP,2948,18745.60628342246,0.15726351847083453
CT,nonsynonymous,all,NS,7185,13316.410991636798,0.539559796142703
CT,nonsynonymous,all,PA,6995,25522.055813953488,0.27407666729479035
CT,nonsynonymous,all,PB1,6695,21188.621205455347,0.31597147993170344
CT,nonsynonymous,all,PB2,5979,25538.31154014919,0.2341188449596724
CT,nonsynonymous,avian,HA,1579,4793.725577027325,0.32938890110167013
CT,nonsynonymous,avian,MP,960,4788.755351681957,0.20046962717834785
CT,nonsynonymous,avian,NA,1757,4666.125564694964,0.3765436603965156
CT,nonsynonymous,avian,NP,777,5380.72794117647,0.14440425319666184
CT,nonsynonymous,avian,NS,2314,4274.020310633214,0.5414106232118423
CT,nonsynonymous,avian,PA,1567,6084.826511627907,0.25752583035942167
CT,nonsynonymous,avian,PB1,1786,5835.896612406511,0.3060369500383453
CT,nonsynonymous,avian,PB2,1338,5698.82053532251,0.23478542475706848
CT,nonsynonymous,human,HA,8123,22003.467058823528,0.36916909404705045
CT,nonsynonymous,human,MP,2195,7682.494393476045,0.28571449422260414
CT,nonsynonymous,human,NA,8141,16730.36200046205,0.48660034969806193
CT,nonsynonymous,human,NP,1871,11146.870989304813,0.1678497940628527
CT,nonsynonymous,human,NS,3816,7036.990442054958,0.5422772748410388
CT,nonsynonymous,human,PA,4941,17205.792558139536,0.2871707294682315
CT,nonsynonymous,human,PB1,4266,13341.620325560933,0.319751266780307
CT,nonsynonymous,human,PB2,4152,17610.255375164546,0.23577170867467925
CT,synonymous,all,HA,47277,27694.830768978907,1.7070694670196418
CT,synonymous,all,MP,17337,9488.180428134556,1.8272207333443993
CT,synonymous,all,NA,36102,19904.79432540717,1.8137338879165488
CT,synonymous,all,NP,29748,14010.911764705883,2.1232022940103406
CT,synonymous,all,NS,12469,7670.043010752688,1.625675368771677
CT,synonymous,all,PA,39957,20803.541860465117,1.920682558191399
CT,synonymous,all,PB1,28592,14542.29300483942,1.9661273494135405
CT,synonymous,all,PB2,36526,18543.970601140853,1.9696968241393171
CT,synonymous,avian,HA,8312,4278.93018262466,1.9425416272862597
CT,synonymous,avian,MP,6088,3175.98878695209,1.9168833419725289
CT,synonymous,avian,NA,6194,3540.9922491519737,1.749227212085367
CT,synonymous,avian,NP,8772,4280.010026737968,2.049527908859977
CT,synonymous,avian,NS,3969,2351.1923536439667,1.6880796647065877
CT,synonymous,avian,PA,9948,5215.262325581395,1.907478354675285
CT,synonymous,avian,PB1,8464,4215.163660360757,2.007988463080365
CT,synonymous,avian,PB2,8380,4278.787626151821,1.9584986992066846
CT,synonymous,human,HA,34018,20467.464117647058,1.6620525046221855
CT,synonymous,human,MP,8228,4822.2650356778795,1.706252132374422
CT,synonymous,human,NA,24905,13800.26121144132,1.8046759853612135
CT,synonymous,human,NP,17287,8073.308823529412,2.141253404009217
CT,synonymous,human,NS,6300,4178.465949820788,1.5077303669951416
CT,synonymous,human,PA,26345,13756.900930232558,1.9150388691179332
CT,synonymous,human,PB1,17108,8921.564012318522,1.9176009919760695
CT,synonymous,human,PB2,24815,12648.225098727513,1.9619353550638925
GA,nonsense,all,HA,0,4078.557369360152,0.0
GA,nonsense,all,MP,1,775.3934760448522,0.0012896678020826624
GA,nonsense,all,NA,1,5083.763845648168,0.0001967046523720856
GA,nonsense,all,NP,0,1476.4786096256685,0.0
GA,nonsense,all,NS,27,1904.2198327359617,0.014179035180621295
GA,nonsense,all,PA,1,2855.5046511627907,0.0003502007953630157
GA,nonsense,all,PB1,554,2373.5987681478223,0.23340086262022283
GA,nonsense,all,PB2,2,2304.2939885914875,0.0008679448064795374
GA,nonsense,avian,HA,0,670.2891476130105,0.0
GA,nonsense,avian,MP,0,250.88277268093782,0.0
GA,nonsense,avian,NA,1,1039.2479673946775,0.0009622342610945206
GA,nonsense,avian,NP,0,429.66310160427804,0.0
GA,nonsense,avian,NS,11,557.899641577061,0.019716807791640433
GA,nonsense,avian,PA,0,682.5744186046512,0.0
GA,nonsense,avian,PB1,115,683.604927408711,0.16822582077622192
GA,nonsense,avian,PB2,2,524.8771390960948,0.0038104155258966974
GA,nonsense,human,HA,0,2970.2323529411765,0.0
GA,nonsense,human,MP,1,405.6238532110092,0.0024653382489313097
GA,nonsense,human,NA,0,3388.7015780414554,0.0
GA,nonsense,human,NP,0,877.3729946524064,0.0
GA,nonsense,human,NS,12,1053.7933094384707,0.011387432329015618
GA,nonsense,human,PA,1,1937.4553488372094,0.0005161409271187405
GA,nonsense,human,PB1,380,1471.6621205455347,0.2582114431668165
GA,nonsense,human,PB2,0,1592.0877577885037,0.0
GA,nonsynonymous,all,HA,36986,51706.93503995501,0.715300567930011
GA,nonsynonymous,all,MP,11647,23465.06116207951,0.49635498154260194
GA,nonsynonymous,all,NA,26162,43452.93698716493,0.6020766791374239
GA,nonsynonymous,all,NP,14073,36580.34625668449,0.3847147837598278
GA,nonsynonymous,all,NS,20879,22298.341696535244,0.9363476568862614
GA,nonsynonymous,all,PA,22646,41869.29441860465,0.5408736954959822
GA,nonsynonymous,all,PB1,19473,33638.44962604487,0.578891126567345
GA,nonsynonymous,all,PB2,24911,47092.29793769197,0.52898246827878
GA,nonsynonymous,avian,HA,4522,8348.325170158014,0.5416655326465212
GA,nonsynonymous,avian,MP,3232,7676.695208970438,0.42101450064388585
GA,nonsynonymous,avian,NA,4167,8175.366072846436,0.5097019464168369
GA,nonsynonymous,avian,NP,3537,10644.155080213905,0.3322950458110876
GA,nonsynonymous,avian,NS,5765,6908.094384707288,0.8345282619128946
GA,nonsynonymous,avian,PA,4404,9899.401860465116,0.4448753633881756
GA,nonsynonymous,avian,PB1,4214,9226.047514298285,0.4567503032549154
GA,nonsynonymous,avian,PB2,4514,10560.544537077665,0.42744007983220184
GA,nonsynonymous,human,HA,28560,37793.913529411766,0.7556772329961066
GA,nonsynonymous,human,MP,6774,12218.581039755352,0.5544015281283131
GA,nonsynonymous,human,NA,18884,29568.83528229709,0.63864537847745
GA,nonsynonymous,human,NP,8846,21527.35026737968,0.4109191279989676
GA,nonsynonymous,human,NS,12168,12143.243727598567,1.0020386869403903
GA,nonsynonymous,human,PA,16543,28333.23441860465,0.5838726265977333
GA,nonsynonymous,human,PB1,13436,21201.981522217335,0.6337143528740724
GA,nonsynonymous,human,PB2,18264,32464.105748135145,0.562590577473373
GA,synonymous,all,HA,48685,17187.91911196497,2.8325127482191297
GA,synonymous,all,MP,25503,9108.583078491336,2.7998866322273352
GA,synonymous,all,NA,32398,11800.48511788955,2.745480349014177
GA,synonymous,all,NP,37264,10402.822860962568,3.582104636217172
GA,synonymous,all,NS,13121,5267.372759856631,2.4909951503711563
GA,synonymous,all,PA,47499,15426.725116279069,3.0790073487390157
GA,synonymous,all,PB1,36992,10886.529696436428,3.397960693765331
GA,synonymous,all,PB2,53610,16982.598508117597,3.1567607262442605
GA,synonymous,avian,HA,7527,2849.6510993517936,2.641375992209066
GA,synonymous,avian,MP,9756,3223.429153924567,3.026590483033245
GA,synonymous,avian,NA,6192,2430.273660849691,2.5478612140474355
GA,synonymous,avian,NP,11318,3318.907754010695,3.410158051643013
GA,synonymous,avian,NS,4647,1702.557945041816,2.729422521878318
GA,synonymous,avian,PA,10897,3850.0348837209303,2.830363965291767
GA,synonymous,avian,PB1,9228,3213.9586449626045,2.8712254945979154
GA,synonymous,avian,PB2,11569,4144.570864414217,2.791362574912839
GA,synonymous,human,HA,36335,12535.695294117648,2.898522909778298
GA,synonymous,human,MP,11787,4532.862385321101,2.600343667650309
GA,synonymous,human,NA,21822,7873.227929897663,2.771671313761095
GA,synonymous,human,NP,21374,5841.056818181818,3.6592693180911766
GA,synonymous,human,NS,6312,2791.347670250896,2.261273315134068
GA,synonymous,human,PA,32023,10176.25441860465,3.146835631531993
GA,synonymous,human,PB1,24182,6627.399912010559,3.6487914296790773
GA,synonymous,human,PB2,37266,11334.314172882843,3.2878919210796433
GC,nonsynonymous,all,HA,938,65227.038880320775,0.014380539360694448
GC,nonsynonymous,all,MP,253,29565.18144750255,0.008557363344758758
GC,nonsynonymous,all,NA,580,54941.17333568317,0.010556745784373373
GC,nonsynonymous,all,NP,294,43533.05949197861,0.006753488117557471
GC,nonsynonymous,all,NS,325,27357.68219832736,0.011879661355956186
GC,nonsynonymous,all,PA,433,54487.13488372093,0.007946830034723793
GC,nonsynonymous,all,PB1,302,42705.79102507699,0.00707164046727678
GC,nonsynonymous,all,PB2,491,58893.72005265467,0.008337051888741537
GC,nonsynonymous,avian,HA,264,10574.5030910337,0.024965712121626793
GC,nonsynonymous,avian,MP,93,9781.40876656473,0.009507832891913991
GC,nonsynonymous,avian,NA,123,10487.917582517914,0.011727780947194521
GC,nonsynonymous,avian,NP,115,12777.734625668449,0.009000030394197042
GC,nonsynonymous,avian,NS,106,8366.512544802867,0.012669556094294675
GC,nonsynonymous,avian,PA,115,12859.677209302326,0.008942681696303563
GC,nonsynonymous,avian,PB1,98,11919.798064232293,0.008221615791803416
GC,nonsynonymous,avian,PB2,118,13481.942079859587,0.008752448223040353
GC,nonsynonymous,human,HA,549,47645.32941176471,0.01152264045139416
GC,nonsynonymous,human,MP,114,15331.908256880733,0.00743547365989739
GC,nonsynonymous,human,NA,391,37295.247553432164,0.010483909496506814
GC,nonsynonymous,human,NP,123,25530.69318181818,0.00481773053023077
GC,nonsynonymous,human,NS,175,15012.330943847073,0.011657083810274325
GC,nonsynonymous,human,PA,276,36888.60744186046,0.007481984795305682
GC,nonsynonymous,human,PB1,149,26708.61240651122,0.005578724859688918
GC,nonsynonymous,human,PB2,317,40313.2465993857,0.007863420258611236
GC,synonymous,all,HA,267,7746.372640959363,0.03446774540489094
GC,synonymous,all,MP,200,3783.8562691131497,0.05285613030086776
GC,synonymous,all,NA,219,5396.012615019479,0.040585524094296326
GC,synonymous,all,NP,288,4926.588235294118,0.05845830547330213
GC,synonymous,all,NS,77,2112.252090800478,0.036453982143210654
GC,synonymous,all,PA,251,5664.389302325581,0.04431192607064437
GC,synonymous,all,PB1,165,4192.787065552134,0.03935329827637496
GC,synonymous,all,PB2,297,7485.47038174638,0.03967686529416327
GC,synonymous,avian,HA,71,1293.7623260891187,0.05487870420112178
GC,synonymous,avian,MP,63,1369.598369011213,0.04599888655349604
GC,synonymous,avian,NA,65,1156.9701185728902,0.0561812262534289
GC,synonymous,avian,NP,56,1614.9913101604277,0.03467510917717393
GC,synonymous,avian,NS,27,802.0394265232975,0.03366418047182586
GC,synonymous,avian,PA,86,1572.3339534883721,0.05469575964393623
GC,synonymous,avian,PB1,58,1203.8130224373076,0.048180239720758244
GC,synonymous,avian,PB2,74,1748.0504607283897,0.04233287405740288
GC,synonymous,human,HA,168,5654.511764705882,0.029710787949653945
GC,synonymous,human,MP,104,1825.1590214067278,0.05698133630013388
GC,synonymous,human,NA,119,3535.5172368040394,0.033658441475333055
GC,synonymous,human,NP,189,2715.086898395722,0.06961103164384
GC,synonymous,human,NS,35,976.0537634408602,0.035858680444625604
GC,synonymous,human,PA,137,3558.3367441860464,0.03850113405479226
GC,synonymous,human,PB1,73,2592.4311482622084,0.028158896350606765
GC,synonymous,human,PB2,192,5077.2610794207985,0.03781566419308555
GT,nonsense,all,HA,1,9366.817582514503,0.0001067598457203596
GT,nonsense,all,MP,45,4153.126401630989,0.010835210790196005
GT,nonsense,all,NA,2,6709.905509129798,0.0002980667905499877
GT,nonsense,all,NP,2,7142.495320855615,0.0002800141841409587
GT,nonsense,all,NS,104,6287.059737156511,0.01654191376381557
GT,nonsense,all,PA,2,11086.31023255814,0.00018040267303060168
GT,nonsense,all,PB1,8,7332.860976682798,0.001090979363366984
GT,nonsense,all,PB2,2,8267.713909609478,0.0002419048387336457
GT,nonsense,avian,HA,0,1621.9416079328983,0.0
GT,nonsense,avian,MP,8,1351.9337410805301,0.0059174497661446165
GT,nonsense,avian,NA,0,1138.1271869625234,0.0
GT,nonsense,avian,NP,1,2083.773395721925,0.0004798986310378289
GT,nonsense,avian,NS,13,1918.3428912783752,0.006776682134932018
GT,nonsense,avian,PA,0,2509.234418604651,0.0
GT,nonsense,avian,PB1,2,2109.4755829300484,0.000948102939035688
GT,nonsense,avian,PB2,0,1933.1132075471698,0.0
GT,nonsense,human,HA,1,6653.854117647059,0.0001502888374645672
GT,nonsense,human,MP,27,2142.815494393476,0.012600244897726182
GT,nonsense,human,NA,2,4728.880230566384,0.00042293310519316273
GT,nonsense,human,NP,1,4201.196524064171,0.00023802742725127646
GT,nonsense,human,NS,84,3455.4814814814813,0.02430920276961993
GT,nonsense,human,PA,2,7634.223255813954,0.00026197819122945757
GT,nonsense,human,PB1,6,4525.432908051034,0.0013258400073340203
GT,nonsense,human,PB2,2,5586.376919701624,0.00035801379476321175
GT,nonsynonymous,all,HA,6189,55860.22129780627,0.11079440532476109
GT,nonsynonymous,all,MP,2319,25412.05504587156,0.09125590180778176
GT,nonsynonymous,all,NA,4026,48231.267826553376,0.0834728212925706
GT,nonsynonymous,all,NP,2050,36390.564171123,0.056333284374490034
GT,nonsynonymous,all,NS,3039,21070.62246117085,0.14422924645915416
GT,nonsynonymous,all,PA,4336,43400.82465116279,0.09990593577082713
GT,nonsynonymous,all,PB1,2948,35372.93004839419,0.08334056568021933
GT,nonsynonymous,all,PB2,3975,50626.0061430452,0.07851695803869115
GT,nonsynonymous,avian,HA,777,8952.5614831008,0.08679080299718635
GT,nonsynonymous,avian,MP,602,8429.4750254842,0.0714160725525633
GT,nonsynonymous,avian,NA,854,9349.79039555539,0.09133894599455042
GT,nonsynonymous,avian,NP,562,10693.961229946524,0.05255302389036343
GT,nonsynonymous,avian,NS,708,6448.169653524492,0.1097985999194385
GT,nonsynonymous,avian,PA,912,10350.442790697674,0.08811217243958376
GT,nonsynonymous,avian,PB1,813,9810.322481302244,0.08287189351313562
GT,nonsynonymous,avian,PB2,857,11548.828872312417,0.07420665848245471
GT,nonsynonymous,human,HA,4792,40991.47529411765,0.11690235507790228
GT,nonsynonymous,human,MP,1472,13189.092762487258,0.11160737334312323
GT,nonsynonymous,human,NA,2725,32566.367322865783,0.08367528293788848
GT,nonsynonymous,human,NP,1259,21329.49665775401,0.05902624052510446
GT,nonsynonymous,human,NS,2038,11556.849462365592,0.1763456387172528
GT,nonsynonymous,human,PA,3136,29254.38418604651,0.10719760771774443
GT,nonsynonymous,human,PB1,1855,22183.179498460184,0.08362191723367529
GT,nonsynonymous,human,PB2,2833,34726.869679684074,0.08157948084959016
GT,synonymous,all,HA,3744,7746.372640959363,0.4833229917449876
GT,synonymous,all,MP,1880,3783.8562691131497,0.496847624828157
GT,synonymous,all,NA,2574,5396.012615019479,0.4770188996288527
GT,synonymous,all,NP,2602,4926.588235294118,0.5281545515330976
GT,synonymous,all,NS,996,2112.252090800478,0.47153462616412745
GT,synonymous,all,PA,3199,5664.389302325581,0.5647563804780531
GT,synonymous,all,PB1,2458,4192.787065552134,0.5862448918989676
GT,synonymous,all,PB2,4431,7485.47038174638,0.5919467680755469
GT,synonymous,avian,HA,654,1293.7623260891187,0.5055024302469527
GT,synonymous,avian,MP,554,1369.598369011213,0.4044981452482033
GT,synonymous,avian,NA,550,1156.9701185728902,0.47537960675978297
GT,synonymous,avian,NP,727,1614.9913101604277,0.4501572209250973
GT,synonymous,avian,NS,336,802.0394265232975,0.4189320236493884
GT,synonymous,avian,PA,794,1572.3339534883721,0.504981780898667
GT,synonymous,avian,PB1,646,1203.8130224373076,0.5366281872346521
GT,synonymous,avian,PB2,844,1748.0504607283897,0.48282359060064906
GT,synonymous,human,HA,2783,5654.511764705882,0.4921733503802794
GT,synonymous,human,MP,1051,1825.1590214067278,0.5758402351100068
GT,synonymous,human,NA,1711,3535.5172368040394,0.4839461627251669
GT,synonymous,human,NP,1620,2715.086898395722,0.5966659855186286
GT,synonymous,human,NS,496,976.0537634408602,0.5081687285866943
GT,synonymous,human,PA,2084,3558.3367441860464,0.5856668859137742
GT,synonymous,human,PB1,1597,2592.4311482622084,0.6160240749577945
GT,synonymous,human,PB2,3248,5077.2610794207985,0.6397149859330307
TA,nonsense,all,HA,3,6405.018315989688,0.0004683827355357761
TA,nonsense,all,MP,0,1662.1967380224262,0.0
TA,nonsense,all,NA,6,5276.691017022522,0.0011370762435481052
TA,nonsense,all,NP,0,1808.0741978609626,0.0
TA,nonsense,all,NS,0,1680.7670250896058,0.0
TA,nonsense,all,PA,2,4035.0558139534883,0.0004956560930542443
TA,nonsense,all,PB1,79,3410.581610206775,0.023163204704903816
TA,nonsense,all,PB2,1,3525.681878016674,0.0002836330771177055
TA,nonsense,avian,HA,1,993.9722853727501,0.0010060642683060216
TA,nonsense,avian,MP,0,484.4230377166157,0.0
TA,nonsense,avian,NA,2,939.8407541666652,0.0021280200833314077
TA,nonsense,avian,NP,0,425.298128342246,0.0
TA,nonsense,avian,NS,0,404.4862604540024,0.0
TA,nonsense,avian,PA,1,821.6386046511628,0.0012170801059482384
TA,nonsense,avian,PB1,17,908.1148262208535,0.01872009960540563
TA,nonsense,avian,PB2,0,819.3729706011409,0.0
TA,nonsense,human,HA,1,4622.611176470588,0.00021632795011833776
TA,nonsense,human,MP,0,939.5158002038736,0.0
TA,nonsense,human,NA,1,3649.501942893298,0.0002740099924997457
TA,nonsense,human,NP,0,1172.5233957219252,0.0
TA,nonsense,human,NS,0,1017.8960573476702,0.0
TA,nonsense,human,PA,1,2887.9976744186047,0.0003462606666403616
TA,nonsense,human,PB1,53,2173.03959524857,0.024389799484503837
TA,nonsense,human,PB2,1,2397.2413339183854,0.0004171461528929424
TA,nonsynonymous,all,HA,3133,58616.88180218495,0.05344876601544535
TA,nonsynonymous,all,MP,588,21558.029561671763,0.027275220043552175
TA,nonsynonymous,all,NA,2249,48363.035799186655,0.04650245715215881
TA,nonsynonymous,all,NP,752,29628.18983957219,0.02538123334810043
TA,nonsynonymous,all,NS,1231,24094.88769414576,0.05108967576964848
TA,nonsynonymous,all,PA,1695,45867.49581395349,0.0369542738255259
TA,nonsynonymous,all,PB1,1047,35761.9511658601,0.02927692605876358
TA,nonsynonymous,all,PB2,1216,43968.695919262835,0.027656039702266134
TA,nonsynonymous,avian,HA,562,9457.567977465329,0.05942331065862649
TA,nonsynonymous,avian,MP,155,6922.207951070336,0.022391699454223035
TA,nonsynonymous,avian,NA,362,9004.246815587405,0.040203251578281446
TA,nonsynonymous,avian,NP,201,8360.804812834225,0.024040747810719805
TA,nonsynonymous,avian,NS,354,7287.890083632019,0.04857372928758268
TA,nonsynonymous,avian,PA,402,10641.64,0.03777613225029225
TA,nonsynonymous,avian,PB1,229,9664.038715354158,0.023696097123055433
TA,nonsynonymous,avian,PB2,245,9769.278630978499,0.025078617291465318
TA,nonsynonymous,human,HA,2205,42716.236470588236,0.05161971611235524
TA,nonsynonymous,human,MP,363,11333.337410805301,0.032029400241266326
TA,nonsynonymous,human,NA,1619,33038.19863612429,0.04900388237964553
TA,nonsynonymous,human,NP,420,17751.973262032086,0.023659341629265286
TA,nonsynonymous,human,NS,693,13314.854241338113,0.05204713378299476
TA,nonsynonymous,human,PA,1131,31319.307441860466,0.03611190962953219
TA,nonsynonymous,human,PB1,725,22714.029476462823,0.03191859906456816
TA,nonsynonymous,human,PB2,872,30451.055287406758,0.028636117591649492
TA,synonymous,all,HA,2986,12858.49824134315,0.23221996410119614
TA,synonymous,all,MP,1874,6879.771661569826,0.27239276129876533
TA,synonymous,all,NA,2305,11986.20007239711,0.19230448232781958
TA,synonymous,all,NP,2495,7452.536764705882,0.33478533266899846
TA,synonymous,all,NS,963,4596.869772998805,0.20949038096673753
TA,synonymous,all,PA,2042,9494.490697674419,0.21507209444106018
TA,synonymous,all,PB1,1732,6378.625604927409,0.2715318482812428
TA,synonymous,all,PB2,2657,10016.363756033348,0.26526592531142434
TA,synonymous,avian,HA,504,1951.701584403421,0.258236199646299
TA,synonymous,avian,MP,446,2126.451580020387,0.20973908091324797
TA,synonymous,avian,NA,371,2124.255220892332,0.1746494471809064
TA,synonymous,avian,NP,649,2238.6597593582887,0.28990559967274154
TA,synonymous,avian,NS,294,1489.168458781362,0.19742561579674495
TA,synonymous,avian,PA,412,2176.9148837209304,0.18925866283562803
TA,synonymous,avian,PB1,411,1700.6445226572812,0.2416730801318824
TA,synonymous,avian,PB2,446,2071.4383501535763,0.21530932840310385
TA,synonymous,human,HA,2190,9622.184117647059,0.22759905373079967
TA,synonymous,human,MP,1168,3712.2844036697247,0.31463106620963377
TA,synonymous,human,NA,1615,8345.400463401385,0.19351977260798395
TA,synonymous,human,NP,1547,4319.783422459893,0.3581198057191172
TA,synonymous,human,NS,520,2410.8566308243726,0.2156909678292194
TA,synonymous,human,PA,1460,6509.871162790698,0.22427479184920102
TA,synonymous,human,PB1,1169,4066.89793224813,0.28744266993536066
TA,synonymous,human,PB2,1975,7115.5748135147,0.2775601482326991
TC,nonsynonymous,all,HA,8927,46833.721904856124,0.19061051816755933
TC,nonsynonymous,all,MP,3050,17368.986748216106,0.17560034124116378
TC,nonsynonymous,all,NA,9658,38143.33521715674,0.2532028189201417
TC,nonsynonymous,all,NP,2286,23676.173128342245,0.0965527658379672
TC,nonsynonymous,all,NS,6029,22224.516129032258,0.27127699721319093
TC,nonsynonymous,all,PA,5979,38061.65953488372,0.15708721251421562
TC,nonsynonymous,all,PB1,6104,30429.00219973603,0.2005980991401996
TC,nonsynonymous,all,PB2,4191,36673.342255375166,0.11427919415732364
TC,nonsynonymous,avian,HA,1139,7437.809443422697,0.15313648577098532
TC,nonsynonymous,avian,MP,691,5596.169215086647,0.12347732411971055
TC,nonsynonymous,avian,NA,1687,6999.879695359815,0.24100414198808356
TC,nonsynonymous,avian,NP,829,6853.985294117647,0.12095152884431772
TC,nonsynonymous,avian,NS,1577,6687.362007168459,0.2358179500839866
TC,nonsynonymous,avian,PA,1289,8907.746046511627,0.1447055173406955
TC,nonsynonymous,avian,PB1,1694,8294.728552573692,0.20422609242280568
TC,nonsynonymous,avian,PB2,987,8191.7038174638,0.12048775468368692
TC,nonsynonymous,human,HA,6889,34241.39941176471,0.2011892071687078
TC,nonsynonymous,human,MP,1930,9114.507645259939,0.21175032981663136
TC,nonsynonymous,human,NA,6870,26189.35493288849,0.26232032127575167
TC,nonsynonymous,human,NP,1212,13983.739973262032,0.08667209218116438
TC,nonsynonymous,human,NS,3567,12295.216248506571,0.29011283151959716
TC,nonsynonymous,human,PA,4302,25917.07162790698,0.16599097543750635
TC,nonsynonymous,human,PB1,3887,19237.266168059832,0.20205573734035526
TC,nonsynonymous,human,PB2,2894,25335.73541026766,0.11422601132892973
TC,synonymous,all,HA,40173,31046.67645466166,1.2939549281117342
TC,synonymous,all,MP,19561,12731.01121304791,1.5364843901757066
TC,synonymous,all,NA,36971,27482.591671449547,1.345251584784398
TC,synonymous,all,NP,25136,15212.627673796791,1.6523115229656127
TC,synonymous,all,NS,10969,8148.008363201911,1.3462185494971102
TC,synonymous,all,PA,31614,21335.382790697673,1.4817638994405038
TC,synonymous,all,PB1,26786,15122.15618125825,1.771308249890807
TC,synonymous,all,PB2,33147,20837.399297937693,1.5907455400770962
TC,synonymous,avian,HA,6805,4965.432403818802,1.3704748039196804
TC,synonymous,avian,MP,6249,3936.913353720693,1.5872841077627993
TC,synonymous,avian,NA,6956,5068.463095286587,1.372408138172837
TC,synonymous,avian,NP,7283,4170.777406417113,1.7461972410214115
TC,synonymous,avian,NS,3773,2494.1827956989246,1.5127199203307482
TC,synonymous,avian,PA,7326,4732.447441860465,1.548036209593895
TC,synonymous,avian,PB1,7353,3978.0695116586007,1.8483839908906643
TC,synonymous,avian,PB2,7524,4468.386134269416,1.6838294126588902
TC,synonymous,human,HA,29093,22719.632352941175,1.2805224815283491
TC,synonymous,human,MP,10150,6870.62996941896,1.4773026702321987
TC,synonymous,human,NA,25195,18843.74610953048,1.3370483689152068
TC,synonymous,human,NP,14813,9260.540106951872,1.5995827272407044
TC,synonymous,human,NS,5692,4448.390681003584,1.279563871111215
TC,synonymous,human,PA,21537,14800.10465116279,1.4551924130014795
TC,synonymous,human,PB1,16856,9716.700835899692,1.7347451861153513
TC,synonymous,human,PB2,22752,14628.13602457218,1.5553587936139945
TG,nonsense,all,HA,0,2860.1097220996116,0.0
TG,nonsense,all,MP,0,631.3119266055046,0.0
TG,nonsense,all,NA,1,2180.0077657216,0.0004587139622729701
TG,nonsense,all,NP,2,1219.0280748663101,0.0016406513034733334
TG,nonsense,all,NS,1,634.1672640382318,0.0015768710507575387
TG,nonsense,all,PA,1,2055.837674418605,0.0004864197268312062
TG,nonsense,all,PB1,8,1946.443466783986,0.004110060290226672
TG,nonsense,all,PB2,0,1735.1807810443177,0.0
TG,nonsense,avian,HA,0,555.298441212919,0.0
TG,nonsense,avian,MP,0,124.85830784913354,0.0
TG,nonsense,avian,NA,0,411.7701020941621,0.0
TG,nonsense,avian,NP,2,288.4418449197861,0.006933806710868139
TG,nonsense,avian,NS,0,142.55555555555557,0.0
TG,nonsense,avian,PA,0,442.7660465116279,0.0
TG,nonsense,avian,PB1,3,410.4320281566212,0.007309371087519509
TG,nonsense,avian,PB2,0,379.07196138657304,0.0
TG,nonsense,human,HA,0,1905.3282352941176,0.0
TG,nonsense,human,MP,0,421.203873598369,0.0
TG,nonsense,human,NA,0,1454.0333731208466,0.0
TG,nonsense,human,NP,0,779.7266042780749,0.0
TG,nonsense,human,NS,0,389.2054958183991,0.0
TG,nonsense,human,PA,1,1446.1027906976744,0.0006915137751152174
TG,nonsense,human,PB1,3,1356.031676198856,0.002212337700258901
TG,nonsense,human,PB2,0,1208.9284774023695,0.0
TG,nonsynonymous,all,HA,2316,65169.547905263986,0.03553807068550997
TG,nonsynonymous,all,MP,683,23479.213047910296,0.029089560991942553
TG,nonsynonymous,all,NA,2122,53905.56457357731,0.039365138215065335
TG,nonsynonymous,all,NP,564,31166.110294117647,0.018096579736049077
TG,nonsynonymous,all,NS,948,26000.808841099162,0.036460404204868735
TG,nonsynonymous,all,PA,1222,50477.79488372093,0.024208664479400514
TG,nonsynonymous,all,PB1,835,38758.30268367796,0.021543771067963673
TG,nonsynonymous,all,PB2,925,47630.84993418166,0.01942018673356038
TG,nonsynonymous,avian,HA,419,10353.27680881822,0.040470278901760276
TG,nonsynonymous,avian,MP,194,7566.122324159021,0.02564061109355157
TG,nonsynonymous,avian,NA,365,9971.76866721084,0.03660333609625268
TG,nonsynonymous,avian,NP,161,8811.625668449198,0.01827131633342922
TG,nonsynonymous,avian,NS,272,7822.655913978495,0.03477079945622516
TG,nonsynonymous,avian,PA,265,11641.885581395349,0.02276263566990307
TG,nonsynonymous,avian,PB1,218,10554.303563572372,0.020655081473344734
TG,nonsynonymous,avian,PB2,214,10598.821412900395,0.02019092422290738
TG,nonsynonymous,human,HA,1640,47690.11352941176,0.03438867888180992
TG,nonsynonymous,human,MP,402,12320.703363914374,0.032628007356901564
TG,nonsynonymous,human,NA,1511,36925.544035619365,0.04092018247699882
TG,nonsynonymous,human,NP,314,18642.51270053476,0.016843223069977736
TG,nonsynonymous,human,NS,544,14420.878136200718,0.03772308418822272
TG,nonsynonymous,human,PA,861,34571.7111627907,0.024904755102972412
TG,nonsynonymous,human,PB1,541,24534.603167619887,0.022050489111395018
TG,nonsynonymous,human,PB2,625,32966.04914436156,0.018958899116574866
TG,synonymous,all,HA,1705,9850.740732154189,0.17308343061295306
TG,synonymous,all,MP,1107,5989.4729867482165,0.18482427459799072
TG,synonymous,all,NA,1604,9540.354549307383,0.1681279235179418
TG,synonymous,all,NP,1355,6503.66243315508,0.20834414669069126
TG,synonymous,all,NS,560,3737.548387096774,0.1498308361527308
TG,synonymous,all,PA,1026,6863.409767441861,0.1494883789202072
TG,synonymous,all,PB1,1098,4846.412230532336,0.2265593490134029
TG,synonymous,all,PB2,1572,8144.71083808688,0.19300869377079674
TG,synonymous,avian,HA,282,1494.6665972103608,0.18867083838383997
TG,synonymous,avian,MP,310,1842.1019367991844,0.16828601816610242
TG,synonymous,avian,NA,273,1684.8040213414017,0.16203665028211636
TG,synonymous,avian,NP,348,1924.6951871657755,0.18080785067709867
TG,synonymous,avian,NS,175,1216.3333333333333,0.14387503425596054
TG,synonymous,avian,PA,235,1555.5418604651163,0.1510727586139878
TG,synonymous,avian,PB1,293,1308.0624725032997,0.22399541777180745
TG,synonymous,avian,PB2,321,1682.1965774462483,0.1908219314578037
TG,synonymous,human,HA,1235,7365.59,0.16767156466759622
TG,synonymous,human,MP,642,3243.230377166157,0.19795078527876933
TG,synonymous,human,NA,1071,6653.523633678759,0.1609673398586607
TG,synonymous,human,NP,845,3822.0407754010694,0.22108607669454525
TG,synonymous,human,NS,296,1933.5232974910393,0.1530884062188921
TG,synonymous,human,PA,692,4699.362325581395,0.14725402130264284
TG,synonymous,human,PB1,720,3063.332160140783,0.23503817488956558
TG,synonymous,human,PB2,1138,5788.893813075911,0.19658332606300258
