mut_type,mut_class,host,segment,actual_count,evo_opp,rate
AC,nonsynonymous,all,HA,5589,58888.84902868329,0.09490761141006063
AC,nonsynonymous,all,MP,555,13212.53217568948,0.04200557414885069
AC,nonsynonymous,all,NA,2776,32073.692987027644,0.08655068192873101
AC,nonsynonymous,all,NP,1621,35378.621820615794,0.04581863047744309
AC,nonsynonymous,all,NS,1985,10892.825149700599,0.18223004342032975
AC,nonsynonymous,all,PA,3805,50380.88314711359,0.075524678455701
AC,nonsynonymous,all,PB1,1894,43548.849405548215,0.043491390148156256
AC,nonsynonymous,all,PB2,2603,54553.395256917,0.047714720371505336
AC,nonsynonymous,avian,HA,826,10875.914289328432,0.07594763787449856
AC,nonsynonymous,avian,MP,157,4368.226762002043,0.03594135757000945
AC,nonsynonymous,avian,NA,491,6132.175799385545,0.08006945920389286
AC,nonsynonymous,avian,NP,337,9733.706157965195,0.03462196151506272
AC,nonsynonymous,avian,NS,580,3518.134131736527,0.1648601156982369
AC,nonsynonymous,avian,PA,828,12155.315642458101,0.06811834627377543
AC,nonsynonymous,avian,PB1,614,12403.73712021136,0.04950121032471038
AC,nonsynonymous,avian,PB2,751,11959.79797979798,0.06279370280907416
AC,nonsynonymous,human,HA,4142,42730.75812634938,0.09693251843912146
AC,nonsynonymous,human,MP,323,6722.997957099081,0.048044042562727755
AC,nonsynonymous,human,NA,1952,21948.255544381667,0.08893645310684724
AC,nonsynonymous,human,NP,1142,21803.12784471218,0.05237780597965738
AC,nonsynonymous,human,NS,1137,5686.471856287425,0.19994823305822582
AC,nonsynonymous,human,PA,2720,34270.39292364991,0.0793688011123717
AC,nonsynonymous,human,PB1,1101,27340.166006164683,0.040270421172707786
AC,nonsynonymous,human,PB2,1647,38514.82872200263,0.04276275020948248
AC,nonsynonymous,swine,HA,431,3890.301531213192,0.11078832747074813
AC,nonsynonymous,swine,MP,37,1479.3227783452503,0.025011444791911933
AC,nonsynonymous,swine,NA,250,3103.7398501513826,0.08054798793391348
AC,nonsynonymous,swine,NP,101,2563.0522088353414,0.03940614227514885
AC,nonsynonymous,swine,NS,152,1147.231137724551,0.13249291707814076
AC,nonsynonymous,swine,PA,130,2411.2374301675977,0.05391422610379937
AC,nonsynonymous,swine,PB1,94,2298.556142668428,0.04089523777777906
AC,nonsynonymous,swine,PB2,99,2606.014492753623,0.03798904429552596
AC,synonymous,all,HA,4019,16367.061421088367,0.24555415884379
AC,synonymous,all,MP,1059,3369.0459652706845,0.3143323097745017
AC,synonymous,all,NA,2321,9555.081649964828,0.24290739577390671
AC,synonymous,all,NP,2922,12979.260374832664,0.22512839064896809
AC,synonymous,all,NS,650,2126.7640718562875,0.30562863488316566
AC,synonymous,all,PA,3118,11827.588454376164,0.2636209411603556
AC,synonymous,all,PB1,2932,13144.979304271246,0.2230509407532726
AC,synonymous,all,PB2,4019,18323.079490557753,0.2193408592737411
AC,synonymous,avian,HA,725,2881.9280461331,0.2515676964845764
AC,synonymous,avian,MP,387,1129.114402451481,0.3427464915510452
AC,synonymous,avian,NA,483,1915.5766822858757,0.2521433907953147
AC,synonymous,avian,NP,794,3672.6639892904955,0.21619184393543966
AC,synonymous,avian,NS,238,673.7281437125748,0.3532582128579377
AC,synonymous,avian,PA,855,2700.372905027933,0.3166229369314294
AC,synonymous,avian,PB1,985,3745.3086745926903,0.26299567955026315
AC,synonymous,avian,PB2,1055,4175.297321036452,0.2526766165093395
AC,synonymous,human,HA,2916,12009.881393217966,0.24280006642252758
AC,synonymous,human,MP,542,1713.1164453524004,0.3163824627744477
AC,synonymous,human,NA,1549,6460.079621392015,0.23978032637099636
AC,synonymous,human,NP,1799,7855.578313253012,0.22900923754587715
AC,synonymous,human,NS,311,1139.5640718562875,0.27291137697365103
AC,synonymous,human,PA,2006,8228.246741154562,0.24379434199107697
AC,synonymous,human,PB1,1670,8239.350506384852,0.20268587902722196
AC,synonymous,human,PB2,2643,12705.892402283707,0.2080137243665748
AC,synonymous,swine,HA,261,1089.2573616018847,0.23961279418499218
AC,synonymous,swine,MP,85,358.17977528089887,0.2373109981805634
AC,synonymous,swine,NA,209,890.746085494491,0.23463476674609826
AC,synonymous,swine,NP,209,964.5087014725569,0.21669063190504212
AC,synonymous,swine,NS,63,206.9065868263473,0.3044852315546372
AC,synonymous,swine,PA,157,546.3356610800745,0.28736912338766235
AC,synonymous,swine,PB1,160,704.9775429326288,0.22695758411596723
AC,synonymous,swine,PB2,186,923.6807202459377,0.20136828226800702
AG,nonsynonymous,all,HA,33937,53517.78818573988,0.6341256085213683
AG,nonsynonymous,all,MP,4341,12782.88253319714,0.33959476579139525
AG,nonsynonymous,all,NA,20913,30586.58887270315,0.683731032807771
AG,nonsynonymous,all,NP,9481,32681.036144578313,0.2901070810012512
AG,nonsynonymous,all,NS,14066,10438.986826347305,1.3474487739076704
AG,nonsynonymous,all,PA,25159,45807.65409683427,0.5492313565504923
AG,nonsynonymous,all,PB1,15279,40256.21532364597,0.3795438760738473
AG,nonsynonymous,all,PB2,21236,49759.463768115944,0.42677308780821827
AG,nonsynonymous,avian,HA,4540,9992.559860784258,0.4543380338222644
AG,nonsynonymous,avian,MP,1292,4260.397344228805,0.30325809909494983
AG,nonsynonymous,avian,NA,4174,5857.956416689679,0.71253517491322
AG,nonsynonymous,avian,NP,2590,9252.446452476574,0.27992596480325943
AG,nonsynonymous,avian,NS,3990,3360.3556886227543,1.1873743049014274
AG,nonsynonymous,avian,PA,5798,11039.27886405959,0.5252154666439725
AG,nonsynonymous,avian,PB1,4537,11537.952884191986,0.3932240013058201
AG,nonsynonymous,avian,PB2,5199,11054.448836187967,0.47030838688044724
AG,nonsynonymous,human,HA,25871,38753.89644290952,0.6675715831080877
AG,nonsynonymous,human,MP,2447,6508.73646578141,0.37595622635279397
AG,nonsynonymous,human,NA,14381,20961.506890124918,0.6860670883721136
AG,nonsynonymous,human,NP,5837,19860.196117804553,0.29390444914927916
AG,nonsynonymous,human,NS,8133,5461.845508982036,1.48905713034637
AG,nonsynonymous,human,PA,17542,31149.478584729983,0.5631554939927436
AG,nonsynonymous,human,PB1,9435,25188.966094231615,0.3745687681147285
AG,nonsynonymous,human,PB2,14541,34949.69565217391,0.4160551251923572
AG,nonsynonymous,swine,HA,2545,3493.8256772673735,0.728427871075274
AG,nonsynonymous,swine,MP,390,1393.2124616956078,0.27992859001946546
AG,nonsynonymous,swine,NA,1690,2912.7213225878163,0.5802134199706116
AG,nonsynonymous,swine,NP,649,2352.2764390896923,0.27590294627580275
AG,nonsynonymous,swine,NS,1270,1101.8119760479042,1.1526467560784468
AG,nonsynonymous,swine,PA,974,2213.040968342644,0.4401183773517906
AG,nonsynonymous,swine,PB1,691,2124.4051078819903,0.3252675289831702
AG,nonsynonymous,swine,PB2,747,2392.3539745278877,0.3122447630883781
AG,synonymous,all,HA,43610,21738.122264031776,2.0061530370614284
AG,synonymous,all,MP,10075,3798.6956077630234,2.6522261955948
AG,synonymous,all,NA,24936,11042.185764289325,2.2582485508117043
AG,synonymous,all,NP,34756,15676.846050870146,2.217027576032799
AG,synonymous,all,NS,7463,2580.6023952095807,2.8919604251525546
AG,synonymous,all,PA,40441,16400.817504655493,2.46579171974327
AG,synonymous,all,PB1,35689,16437.613386173492,2.1711789395180583
AG,synonymous,all,PB2,49337,23117.010979358805,2.1342292065376895
AG,synonymous,avian,HA,7953,3765.2824746772744,2.1121921272803466
AG,synonymous,avian,MP,3805,1236.943820224719,3.07613000508684
AG,synonymous,avian,NA,5256,2189.7960649817423,2.400223511244561
AG,synonymous,avian,NP,9773,4153.923694779117,2.3527153405064354
AG,synonymous,avian,NS,2396,831.5065868263473,2.8815165603737825
AG,synonymous,avian,PA,10078,3816.4096834264433,2.6407018208149458
AG,synonymous,avian,PB1,11024,4611.092910612065,2.3907564244973547
AG,synonymous,avian,PB2,11715,5080.646464646465,2.3058089322920807
AG,synonymous,human,HA,31607,15986.743076657827,1.9770756212470344
AG,synonymous,human,MP,4530,1927.3779366700714,2.350343393380582
AG,synonymous,human,NA,16421,7446.828275648763,2.205099861601067
AG,synonymous,human,NP,21157,9798.510040160643,2.1592058295888767
AG,synonymous,human,NS,3971,1364.1904191616766,2.910883953019009
AG,synonymous,human,PA,27332,11349.161080074487,2.4082837319126864
AG,synonymous,human,PB1,21503,10390.550418317922,2.0694765083947324
AG,synonymous,human,PB2,33753,16271.02547211243,2.074423646982216
AG,synonymous,swine,HA,2985,1485.7332155477031,2.009109016856438
AG,synonymous,swine,MP,1170,444.2900919305414,2.633414566856722
AG,synonymous,swine,NA,2483,1081.7646130580576,2.2953237423627377
AG,synonymous,swine,NP,2533,1175.2844712182061,2.1552228945682352
AG,synonymous,swine,NS,696,252.325748502994,2.758339187059784
AG,synonymous,swine,PA,1751,744.5321229050279,2.3518125627245188
AG,synonymous,swine,PB1,1884,879.1285777190665,2.143031233142383
AG,synonymous,swine,PB2,2504,1137.3412384716733,2.2016259635189206
AT,nonsense,all,HA,5,6704.581888000559,0.0007457586593056141
AT,nonsense,all,MP,35,1600.5158324821246,0.021867949875710398
AT,nonsense,all,NA,5,3516.695356108731,0.0014217893487175884
AT,nonsense,all,NP,0,4781.625167336011,0.0
AT,nonsense,all,NS,49,1703.6610778443114,0.02876158916655009
AT,nonsense,all,PA,37,7101.031657355679,0.005210510498382746
AT,nonsense,all,PB1,9,5395.657419638926,0.0016680080479613316
AT,nonsense,all,PB2,1,7186.056653491436,0.00013915837965376148
AT,nonsense,avian,HA,4,1183.7766935831717,0.003379015672197775
AT,nonsense,avian,MP,1,494.87640449438203,0.0020207065661611116
AT,nonsense,avian,NA,3,625.5900111277703,0.004795472988118541
AT,nonsense,avian,NP,0,1348.194779116466,0.0
AT,nonsense,avian,NS,12,561.8491017964072,0.02135804784884811
AT,nonsense,avian,PA,4,1701.398975791434,0.0023510064699194576
AT,nonsense,avian,PB1,6,1473.4711580801409,0.004072017268269913
AT,nonsense,avian,PB2,1,1528.0065876152833,0.0006544474402827489
AT,nonsense,human,HA,1,4934.655158868405,0.00020264840557355498
AT,nonsense,human,MP,34,842.3227783452503,0.04036457385943339
AT,nonsense,human,NA,2,2461.8771532789237,0.00081238822064547
AT,nonsense,human,NP,0,2897.0153949129854,0.0
AT,nonsense,human,NS,29,879.1413173652695,0.03298673310783658
AT,nonsense,human,PA,30,4848.959497206704,0.006186894325943912
AT,nonsense,human,PB1,3,3455.69749009247,0.0008681315446739882
AT,nonsense,human,PB2,0,5133.988581466842,0.0
AT,nonsense,swine,HA,0,426.2868080094228,0.0
AT,nonsense,swine,MP,0,188.2829417773238,0.0
AT,nonsense,swine,NA,0,335.4904927846607,0.0
AT,nonsense,swine,NP,0,355.4109772423025,0.0
AT,nonsense,swine,NS,5,175.325748502994,0.028518343955135694
AT,nonsense,swine,PA,2,330.6070763500931,0.006049477289113194
AT,nonsense,swine,PB1,0,280.45046235138705,0.0
AT,nonsense,swine,PB2,0,330.8787878787879,0.0
AT,nonsynonymous,all,HA,4093,54905.83173333286,0.07454581545870972
AT,nonsynonymous,all,MP,504,12618.081716036771,0.03994267998434725
AT,nonsynonymous,all,NA,1996,30209.876869157644,0.06607110676567465
AT,nonsynonymous,all,NP,900,34683.687416331995,0.025948798038590452
AT,nonsynonymous,all,NS,1458,9624.17125748503,0.1514935635487644
AT,nonsynonymous,all,PA,2655,45898.63081936685,0.05784486274653158
AT,nonsynonymous,all,PB1,1417,41002.60501981506,0.0345587798461882
AT,nonsynonymous,all,PB2,2216,52063.78436539306,0.04256317567020697
AT,nonsynonymous,avian,HA,751,10222.570770796747,0.07346488636160033
AT,nonsynonymous,avian,MP,90,4208.568947906027,0.021384941321866545
AT,nonsynonymous,avian,NA,330,5871.800969486959,0.05620081499949637
AT,nonsynonymous,avian,NP,214,9741.263721552878,0.021968402264535527
AT,nonsynonymous,avian,NS,371,3103.25748502994,0.11955179413558092
AT,nonsynonymous,avian,PA,521,11026.814245810056,0.04724846074177484
AT,nonsynonymous,avian,PB1,414,11728.172170849846,0.03529961821578552
AT,nonsynonymous,avian,PB2,439,11410.622749231445,0.03847292208740917
AT,nonsynonymous,human,HA,2901,39747.73034964794,0.07298529939900568
AT,nonsynonymous,human,MP,359,6405.124616956077,0.0560488704700032
AT,nonsynonymous,human,NA,1419,20555.165968249792,0.06903374082173969
AT,nonsynonymous,human,NP,574,21176.014725568944,0.02710613906529469
AT,nonsynonymous,human,NS,933,5029.674251497006,0.18549909066622094
AT,nonsynonymous,human,PA,1936,31266.78165735568,0.06191874882474658
AT,nonsynonymous,human,PB1,896,25685.397622192868,0.03488363361857525
AT,nonsynonymous,human,PB2,1611,36753.001756697406,0.043833154381911994
AT,nonsynonymous,swine,HA,309,3633.4234393404004,0.08504376248976223
AT,nonsynonymous,swine,MP,35,1390.1031664964248,0.02517798739226886
AT,nonsynonymous,swine,NA,186,2933.784097135468,0.06339934836432219
AT,nonsynonymous,swine,NP,70,2495.8828647925034,0.02804618797918607
AT,nonsynonymous,swine,NS,86,1016.3173652694611,0.08461923700103108
AT,nonsynonymous,swine,PA,116,2202.5535381750465,0.0526661431785732
AT,nonsynonymous,swine,PB1,60,2168.9092910612067,0.02766367420125861
AT,nonsynonymous,swine,PB2,93,2495.847167325428,0.03726189696930026
AT,synonymous,all,HA,4687,13645.496828438238,0.34348327942387125
AT,synonymous,all,MP,1155,2362.9805924412667,0.4887894567118448
AT,synonymous,all,NA,3157,7902.202411726097,0.3995088755655411
AT,synonymous,all,NP,3400,8892.569611780455,0.3823416794506552
AT,synonymous,all,NS,717,1691.756886227545,0.42381976147816425
AT,synonymous,all,PA,3206,9208.809124767226,0.34814490739930926
AT,synonymous,all,PB1,3096,10295.566270365478,0.3007119685015729
AT,synonymous,all,PB2,4208,13626.63372859025,0.30880700867237154
AT,synonymous,avian,HA,831,2351.4948710816134,0.35339222305756773
AT,synonymous,avian,MP,374,793.8958120531154,0.4710945621854189
AT,synonymous,avian,NA,556,1550.3615010566923,0.358626036328329
AT,synonymous,avian,NP,799,2316.9116465863453,0.34485561897762396
AT,synonymous,avian,NS,246,526.7556886227545,0.4670096694032616
AT,synonymous,avian,PA,648,2127.475325884544,0.30458637621594037
AT,synonymous,avian,PB1,895,2947.402465874064,0.3036572067651386
AT,synonymous,avian,PB2,892,3196.465963987703,0.27905818802687915
AT,synonymous,human,HA,3431,10058.254011050994,0.34111288064810885
AT,synonymous,human,MP,616,1188.6670071501533,0.5182275576714029
AT,synonymous,human,NA,2233,5391.292044244964,0.41418642909238385
AT,synonymous,human,NP,2232,5585.676037483267,0.39959352905931694
AT,synonymous,human,NS,377,917.2203592814371,0.4110244568659018
AT,synonymous,human,PA,2315,6382.898510242086,0.36268789113367844
AT,synonymous,human,PB1,1928,6438.421400264201,0.2994522849841553
AT,synonymous,human,PB2,3007,9333.73078612209,0.322164852287252
AT,synonymous,swine,HA,322,919.8486454652532,0.35005759000398873
AT,synonymous,swine,MP,110,259.11644535240043,0.4245195624322459
AT,synonymous,swine,NA,287,725.2113457257451,0.3957467043111257
AT,synonymous,swine,NP,270,676.2670682730924,0.39925055154536626
AT,synonymous,swine,NS,57,162.4946107784431,0.35078086422027815
AT,synonymous,swine,PA,152,424.4124767225326,0.3581421573036666
AT,synonymous,swine,PB1,152,554.1739321884633,0.27428211825075144
AT,synonymous,swine,PB2,216,702.9692577953448,0.3072680598827609
CA,nonsense,all,HA,4,4403.450236045247,0.000908378608950152
CA,nonsense,all,MP,0,929.073544433095,0.0
CA,nonsense,all,NA,0,3037.718952008466,0.0
CA,nonsense,all,NP,0,1903.1124497991968,0.0
CA,nonsense,all,NS,17,894.1197604790419,0.019013112953562197
CA,nonsense,all,PA,48,3032.7583798882683,0.01582717578766311
CA,nonsense,all,PB1,25,2526.431968295905,0.009895378270115331
CA,nonsense,all,PB2,0,3183.2463768115945,0.0
CA,nonsense,avian,HA,0,744.8296075333035,0.0
CA,nonsense,avian,MP,0,339.8723186925434,0.0
CA,nonsense,avian,NA,0,662.0421486835115,0.0
CA,nonsense,avian,NP,0,515.1385542168674,0.0
CA,nonsense,avian,NS,10,273.2299401197605,0.03659921015836281
CA,nonsense,avian,PA,2,739.2672253258845,0.0027053816691499587
CA,nonsense,avian,PB1,1,759.4398943196829,0.00131675990092121
CA,nonsense,avian,PB2,0,646.33069828722,0.0
CA,nonsense,human,HA,3,3264.9273465291158,0.0009188565874794258
CA,nonsense,human,MP,0,420.55873340143006,0.0
CA,nonsense,human,NA,0,1983.3185833724117,0.0
CA,nonsense,human,NP,0,1198.9812583668006,0.0
CA,nonsense,human,NS,7,493.0023952095808,0.014198713977899078
CA,nonsense,human,PA,44,2064.1396648044692,0.02131638704019963
CA,nonsense,human,PB1,24,1542.477763099956,0.015559381518581248
CA,nonsense,human,PB2,0,2311.804128238911,0.0
CA,nonsense,swine,HA,0,300.66548881036516,0.0
CA,nonsense,swine,MP,0,118.70990806945863,0.0
CA,nonsense,swine,NA,0,298.7120893330703,0.0
CA,nonsense,swine,NP,0,124.36813922356092,0.0
CA,nonsense,swine,NS,0,86.62874251497006,0.0
CA,nonsense,swine,PA,1,136.23603351955308,0.007340201958070634
CA,nonsense,swine,PB1,0,134.184059885513,0.0
CA,nonsense,swine,PB2,0,146.7316644707949,0.0
CA,nonsynonymous,all,HA,11134,30342.587726447022,0.36694299445974576
CA,nonsynonymous,all,MP,1425,8645.281920326865,0.16482978960460817
CA,nonsynonymous,all,NA,4504,17104.091037612663,0.26332881356252735
CA,nonsynonymous,all,NP,2099,20579.67202141901,0.101993850913435
CA,nonsynonymous,all,NS,4454,5917.289820359281,0.7527094557165979
CA,nonsynonymous,all,PA,7478,26566.68761638734,0.2814803301028498
CA,nonsynonymous,all,PB1,3025,23315.35446939674,0.12974282694138548
CA,nonsynonymous,all,PB2,4747,29464.66578831796,0.16110822481760756
CA,nonsynonymous,avian,HA,1401,5498.215133853771,0.2548099639415202
CA,nonsynonymous,avian,MP,321,2922.3738508682327,0.10984220923843518
CA,nonsynonymous,avian,NA,850,3411.172656139557,0.2491811718970419
CA,nonsynonymous,avian,NP,595,6192.243641231593,0.09608795042206363
CA,nonsynonymous,avian,NS,1288,2024.3808383233534,0.6362439199270213
CA,nonsynonymous,avian,PA,1787,6668.60800744879,0.26797196626401387
CA,nonsynonymous,avian,PB1,977,6913.372082782915,0.14132032650652843
CA,nonsynonymous,avian,PB2,1113,6730.189723320158,0.16537423843245408
CA,nonsynonymous,human,HA,8671,22179.92878472247,0.39093903700775556
CA,nonsynonymous,human,MP,940,4358.773237997957,0.21565700913400915
CA,nonsynonymous,human,NA,3177,11617.6966185065,0.27346212457804875
CA,nonsynonymous,human,NP,1311,12109.354752342704,0.10826340682986192
CA,nonsynonymous,human,NS,2482,2951.356886227545,0.8409691188423227
CA,nonsynonymous,human,PA,5152,17752.506052141525,0.2902125471675872
CA,nonsynonymous,human,PB1,1808,14342.191545574637,0.12606162693161552
CA,nonsynonymous,human,PB2,3319,20450.119455423803,0.16229734047444555
CA,nonsynonymous,swine,HA,767,1951.1843345111897,0.39309458693053145
CA,nonsynonymous,swine,MP,122,936.7640449438202,0.13023557069519742
CA,nonsynonymous,swine,NA,336,1584.032433803293,0.2121168688404046
CA,nonsynonymous,swine,NP,100,1469.9511378848729,0.06802947215231316
CA,nonsynonymous,swine,NS,446,641.6215568862275,0.6951138022301281
CA,nonsynonymous,swine,PA,323,1300.8114525139665,0.2483065469448056
CA,nonsynonymous,swine,PB1,120,1221.3390576838397,0.0982528146013518
CA,nonsynonymous,swine,PB2,169,1447.915239350022,0.11671953951936105
CA,synonymous,all,HA,7613,5980.375880074321,1.2729969073290741
CA,synonymous,all,MP,2532,1821.7517875383044,1.3898710116933324
CA,synonymous,all,NA,5870,4611.825311126551,1.2728149060281966
CA,synonymous,all,NP,7822,5846.675368139224,1.337854337291425
CA,synonymous,all,NS,2116,1150.059880239521,1.8399041966052276
CA,synonymous,all,PA,7810,5469.8533519553075,1.4278262135141448
CA,synonymous,all,PB1,5989,4832.119771025979,1.2394146428055914
CA,synonymous,all,PB2,9335,7222.115502854634,1.2925575610512212
CA,synonymous,avian,HA,1251,1180.6800022455107,1.0595588962468656
CA,synonymous,avian,MP,902,672.4770173646579,1.341309779678137
CA,synonymous,avian,NA,982,827.087147674197,1.1872993103101943
CA,synonymous,avian,NP,1962,1698.425702811245,1.1551874166485383
CA,synonymous,avian,NS,601,349.95329341317364,1.7173720359603164
CA,synonymous,avian,PA,1999,1439.5554003724394,1.388623181492579
CA,synonymous,avian,PB1,1728,1502.9260237780713,1.149757188751137
CA,synonymous,avian,PB2,2034,1713.9306104523496,1.1867458271622653
CA,synonymous,human,HA,5684,4263.644748111757,1.3331317067439254
CA,synonymous,human,MP,1258,860.6976506639428,1.461605011968579
CA,synonymous,human,NA,4226,3240.873809841957,1.3039693144380968
CA,synonymous,human,NP,5078,3517.9698795180725,1.4434461277126216
CA,synonymous,human,NS,1185,622.4239520958083,1.9038470418914657
CA,synonymous,human,PA,5134,3571.868715083799,1.4373428615445492
CA,synonymous,human,PB1,3725,2885.3245266402464,1.291015955261537
CA,synonymous,human,PB2,6641,4960.989020641195,1.3386443655425926
CA,synonymous,swine,HA,518,385.50765606595996,1.3436827825576847
CA,synonymous,swine,MP,270,194.32073544433095,1.389455424726661
CA,synonymous,swine,NA,536,424.7153659017687,1.2620216809484828
CA,synonymous,swine,NP,536,414.1773761713521,1.2941315263396904
CA,synonymous,swine,NS,231,124.18323353293412,1.86015449451747
CA,synonymous,swine,PA,417,274.3235567970205,1.52010277523687
CA,synonymous,swine,PB1,295,252.50506384852488,1.1682934017393305
CA,synonymous,swine,PB2,424,339.1941150636803,1.2500216871993735
CG,nonsense,all,HA,0,3536.3611793849077,0.0
CG,nonsense,all,MP,0,585.5025536261492,0.0
CG,nonsense,all,NA,0,1819.3119549308842,0.0
CG,nonsense,all,NP,0,1318.2289156626507,0.0
CG,nonsense,all,NS,0,625.4095808383233,0.0
CG,nonsense,all,PA,0,1799.832402234637,0.0
CG,nonsense,all,PB1,7,1954.6336415675914,0.003581233767360153
CG,nonsense,all,PB2,0,2397.482213438735,0.0
CG,nonsense,avian,HA,0,587.3570253973784,0.0
CG,nonsense,avian,MP,0,230.16751787538306,0.0
CG,nonsense,avian,NA,0,389.5603107175041,0.0
CG,nonsense,avian,NP,0,347.8721552878179,0.0
CG,nonsense,avian,NS,0,204.17245508982035,0.0
CG,nonsense,avian,PA,0,379.8482309124767,0.0
CG,nonsense,avian,PB1,0,590.0044033465434,0.0
CG,nonsense,avian,PB2,0,476.4861660079051,0.0
CG,nonsense,human,HA,0,2633.5125201147994,0.0
CG,nonsense,human,MP,0,244.03166496424925,0.0
CG,nonsense,human,NA,0,1199.4127630926482,0.0
CG,nonsense,human,NP,0,839.4076305220883,0.0
CG,nonsense,human,NS,0,325.7461077844311,0.0
CG,nonsense,human,PA,0,1301.6722532588456,0.0
CG,nonsense,human,PB1,7,1191.7261118450022,0.00587383286346119
CG,nonsense,human,PB2,0,1748.8190601668862,0.0
CG,nonsense,swine,HA,0,244.90047114252062,0.0
CG,nonsense,swine,MP,0,78.27681307456588,0.0
CG,nonsense,swine,NA,0,174.18448349817933,0.0
CG,nonsense,swine,NP,0,87.74966532797858,0.0
CG,nonsense,swine,NS,0,65.65868263473054,0.0
CG,nonsense,swine,PA,0,68.37709497206704,0.0
CG,nonsense,swine,PB1,0,103.07837956847204,0.0
CG,nonsense,swine,PB2,0,112.62845849802372,0.0
CG,nonsynonymous,all,HA,876,32953.08407642557,0.026583247806741248
CG,nonsynonymous,all,MP,128,9171.277834525026,0.013956615676623325
CG,nonsynonymous,all,NA,428,19243.926276342485,0.022240783603820063
CG,nonsynonymous,all,NP,329,23280.22556894244,0.014132165473469922
CG,nonsynonymous,all,NS,248,6665.416766467066,0.03720697575096265
CG,nonsynonymous,all,PA,565,29111.2895716946,0.019408277967505744
CG,nonsynonymous,all,PB1,340,25083.43769264641,0.01355476088110826
CG,nonsynonymous,all,PB2,423,31787.036451471235,0.013307311634596305
CG,nonsynonymous,avian,HA,218,5908.3102256353195,0.036897182387974306
CG,nonsynonymous,avian,MP,39,3111.9223697650664,0.012532446303583175
CG,nonsynonymous,avian,NA,123,3859.2826140521433,0.03187120827900533
CG,nonsynonymous,avian,NP,110,6950.686746987952,0.015825774344911746
CG,nonsynonymous,avian,NS,84,2234.307784431138,0.03759553656184691
CG,nonsynonymous,avian,PA,160,7397.575418994414,0.021628708183112993
CG,nonsynonymous,avian,PB1,120,7461.440334654338,0.01608268573061761
CG,nonsynonymous,avian,PB2,119,7327.411506368028,0.016240387194929717
CG,nonsynonymous,human,HA,553,24186.089557545507,0.022864382383281
CG,nonsynonymous,human,MP,71,4601.291113381001,0.015430451638568382
CG,nonsynonymous,human,NA,234,13036.789275500732,0.017949204750876996
CG,nonsynonymous,human,NP,188,13778.515394912985,0.013644430812147543
CG,nonsynonymous,human,NS,111,3381.8467065868263,0.03282230379745042
CG,nonsynonymous,human,PA,335,19333.758845437616,0.01732720484816916
CG,nonsynonymous,human,PB1,182,15403.831351827388,0.01181524231491985
CG,nonsynonymous,human,PB2,265,21994.89898989899,0.01204824810160299
CG,nonsynonymous,swine,HA,80,2086.2349823321556,0.03834659119298718
CG,nonsynonymous,swine,MP,13,1001.3758937691522,0.012982137957274311
CG,nonsynonymous,swine,NA,48,1791.543074432745,0.026792545870100392
CG,nonsynonymous,swine,NP,17,1647.7182061579651,0.010317298149930272
CG,nonsynonymous,swine,NS,34,716.3532934131737,0.047462614205348114
CG,nonsynonymous,swine,PA,35,1443.2374301675977,0.024251034007575303
CG,nonsynonymous,swine,PB1,20,1307.3848524878908,0.015297714335561527
CG,nonsynonymous,swine,PB2,24,1558.364953886693,0.015400757017887233
CG,synonymous,all,HA,200,4236.9685867561075,0.04720355978686244
CG,synonymous,all,MP,63,1639.3268641470888,0.03843040785693323
CG,synonymous,all,NA,270,3690.3970694743116,0.07316285887861408
CG,synonymous,all,NP,127,3731.0053547523426,0.03403908274702276
CG,synonymous,all,NS,63,670.6431137724551,0.09393968074258867
CG,synonymous,all,PA,199,4158.177374301676,0.047857506327136916
CG,synonymous,all,PB1,205,3635.8348745046237,0.05638319865335768
CG,synonymous,all,PB2,273,5685.50900307422,0.0480168090231474
CG,synonymous,avian,HA,68,928.0574925998867,0.07327132267366633
CG,synonymous,avian,MP,21,592.6332992849847,0.035435065875199075
CG,synonymous,avian,NA,52,651.4590277276181,0.0798208295330305
CG,synonymous,avian,NP,44,1107.2489959839359,0.03973812589543171
CG,synonymous,avian,NS,18,209.08383233532933,0.08608987026376837
CG,synonymous,avian,PA,63,1070.0069832402235,0.058878120411160056
CG,synonymous,avian,PB1,43,1124.2932628797887,0.038246248927845464
CG,synonymous,avian,PB2,71,1286.5533596837945,0.05518620698130249
CG,synonymous,human,HA,99,2888.8988017030333,0.03426911317960967
CG,synonymous,human,MP,29,794.7068437180797,0.03649144364269207
CG,synonymous,human,NA,168,2605.6869731274874,0.06447436001814034
CG,synonymous,human,NP,62,2208.3828647925034,0.028074841997936546
CG,synonymous,human,NS,38,359.19041916167663,0.10579346767847855
CG,synonymous,human,PA,115,2753.0833333333335,0.04177134727729515
CG,synonymous,human,PB1,144,2174.436371642448,0.06622405781928234
CG,synonymous,human,PB2,171,3979.1945542380327,0.04297352081412476
CG,synonymous,swine,HA,24,306.22202591283866,0.07837450597636379
CG,synonymous,swine,MP,9,170.14198161389174,0.052896997640617394
CG,synonymous,swine,NA,38,341.7323311072078,0.11119814117932754
CG,synonymous,swine,NP,17,273.02878179384203,0.06226449786102156
CG,synonymous,swine,NS,6,70.42155688622755,0.08520118363320975
CG,synonymous,swine,PA,15,199.75651769087523,0.07509141715822568
CG,synonymous,swine,PB1,10,197.56494936151475,0.05061626585240823
CG,synonymous,swine,PB2,19,262.8476064997804,0.07228523117639983
CT,nonsense,all,HA,0,2820.990817905075,0.0
CT,nonsense,all,MP,0,1415.1828396322778,0.0
CT,nonsense,all,NA,1,1230.3808988882224,0.0008127564406303807
CT,nonsense,all,NP,0,2400.408299866131,0.0
CT,nonsense,all,NS,174,975.2035928143713,0.17842428112661873
CT,nonsense,all,PA,113,2258.0428305400374,0.05004333773995542
CT,nonsense,all,PB1,5,2319.2782915015414,0.0021558430561443805
CT,nonsense,all,PB2,1,3671.752305665349,0.0002723495259898237
CT,nonsense,avian,HA,0,474.8440299630528,0.0
CT,nonsense,avian,MP,0,483.65066394279876,0.0
CT,nonsense,avian,NA,0,254.39987528394698,0.0
CT,nonsense,avian,NP,0,703.636546184739,0.0
CT,nonsense,avian,NS,45,290.22874251497007,0.15505011533335258
CT,nonsense,avian,PA,9,576.778398510242,0.015603913085590677
CT,nonsense,avian,PB1,0,683.6111845002201,0.0
CT,nonsense,avian,PB2,0,869.3829600351339,0.0
CT,nonsense,human,HA,0,2126.2468998620698,0.0
CT,nonsense,human,MP,0,712.6598569969357,0.0
CT,nonsense,human,NA,0,820.1020040549871,0.0
CT,nonsense,human,NP,0,1413.2757697456493,0.0
CT,nonsense,human,NS,99,534.6431137724551,0.18517025179928634
CT,nonsense,human,PA,101,1499.215549348231,0.06736856487641736
CT,nonsense,human,PB1,4,1430.0,0.002797202797202797
CT,nonsense,human,PB2,1,2516.663592446201,0.0003973514787600191
CT,nonsense,swine,HA,0,153.21142520612486,0.0
CT,nonsense,swine,MP,0,150.2114402451481,0.0
CT,nonsense,swine,NA,1,117.02591667214588,0.008545115718269068
CT,nonsense,swine,NP,0,189.41432396251673,0.0
CT,nonsense,swine,NS,22,107.47185628742514,0.20470475490032206
CT,nonsense,swine,PA,1,107.97625698324022,0.009261295287863305
CT,nonsense,swine,PB1,0,119.5077058564509,0.0
CT,nonsense,swine,PB2,0,179.2731664470795,0.0
CT,nonsynonymous,all,HA,11155,20008.9084341147,0.5575016766522355
CT,nonsynonymous,all,MP,1467,6288.978549540348,0.23326522557581644
CT,nonsynonymous,all,NA,8512,13115.259363593577,0.6490149957406344
CT,nonsynonymous,all,NP,3018,14991.281124497991,0.2013170172006272
CT,nonsynonymous,all,NS,6455,4691.958083832335,1.3757582409448195
CT,nonsynonymous,all,PA,12151,19576.52932960894,0.6206922481209148
CT,nonsynonymous,all,PB1,3615,15994.678555702334,0.226012669614495
CT,nonsynonymous,all,PB2,7058,20990.030303030304,0.3362548742476587
CT,nonsynonymous,avian,HA,1781,3692.7797785239113,0.4822925023468111
CT,nonsynonymous,avian,MP,344,2122.968335035751,0.1620372731533026
CT,nonsynonymous,avian,NA,1465,2673.5021220723543,0.5479703898137964
CT,nonsynonymous,avian,NP,772,4320.873493975903,0.17866757753410525
CT,nonsynonymous,avian,NS,2224,1619.7940119760478,1.373014089172276
CT,nonsynonymous,avian,PA,2464,4827.511173184357,0.5104079331161193
CT,nonsynonymous,avian,PB1,977,4669.768383971818,0.20921808528092858
CT,nonsynonymous,avian,PB2,1598,4699.440052700922,0.34004051165235677
CT,nonsynonymous,human,HA,8486,14518.40390280434,0.5844995122611835
CT,nonsynonymous,human,MP,921,3167.3656792645556,0.2907779187068324
CT,nonsynonymous,human,NA,6358,8848.193213803359,0.7185647788614508
CT,nonsynonymous,human,NP,1952,9046.588353413654,0.2157719489097157
CT,nonsynonymous,human,NS,3278,2327.4814371257485,1.4083893206246427
CT,nonsynonymous,human,PA,8845,13186.791433891993,0.6707469397951537
CT,nonsynonymous,human,PB1,2330,9913.761338617349,0.23502684000712087
CT,nonsynonymous,human,PB2,4992,14693.04918752745,0.3397524867906643
CT,nonsynonymous,swine,HA,576,1325.464664310954,0.4345645836582411
CT,nonsynonymous,swine,MP,134,687.4279877425945,0.19492950882031287
CT,nonsynonymous,swine,NA,469,1212.7014080009017,0.386739882468786
CT,nonsynonymous,swine,NP,163,1058.7255689424364,0.1539586884284103
CT,nonsynonymous,swine,NS,622,501.1508982035928,1.241143141176836
CT,nonsynonymous,swine,PA,508,948.8738361266294,0.5353714905594744
CT,nonsynonymous,swine,PB1,164,837.0330250990753,0.19593014263754785
CT,nonsynonymous,swine,PB2,241,1013.461572244181,0.23779885355330874
CT,synonymous,all,HA,50708,17896.514590546816,2.833400869395243
CT,synonymous,all,MP,12094,3691.9458631256384,3.275779344651901
CT,synonymous,all,NA,32227,10407.99503826588,3.0963696544353345
CT,synonymous,all,NP,31624,10937.770414993307,2.8912656601980204
CT,synonymous,all,NS,8489,2294.307784431138,3.7000266736682867
CT,synonymous,all,PA,39991,13234.727188081937,3.021671654555333
CT,synonymous,all,PB1,32541,12359.949361514751,2.632777776689208
CT,synonymous,all,PB2,42313,15208.245059288538,2.7822408065523017
CT,synonymous,avian,HA,10119,3256.1009351456205,3.1077046447724612
CT,synonymous,avian,MP,4454,1328.1041879468846,3.3536525525798058
CT,synonymous,avian,NA,6301,1972.3999551409645,3.1945853494757745
CT,synonymous,avian,NP,9555,3381.297858099063,2.825838006880512
CT,synonymous,avian,NS,2789,737.5413173652695,3.7814830631634155
CT,synonymous,avian,PA,10292,3443.141061452514,2.9891310917300165
CT,synonymous,avian,PB1,10252,3822.3584324086305,2.6821137214857633
CT,synonymous,avian,PB2,9655,3521.6280193236717,2.741629708481886
CT,synonymous,human,HA,36067,13063.85007669693,2.760824702385072
CT,synonymous,human,MP,5411,1760.0040858018385,3.074424680971583
CT,synonymous,human,NA,21946,7173.593793862522,3.0592755361721533
CT,synonymous,human,NP,18533,6366.441767068273,2.9110452397233484
CT,synonymous,human,NS,4252,1204.6586826347304,3.5296304764934536
CT,synonymous,human,PA,26469,8702.50744878957,3.041537184053955
CT,synonymous,human,PB1,19254,7426.23249669749,2.592700943387164
CT,synonymous,human,PB2,29454,10513.199824330259,2.8016208663546793
CT,synonymous,swine,HA,3267,1158.6813898704359,2.8195844246409423
CT,synonymous,swine,MP,1554,412.15526046986724,3.770423791821561
CT,synonymous,swine,NA,3096,977.7325643650846,3.1665100589244113
CT,synonymous,swine,NP,2312,760.3567603748327,3.040677903436085
CT,synonymous,swine,NS,1059,243.81077844311378,4.343532335864664
CT,synonymous,swine,PA,1921,654.5209497206704,2.934970990340071
CT,synonymous,swine,PB1,1736,651.4874504623514,2.664671435755187
CT,synonymous,swine,PB2,2023,741.1062801932367,2.7297029509350823
GA,nonsense,all,HA,3,2587.324828268788,0.0011594987870183033
GA,nonsense,all,MP,0,203.8896833503575,0.0
GA,nonsense,all,NA,0,2447.8040978676213,0.0
GA,nonsense,all,NP,0,1328.5127175368139,0.0
GA,nonsense,all,NS,32,662.097005988024,0.04833128636829815
GA,nonsense,all,PA,94,2102.054003724395,0.04471816605731912
GA,nonsense,all,PB1,4,1326.958168207838,0.003014413035644007
GA,nonsense,all,PB2,2,1964.6486605182258,0.0010179937208072865
GA,nonsense,avian,HA,0,464.01310065931517,0.0
GA,nonsense,avian,MP,0,68.85393258426966,0.0
GA,nonsense,avian,NA,0,500.3107756342033,0.0
GA,nonsense,avian,NP,0,383.6619812583668,0.0
GA,nonsense,avian,NS,13,202.0922155688623,0.06432706951827291
GA,nonsense,avian,PA,6,525.4888268156425,0.011417940199335548
GA,nonsense,avian,PB1,0,385.31571994715983,0.0
GA,nonsense,avian,PB2,2,442.55160298638555,0.004519246990641964
GA,nonsense,human,HA,3,1892.2463821207575,0.0015854172206886264
GA,nonsense,human,MP,0,103.12461695607763,0.0
GA,nonsense,human,NA,0,1648.925650121534,0.0
GA,nonsense,human,NP,0,799.9123159303882,0.0
GA,nonsense,human,NS,14,352.0,0.03977272727272727
GA,nonsense,human,PA,82,1413.3314711359403,0.05801894436985398
GA,nonsense,human,PB1,4,825.6067811536768,0.004844921446030914
GA,nonsense,human,PB2,0,1374.0636802810716,0.0
GA,nonsense,swine,HA,0,175.3321554770318,0.0
GA,nonsense,swine,MP,0,22.10520939734423,0.0
GA,nonsense,swine,NA,0,233.7637050743764,0.0
GA,nonsense,swine,NP,0,96.36412315930387,0.0
GA,nonsense,swine,NS,2,77.3437125748503,0.025858598371063145
GA,nonsense,swine,PA,3,100.1024208566108,0.0299693051809134
GA,nonsense,swine,PB1,0,70.89431968295905,0.0
GA,nonsense,swine,PB2,0,95.87395696091349,0.0
GA,nonsynonymous,all,HA,40565,34207.656221723744,1.185845640434114
GA,nonsynonymous,all,MP,6797,11011.461695607763,0.617265916904672
GA,nonsynonymous,all,NA,23325,24382.395685724106,0.9566328223299562
GA,nonsynonymous,all,NP,14672,28847.368808567604,0.5086079114308147
GA,nonsynonymous,all,NS,18649,7661.360479041916,2.4341629728839145
GA,nonsynonymous,all,PA,28530,31192.459497206703,0.9146441306609655
GA,nonsynonymous,all,PB1,16152,26325.474680757376,0.6135501902955739
GA,nonsynonymous,all,PB2,29380,39143.78524374177,0.7505661452272866
GA,nonsynonymous,avian,HA,5349,6350.426512046365,0.8423056293704492
GA,nonsynonymous,avian,MP,1632,3743.546475995914,0.43595024409729843
GA,nonsynonymous,avian,NA,4192,4909.677710715753,0.8538238652306309
GA,nonsynonymous,avian,NP,3787,8463.716867469879,0.4474393530997305
GA,nonsynonymous,avian,NS,5169,2506.5880239520957,2.062165761029259
GA,nonsynonymous,avian,PA,5415,7608.033054003725,0.711747696357649
GA,nonsynonymous,avian,PB1,3737,7664.262439453985,0.4875876875983164
GA,nonsynonymous,avian,PB2,5533,8825.678085199825,0.6269206679176907
GA,nonsynonymous,human,HA,31360,24794.668313769544,1.2647880424592914
GA,nonsynonymous,human,MP,4173,5557.938712972421,0.7508179228857047
GA,nonsynonymous,human,NA,16802,16476.352323318817,1.0197645492334062
GA,nonsynonymous,human,NP,9286,17205.433065595716,0.5397132385216415
GA,nonsynonymous,human,NS,10890,3981.5329341317365,2.7351274446697027
GA,nonsynonymous,human,PA,21133,21091.517690875233,1.001966776868917
GA,nonsynonymous,human,PB1,11118,16338.319682959049,0.6804861341767068
GA,nonsynonymous,human,PB2,21651,27349.577075098816,0.7916392981342573
GA,nonsynonymous,swine,HA,2745,2220.6095406360423,1.2361470802353476
GA,nonsynonymous,swine,MP,693,1166.4402451481103,0.5941153032764275
GA,nonsynonymous,swine,NA,1611,2308.9454802764026,0.6977211085153678
GA,nonsynonymous,swine,NP,916,2078.087684069612,0.4407898699472374
GA,nonsynonymous,swine,NS,1694,791.2538922155688,2.1409057404528853
GA,nonsynonymous,swine,PA,1122,1520.5549348230913,0.7378884999840791
GA,nonsynonymous,swine,PB1,704,1384.227212681638,0.5085870249842536
GA,nonsynonymous,swine,PB2,1067,1876.480017566974,0.5686178323302701
GA,synonymous,all,HA,53260,11245.12941260638,4.736272749364071
GA,synonymous,all,MP,19316,3437.4126659856997,5.61934276647608
GA,synonymous,all,NA,30158,6530.527232076146,4.618003865273272
GA,synonymous,all,NP,37700,7730.801204819277,4.876596746078315
GA,synonymous,all,NS,9193,1545.1269461077845,5.949672952864753
GA,synonymous,all,PA,49603,10418.30772811918,4.761137921288379
GA,synonymous,all,PB1,43772,9371.146631439895,4.670933208231568
GA,synonymous,all,PB2,60936,13941.559947299078,4.370816481824563
GA,synonymous,avian,HA,9312,2257.5506036513543,4.124824482312292
GA,synonymous,avian,MP,7571,1280.5311542390193,5.912390319389937
GA,synonymous,avian,NA,6209,1390.4068959647987,4.465599255886598
GA,synonymous,avian,NP,11775,2527.5481927710844,4.658664880723974
GA,synonymous,avian,NS,3291,526.3844311377245,6.252084608366646
GA,synonymous,avian,PA,11587,2688.3072625698323,4.310147192372513
GA,synonymous,avian,PB1,11307,2874.834434169969,3.933096064805065
GA,synonymous,avian,PB2,13076,3406.453227931489,3.8385966649365035
GA,synonymous,human,HA,39305,8007.454612895275,4.9085510814763635
GA,synonymous,human,MP,8879,1653.9101123595506,5.368490061006264
GA,synonymous,human,NA,20386,4385.456027336739,4.6485473512729065
GA,synonymous,human,NP,21734,4360.141231593038,4.984700918061588
GA,synonymous,human,NS,4404,780.8323353293413,5.640135277111021
GA,synonymous,human,PA,33835,6860.569366852887,4.93180641295971
GA,synonymous,human,PB1,28691,5677.084544253633,5.053826444956002
GA,synonymous,human,PB2,43200,9448.469916556873,4.572168867712557
GA,synonymous,swine,HA,3291,700.027679623086,4.701242673392521
GA,synonymous,swine,MP,1877,330.0020429009193,5.687843576664025
GA,synonymous,swine,NA,2632,565.5763473381988,4.653659956586087
GA,synonymous,swine,NP,2631,524.2121820615796,5.018960050972136
GA,synonymous,swine,NS,1006,160.4562874251497,6.269620319299006
GA,synonymous,swine,PA,2621,537.5982309124768,4.875388067314361
GA,synonymous,swine,PB1,2284,474.742844561867,4.811025645068688
GA,synonymous,swine,PB2,2926,682.802371541502,4.2852809567638595
GC,nonsynonymous,all,HA,958,42929.56236989072,0.02231562464452019
GC,nonsynonymous,all,MP,120,13280.1164453524,0.009036065345797177
GC,nonsynonymous,all,NA,409,30334.102164162214,0.013483174738008469
GC,nonsynonymous,all,NP,275,34278.02208835341,0.008022633257285762
GC,nonsynonymous,all,NS,223,9246.77125748503,0.024116526059784066
GC,nonsynonymous,all,PA,501,40055.19972067039,0.012507739406962941
GC,nonsynonymous,all,PB1,268,33390.98282694848,0.0080261189492065
GC,nonsynonymous,all,PB2,535,48956.40799297321,0.010928089333612657
GC,nonsynonymous,avian,HA,256,8041.948825550476,0.031833079960251635
GC,nonsynonymous,avian,MP,49,4570.789581205311,0.010720248466804014
GC,nonsynonymous,avian,NA,90,6099.573801302274,0.014755129281456482
GC,nonsynonymous,avian,NP,98,10148.900267737617,0.00965621864583029
GC,nonsynonymous,avian,NS,52,2966.0646706586826,0.017531647409579982
GC,nonsynonymous,avian,PA,124,9745.161080074487,0.012724263763432036
GC,nonsynonymous,avian,PB1,82,9810.57551739322,0.008358327180155922
GC,nonsynonymous,avian,PB2,125,11255.072902942467,0.011106103094838298
GC,nonsynonymous,human,HA,585,31036.251643518353,0.018848925660202014
GC,nonsynonymous,human,MP,52,6678.018386108274,0.007786741065009835
GC,nonsynonymous,human,NA,271,20545.795513405857,0.01319004658754518
GC,nonsynonymous,human,NP,123,20371.359437751005,0.006037888653226727
GC,nonsynonymous,human,NS,135,4867.148502994012,0.02773697985934786
GC,nonsynonymous,human,PA,328,27110.98137802607,0.012098418549534685
GC,nonsynonymous,human,PB1,136,20640.62835755174,0.006588946695038089
GC,nonsynonymous,human,PB2,354,33959.55335968379,0.010424165366681849
GC,nonsynonymous,swine,HA,71,2802.33863368669,0.02533598157856964
GC,nonsynonymous,swine,MP,10,1373.9366700715016,0.007278355849894876
GC,nonsynonymous,swine,NA,35,2842.969195870866,0.012311072540228037
GC,nonsynonymous,swine,NP,32,2446.4946452476574,0.013079938704202909
GC,nonsynonymous,swine,NS,22,963.0491017964072,0.022844110397863077
GC,nonsynonymous,swine,PA,30,1965.1741154562383,0.015265822892764465
GC,nonsynonymous,swine,PB1,26,1748.691765741964,0.014868257808126801
GC,nonsynonymous,swine,PB2,34,2368.056653491436,0.0143577646040988
GC,synonymous,all,HA,299,5110.548092708193,0.058506444822741754
GC,synonymous,all,MP,103,1372.6475995914197,0.07503746775986701
GC,synonymous,all,NA,209,3026.624851505658,0.06905381745478914
GC,synonymous,all,NP,320,3628.660642570281,0.08818680816989684
GC,synonymous,all,NS,54,621.8131736526946,0.08684280470095183
GC,synonymous,all,PA,256,3657.6215083798884,0.06999083951510143
GC,synonymous,all,PB1,182,3632.596653456627,0.05010190157688342
GC,synonymous,all,PB2,382,6093.585858585859,0.06268886807621858
GC,synonymous,avian,HA,84,1030.041390806559,0.08155012094632917
GC,synonymous,avian,MP,32,522.1419816138917,0.06128601247708719
GC,synonymous,avian,NA,61,700.8215810124816,0.08704069859246186
GC,synonymous,avian,NP,61,1226.0267737617135,0.0497542152467347
GC,synonymous,avian,NS,25,269.0,0.09293680297397769
GC,synonymous,avian,PA,84,1076.6680633147114,0.07801847464611449
GC,synonymous,avian,PB1,68,1113.8370761778951,0.06105022130645924
GC,synonymous,avian,PB2,79,1419.6100131752305,0.05564908620452833
GC,synonymous,human,HA,192,3658.1176652672216,0.05248600990148156
GC,synonymous,human,MP,56,636.9550561797753,0.0879182910264778
GC,synonymous,human,NA,116,1964.9384873712331,0.059034926917833984
GC,synonymous,human,NP,216,1994.1271753681392,0.10831806650452165
GC,synonymous,human,NS,19,247.21676646706587,0.07685562865142957
GC,synonymous,human,PA,141,2254.437150837989,0.06254332703290902
GC,synonymous,human,PB1,84,2200.382650814619,0.03817517828951331
GC,synonymous,human,PB2,285,4212.557312252964,0.06765486588657853
GC,synonymous,swine,HA,12,293.63074204947,0.04086765546496585
GC,synonymous,swine,MP,10,144.61082737487231,0.06915111531778434
GC,synonymous,swine,NA,25,265.31633681811206,0.09422714145619604
GC,synonymous,swine,NP,32,252.16934404283802,0.12689885093472705
GC,synonymous,swine,NS,6,66.00479041916168,0.09090249301447907
GC,synonymous,swine,PA,12,193.0814711359404,0.06214993043817919
GC,synonymous,swine,PB1,18,181.17261118450023,0.099352765753701
GC,synonymous,swine,PB2,11,287.0996925779534,0.038314217271456244
GT,nonsense,all,HA,1,6698.296713022541,0.00014929168456450176
GT,nonsense,all,MP,1,1532.9489274770174,0.0006523374536983669
GT,nonsense,all,NA,3,3620.3423090198817,0.0008286509241199836
GT,nonsense,all,NP,0,5261.827978580991,0.0
GT,nonsense,all,NS,97,2289.476646706587,0.042367761269604794
GT,nonsense,all,PA,12,8426.211359404097,0.0014241275809688024
GT,nonsense,all,PB1,8,5351.129898723029,0.001495011362349676
GT,nonsense,all,PB2,3,7060.963548528766,0.0004248711920662846
GT,nonsense,avian,HA,0,1324.4244361338822,0.0
GT,nonsense,avian,MP,1,540.5137895812053,0.0018500915596895476
GT,nonsense,avian,NA,1,681.529753587986,0.0014672873704125074
GT,nonsense,avian,NP,0,1518.2081659973226,0.0
GT,nonsense,avian,NS,12,744.125748502994,0.01612630664123796
GT,nonsense,avian,PA,2,1974.5758845437617,0.0010128757348123456
GT,nonsense,avian,PB1,0,1609.0546014971378,0.0
GT,nonsense,avian,PB2,0,1664.5024154589373,0.0
GT,nonsense,human,HA,1,4727.806382434774,0.00021151458395489745
GT,nonsense,human,MP,0,743.5485188968335,0.0
GT,nonsense,human,NA,2,2505.888313957123,0.0007981201671521187
GT,nonsense,human,NP,0,3174.1352074966535,0.0
GT,nonsense,human,NS,80,1195.8958083832335,0.06689545982116481
GT,nonsense,human,PA,10,5797.988826815643,0.0017247359901333538
GT,nonsense,human,PB1,8,3276.744605900484,0.002441447522518013
GT,nonsense,human,PB2,3,4844.251207729469,0.0006192907575092744
GT,nonsense,swine,HA,0,471.06301531213194,0.0
GT,nonsense,swine,MP,0,168.43922369765068,0.0
GT,nonsense,swine,NA,0,333.3125890371929,0.0
GT,nonsense,swine,NP,0,370.4866131191432,0.0
GT,nonsense,swine,NS,3,235.77724550898202,0.012723874153011572
GT,nonsense,swine,PA,0,400.3095903165736,0.0
GT,nonsense,swine,PB1,0,275.4597093791281,0.0
GT,nonsense,swine,PB2,0,349.6161616161616,0.0
GT,nonsynonymous,all,HA,6658,36231.265656868185,0.18376393645905867
GT,nonsynonymous,all,MP,1342,11747.167517875383,0.11424030498908871
GT,nonsynonymous,all,NA,3403,26713.759855142333,0.12738753430640468
GT,nonsynonymous,all,NP,2107,29016.194109772423,0.07261462313179037
GT,nonsynonymous,all,NS,2747,6957.294610778443,0.3948373834484841
GT,nonsynonymous,all,PA,5190,31628.988361266292,0.16408997786207458
GT,nonsynonymous,all,PB1,2844,28039.852928225453,0.10142706551563882
GT,nonsynonymous,all,PB2,4698,41895.444444444445,0.1121362969720919
GT,nonsynonymous,avian,HA,862,6717.524389416594,0.12832108229604258
GT,nonsynonymous,avian,MP,309,4030.275791624106,0.07666969110207723
GT,nonsynonymous,avian,NA,747,5418.044047714287,0.13787263326423807
GT,nonsynonymous,avian,NP,577,8630.692101740295,0.06685442988791751
GT,nonsynonymous,avian,NS,611,2221.9389221556885,0.27498505647815824
GT,nonsynonymous,avian,PA,1060,7770.585195530726,0.13641186259815566
GT,nonsynonymous,avian,PB1,804,8201.52091589608,0.09803059801282683
GT,nonsynonymous,avian,PB2,1012,9590.57048748353,0.10552031303255023
GT,nonsynonymous,human,HA,5196,26308.44526108358,0.19750311918607044
GT,nonsynonymous,human,MP,889,5934.46986721144,0.1498027658564444
GT,nonsynonymous,human,NA,2356,18039.90719944873,0.13059934144627947
GT,nonsynonymous,human,NP,1318,17197.22423025435,0.07664027533474259
GT,nonsynonymous,human,NS,1864,3671.2526946107782,0.5077286024839047
GT,nonsynonymous,human,PA,3806,21312.992551210427,0.1785765180959464
GT,nonsynonymous,human,PB1,1830,17363.883751651254,0.10539116859878611
GT,nonsynonymous,human,PB2,3413,29115.302151954325,0.11722358168180326
GT,nonsynonymous,swine,HA,429,2331.2756183745582,0.18401942551053352
GT,nonsynonymous,swine,MP,87,1205.4974463738508,0.0721693772655404
GT,nonsynonymous,swine,NA,191,2509.656606833673,0.07610602959780087
GT,nonsynonymous,swine,NP,115,2076.008032128514,0.05539477604144501
GT,nonsynonymous,swine,NS,178,727.2718562874252,0.24475029311412347
GT,nonsynonymous,swine,PA,175,1564.864525139665,0.11183076693772016
GT,nonsynonymous,swine,PB1,116,1473.2320563628357,0.07873844415684564
GT,nonsynonymous,swine,PB2,156,2018.4404918752746,0.07728739124484414
GT,synonymous,all,HA,4162,5110.548092708193,0.8143940580342849
GT,synonymous,all,MP,1391,1372.6475995914197,1.013370074310437
GT,synonymous,all,NA,2407,3026.624851505658,0.7952753043716625
GT,synonymous,all,NP,2739,3628.660642570281,0.7548239611792108
GT,synonymous,all,NS,748,621.8131736526946,1.2029336651168883
GT,synonymous,all,PA,3238,3657.6215083798884,0.8852747591792908
GT,synonymous,all,PB1,2808,3632.596653456627,0.7730007671862013
GT,synonymous,all,PB2,5216,6093.585858585859,0.8559820311140212
GT,synonymous,avian,HA,782,1030.041390806559,0.7591927926193976
GT,synonymous,avian,MP,422,522.1419816138917,0.8082092895415873
GT,synonymous,avian,NA,598,700.8215810124816,0.8532842255457737
GT,synonymous,avian,NP,779,1226.0267737617135,0.635385797986989
GT,synonymous,avian,NS,260,269.0,0.966542750929368
GT,synonymous,avian,PA,856,1076.6680633147114,0.7950454082985
GT,synonymous,avian,PB1,792,1113.8370761778951,0.7110555187458194
GT,synonymous,avian,PB2,1020,1419.6100131752305,0.7185071889698594
GT,synonymous,human,HA,3080,3658.1176652672216,0.8419630755029334
GT,synonymous,human,MP,748,636.9550561797753,1.1743371729965248
GT,synonymous,human,NA,1541,1964.9384873712331,0.784248468796398
GT,synonymous,human,NP,1704,1994.1271753681392,0.8545091913134485
GT,synonymous,human,NS,352,247.21676646706587,1.4238516465949056
GT,synonymous,human,PA,2074,2254.437150837989,0.9199635479876122
GT,synonymous,human,PB1,1778,2200.382650814619,0.8080412737946985
GT,synonymous,human,PB2,3860,4212.557312252964,0.916308008148046
GT,synonymous,swine,HA,207,293.63074204947,0.704967056770661
GT,synonymous,swine,MP,138,144.61082737487231,0.9542853913854239
GT,synonymous,swine,NA,199,265.31633681811206,0.7500480459913205
GT,synonymous,swine,NP,152,252.16934404283802,0.6027695419399535
GT,synonymous,swine,NS,73,66.00479041916168,1.105980331676162
GT,synonymous,swine,PA,185,193.0814711359404,0.9581447609219292
GT,synonymous,swine,PB1,137,181.17261118450023,0.7561849393476131
GT,synonymous,swine,PB2,220,287.0996925779534,0.7662843454291248
TA,nonsense,all,HA,1,3846.473856300346,0.0002599783691138434
TA,nonsense,all,MP,0,454.44841675178753,0.0
TA,nonsense,all,NA,3,2810.5441117934784,0.0010674089715978965
TA,nonsense,all,NP,0,1360.3768406961178,0.0
TA,nonsense,all,NS,0,581.645508982036,0.0
TA,nonsense,all,PA,68,3690.8040037243945,0.018424169891270607
TA,nonsense,all,PB1,3,2244.628357551739,0.0013365241465951004
TA,nonsense,all,PB2,1,3005.5709266578833,0.0003327154888046425
TA,nonsense,avian,HA,0,748.935748027624,0.0
TA,nonsense,avian,MP,0,124.5097037793667,0.0
TA,nonsense,avian,NA,0,524.6402471079393,0.0
TA,nonsense,avian,NP,0,292.735609103079,0.0
TA,nonsense,avian,NS,0,149.70778443113772,0.0
TA,nonsense,avian,PA,6,795.7849162011173,0.007539725719661204
TA,nonsense,avian,PB1,0,593.8582122413034,0.0
TA,nonsense,avian,PB2,0,698.3715415019763,0.0
TA,nonsense,human,HA,0,2690.6567797539064,0.0
TA,nonsense,human,MP,0,271.4096016343207,0.0
TA,nonsense,human,NA,1,1934.1781948813084,0.0005170154449297601
TA,nonsense,human,NP,0,929.5789825970548,0.0
TA,nonsense,human,NS,0,340.0131736526946,0.0
TA,nonsense,human,PA,54,2625.435288640596,0.020568017895409737
TA,nonsense,human,PB1,3,1463.8780273007485,0.002049351068908189
TA,nonsense,human,PB2,1,2078.3759332454983,0.00048114490935162295
TA,nonsense,swine,HA,1,311.96996466431096,0.003205436783236585
TA,nonsense,swine,MP,0,40.171603677221654,0.0
TA,nonsense,swine,NA,2,279.89286888402546,0.007145591125541346
TA,nonsense,swine,NP,0,96.62449799196787,0.0
TA,nonsense,swine,NS,0,65.4754491017964,0.0
TA,nonsense,swine,PA,6,165.79422718808195,0.03618943856949507
TA,nonsense,swine,PB1,0,111.07705856450903,0.0
TA,nonsense,swine,PB2,0,144.68291611769874,0.0
TA,nonsynonymous,all,HA,3227,37035.722273896616,0.08713209306773646
TA,nonsynonymous,all,MP,363,8127.536261491317,0.0446629812923644
TA,nonsynonymous,all,NA,1791,25394.32603456664,0.07052756578623505
TA,nonsynonymous,all,NP,637,23498.04953145917,0.02710863295896899
TA,nonsynonymous,all,NS,969,7250.68622754491,0.13364252287167366
TA,nonsynonymous,all,PA,2098,32699.449255121042,0.0641601020136886
TA,nonsynonymous,all,PB1,848,27334.186261558785,0.031023422167594506
TA,nonsynonymous,all,PB2,1407,36682.32498902064,0.03835634738041081
TA,nonsynonymous,avian,HA,639,6901.4810144731755,0.09258882240782025
TA,nonsynonymous,avian,MP,77,2709.4811031664963,0.028418725603958712
TA,nonsynonymous,avian,NA,289,5023.874331091383,0.05752532427243613
TA,nonsynonymous,avian,NP,156,6664.841365461847,0.02340640856186227
TA,nonsynonymous,avian,NS,288,2331.0239520958085,0.12355085401034215
TA,nonsynonymous,avian,PA,534,7787.145716945996,0.06857454828897525
TA,nonsynonymous,avian,PB1,197,7831.126376045795,0.025156023608888824
TA,nonsynonymous,avian,PB2,271,8165.83750548968,0.03318704294786833
TA,nonsynonymous,human,HA,2252,26731.24891317872,0.08424597022437459
TA,nonsynonymous,human,MP,253,4147.116445352401,0.061006244539753056
TA,nonsynonymous,human,NA,1296,17219.245382616817,0.07526462229920591
TA,nonsynonymous,human,NP,390,14254.495983935743,0.027359788830100668
TA,nonsynonymous,human,NS,554,3796.088622754491,0.14593969083841105
TA,nonsynonymous,human,PA,1407,22342.461824953447,0.06297425999978996
TA,nonsynonymous,human,PB1,581,17089.008806693088,0.03399846103259338
TA,nonsynonymous,human,PB2,1036,25757.712779973648,0.04022096250741173
TA,nonsynonymous,swine,HA,199,2512.9746760895173,0.07918901925015309
TA,nonsynonymous,swine,MP,22,881.6108273748723,0.024954321472557547
TA,nonsynonymous,swine,NA,141,2450.1690289897274,0.057547050155204275
TA,nonsynonymous,swine,NP,51,1711.6097724230253,0.02979651134370558
TA,nonsynonymous,swine,NS,85,763.2,0.11137316561844864
TA,nonsynonymous,swine,PA,77,1576.5432960893854,0.048841031001811655
TA,nonsynonymous,swine,PB1,40,1456.932188463232,0.02745494973392817
TA,nonsynonymous,swine,PB2,64,1754.3737373737374,0.03648025425631754
TA,synonymous,all,HA,3024,7922.716405529763,0.38168727052874946
TA,synonymous,all,MP,1357,2689.7630234933604,0.5045054111263604
TA,synonymous,all,NA,2048,6210.904114205133,0.3297426529763939
TA,synonymous,all,NP,2750,6151.917001338688,0.44701513355943945
TA,synonymous,all,NS,764,1544.8395209580838,0.49454975072503315
TA,synonymous,all,PA,2202,6264.1908752327745,0.35152185555300064
TA,synonymous,all,PB1,2070,5618.895200352268,0.36839982348669265
TA,synonymous,all,PB2,3076,8231.25340360123,0.37369764350277795
TA,synonymous,avian,HA,487,1356.1212118411293,0.35911244197620623
TA,synonymous,avian,MP,342,821.58835546476,0.41626685398496893
TA,synonymous,avian,NA,355,1207.233041116994,0.2940608713554889
TA,synonymous,avian,NP,733,1856.9323962516733,0.39473704130511345
TA,synonymous,avian,NS,228,493.05868263473053,0.4624196024328158
TA,synonymous,avian,PA,449,1494.5591247672253,0.30042304286217575
TA,synonymous,avian,PB1,511,1569.9462791721708,0.3254888442867288
TA,synonymous,avian,PB2,532,1698.4527887571367,0.3132262512809069
TA,synonymous,human,HA,2257,5876.884802306181,0.384047003799414
TA,synonymous,human,MP,832,1445.0633299284984,0.575753313206811
TA,synonymous,human,NA,1425,4225.122623778594,0.3372683178424772
TA,synonymous,human,NP,1727,3620.3400267737616,0.47702701603390635
TA,synonymous,human,NS,409,797.6167664670659,0.5127775859221333
TA,synonymous,human,PA,1579,4271.043296089386,0.36969889802937606
TA,synonymous,human,PB1,1394,3560.9431968295903,0.3914693166802318
TA,synonymous,human,PB2,2318,5933.717610891524,0.390648856586171
TA,synonymous,swine,HA,220,510.7797408716137,0.4307140287603885
TA,synonymous,swine,MP,135,298.4535240040858,0.4523317338955323
TA,synonymous,swine,NA,208,615.4436110824105,0.3379675997191365
TA,synonymous,swine,NP,189,432.55555555555554,0.4369380940148985
TA,synonymous,swine,NS,91,179.2610778443114,0.507639478097045
TA,synonymous,swine,PA,115,307.1294227188082,0.374434982431781
TA,synonymous,swine,PB1,116,292.92866578599734,0.39600084781304823
TA,synonymous,swine,PB2,152,379.8054457619675,0.40020489883987015
TC,nonsynonymous,all,HA,7793,28946.012486817253,0.26922533815492306
TC,nonsynonymous,all,MP,568,6079.788559754852,0.0934243015883603
TC,nonsynonymous,all,NA,5897,19443.942675157115,0.30328211199338717
TC,nonsynonymous,all,NP,2380,18754.064926372157,0.12690582064975256
TC,nonsynonymous,all,NS,5367,7209.4874251497,0.7444357252469385
TC,nonsynonymous,all,PA,8916,28221.933426443204,0.31592449267299116
TC,nonsynonymous,all,PB1,3172,22095.616908850727,0.14355788358773583
TC,nonsynonymous,all,PB2,4672,30508.39745278876,0.15313816490131424
TC,nonsynonymous,avian,HA,1026,5348.114342829652,0.1918433178930782
TC,nonsynonymous,avian,MP,151,2030.8038815117466,0.07435479190023726
TC,nonsynonymous,avian,NA,1039,3821.2986845012697,0.27189709200541157
TC,nonsynonymous,avian,NP,852,5452.455153949129,0.15625988218956913
TC,nonsynonymous,avian,NS,1386,2279.991616766467,0.6078969719922281
TC,nonsynonymous,avian,PA,1720,6775.554934823092,0.2538537457884118
TC,nonsynonymous,avian,PB1,896,6387.291501541171,0.1402785515243522
TC,nonsynonymous,avian,PB2,1144,6830.612209046992,0.16748132744013747
TC,nonsynonymous,human,HA,6012,20933.885818444236,0.28718987254162825
TC,nonsynonymous,human,MP,320,3098.926455566905,0.1032615664128307
TC,nonsynonymous,human,NA,4212,13219.164175185704,0.3186283144819804
TC,nonsynonymous,human,NP,1293,11236.268406961179,0.1150737907968584
TC,nonsynonymous,human,NS,3230,3817.2107784431137,0.8461675782329701
TC,nonsynonymous,human,PA,6636,19225.75558659218,0.34516198700808776
TC,nonsynonymous,human,PB1,2031,13762.665785997358,0.1475731541825577
TC,nonsynonymous,human,PB2,3204,21376.30346947738,0.14988559666431106
TC,nonsynonymous,swine,HA,513,1969.2143698468788,0.2605099819781884
TC,nonsynonymous,swine,MP,68,656.2308478038815,0.10362207175655694
TC,nonsynonymous,swine,NA,452,1863.5239770311439,0.24255121241858107
TC,nonsynonymous,swine,NP,107,1356.3694779116465,0.07888705971528058
TC,nonsynonymous,swine,NS,500,761.8814371257484,0.6562700909032321
TC,nonsynonymous,swine,PA,308,1358.536312849162,0.22671458766829236
TC,nonsynonymous,swine,PB1,120,1167.8243064729195,0.10275518272301233
TC,nonsynonymous,swine,PB2,137,1463.6908212560386,0.09359900192749453
TC,synonymous,all,HA,41739,19858.900048909476,2.1017780389247713
TC,synonymous,all,MP,13644,5191.959141981614,2.6279097402127274
TC,synonymous,all,NA,32426,14971.831585408134,2.165800477718643
TC,synonymous,all,NP,26213,12256.27844712182,2.138740573910156
TC,synonymous,all,NS,6135,2167.6838323353295,2.8302097882007673
TC,synonymous,all,PA,34083,14432.510707635009,2.3615433717966754
TC,synonymous,all,PB1,30615,13102.092910612066,2.3366495878840334
TC,synonymous,all,PB2,38217,17410.751866491,2.1950229543821727
TC,synonymous,avian,HA,7937,3658.4236315122776,2.169513648346704
TC,synonymous,avian,MP,4643,1624.7752808988764,2.857625946544034
TC,synonymous,avian,NA,6463,2934.448934815047,2.2024578186797963
TC,synonymous,avian,NP,7613,3362.0542168674697,2.2643894205529107
TC,synonymous,avian,NS,2161,693.7988023952096,3.1147358463859476
TC,synonymous,avian,PA,7999,3301.934823091248,2.422519046730121
TC,synonymous,avian,PB1,8735,3607.6393659180976,2.4212508829238413
TC,synonymous,avian,PB2,8696,3732.0496267018007,2.3300869146493883
TC,synonymous,human,HA,29963,14364.904676794571,2.08584746464785
TC,synonymous,human,MP,6978,2764.6629213483147,2.5239966674117573
TC,synonymous,human,NA,22033,10159.382026091014,2.1687342737398323
TC,synonymous,human,NP,15669,7568.146586345381,2.070388016568067
TC,synonymous,human,NS,3052,1116.5077844311377,2.733523261152181
TC,synonymous,human,PA,23567,10013.184823091247,2.353596824224448
TC,synonymous,human,PB1,19276,8351.164244826068,2.3081811631165525
TC,synonymous,human,PB2,26659,12393.502854633289,2.1510464242991305
TC,synonymous,swine,HA,2868,1366.510011778563,2.0987771588055857
TC,synonymous,swine,MP,1391,564.0051072522982,2.4662897234683365
TC,synonymous,swine,NA,3002,1481.9815319250195,2.0256662686616296
TC,synonymous,swine,NP,1941,884.4203480589023,2.1946577826483136
TC,synonymous,swine,NS,595,246.05508982035929,2.418157659060821
TC,synonymous,swine,PA,1528,690.9306331471136,2.211509993470874
TC,synonymous,swine,PB1,1542,693.113606340819,2.224743513752008
TC,synonymous,swine,PB2,1713,815.171277997365,2.1013988670066186
TG,nonsense,all,HA,2,1860.6309952767251,0.0010749041615866165
TG,nonsense,all,MP,0,181.40653728294177,0.0
TG,nonsense,all,NA,1,1172.3885380416912,0.0008529595501422746
TG,nonsense,all,NP,0,806.7289156626506,0.0
TG,nonsense,all,NS,0,176.1173652694611,0.0
TG,nonsense,all,PA,4,1655.7430167597765,0.002415833833820324
TG,nonsense,all,PB1,4,1475.6147071774549,0.002710734706386311
TG,nonsense,all,PB2,0,1479.2353974527887,0.0
TG,nonsense,avian,HA,0,417.4896673622418,0.0
TG,nonsense,avian,MP,0,19.693564862104186,0.0
TG,nonsense,avian,NA,0,244.8824617433379,0.0
TG,nonsense,avian,NP,0,165.79451137884874,0.0
TG,nonsense,avian,NS,0,44.49820359281437,0.0
TG,nonsense,avian,PA,2,368.68947858472995,0.0054246191339045015
TG,nonsense,avian,PB1,0,312.65389696169086,0.0
TG,nonsense,avian,PB2,0,324.1923583662714,0.0
TG,nonsense,human,HA,0,1225.9911664628526,0.0
TG,nonsense,human,MP,0,139.1838610827375,0.0
TG,nonsense,human,NA,0,761.0423864255329,0.0
TG,nonsense,human,NP,0,550.1178045515395,0.0
TG,nonsense,human,NS,0,100.6431137724551,0.0
TG,nonsense,human,PA,2,1161.8375232774674,0.0017214110922826207
TG,nonsense,human,PB1,4,1046.668428005284,0.0038216496198544034
TG,nonsense,human,PB2,0,1047.080808080808,0.0
TG,nonsense,swine,HA,2,164.84393404004712,0.012132687876243725
TG,nonsense,swine,MP,0,17.835546475995915,0.0
TG,nonsense,swine,NA,1,131.94395862099196,0.007578975274438238
TG,nonsense,swine,NP,0,65.70682730923696,0.0
TG,nonsense,swine,NS,0,20.411976047904194,0.0
TG,nonsense,swine,PA,0,77.06797020484171,0.0
TG,nonsense,swine,PB1,0,74.70805812417437,0.0
TG,nonsense,swine,PB2,0,68.5911286780852,0.0
TG,nonsynonymous,all,HA,2082,40688.40412495586,0.051169369867790526
TG,nonsynonymous,all,MP,264,8637.203268641471,0.030565449461921027
TG,nonsynonymous,all,NA,1550,27964.90980054874,0.05542660466473542
TG,nonsynonymous,all,NP,529,24915.103078982596,0.021232101602109914
TG,nonsynonymous,all,NS,738,7983.475449101797,0.09244094313373642
TG,nonsynonymous,all,PA,1491,36481.33705772812,0.040870212559387276
TG,nonsynonymous,all,PB1,764,29317.761778952005,0.02605928807800382
TG,nonsynonymous,all,PB2,1033,39713.52525252525,0.026011289439340692
TG,nonsynonymous,avian,HA,375,7526.460082017428,0.04982421960836112
TG,nonsynonymous,avian,MP,75,2889.569969356486,0.025955419247626895
TG,nonsynonymous,avian,NA,310,5498.808761319994,0.05637584674350163
TG,nonsynonymous,avian,NP,165,7079.103078982597,0.02330803749557969
TG,nonsynonymous,avian,NS,198,2542.0311377245507,0.0778904699716762
TG,nonsynonymous,avian,PA,291,8635.251862197392,0.03369907498285173
TG,nonsynonymous,avian,PB1,210,8453.560105680317,0.024841604882999746
TG,nonsynonymous,avian,PB2,229,8847.631093544138,0.025882634298246762
TG,nonsynonymous,human,HA,1479,29419.356520068584,0.050273023442613085
TG,nonsynonymous,human,MP,157,4409.32379979571,0.03560636667401791
TG,nonsynonymous,human,NA,1080,18991.10463055181,0.056868729913822774
TG,nonsynonymous,human,NP,300,15098.819277108434,0.01986910330497398
TG,nonsynonymous,human,NS,445,4209.437125748503,0.10571484659504735
TG,nonsynonymous,human,PA,1099,25005.33938547486,0.04395061322936448
TG,nonsynonymous,human,PB1,497,18273.467195068253,0.027197903643274287
TG,nonsynonymous,human,PB2,722,27871.289855072464,0.025904793203124714
TG,nonsynonymous,swine,HA,151,2771.713780918728,0.054478929620918035
TG,nonsynonymous,swine,MP,19,924.1685393258427,0.020559020559020556
TG,nonsynonymous,swine,NA,111,2707.8089367511093,0.040992552500096376
TG,nonsynonymous,swine,NP,29,1814.9270414993307,0.015978603732766463
TG,nonsynonymous,swine,NS,55,840.2155688622754,0.06545939165882722
TG,nonsynonymous,swine,PA,52,1739.2579143389198,0.029897808468369022
TG,nonsynonymous,swine,PB1,30,1558.2364597093792,0.019252533730083038
TG,nonsynonymous,swine,PB2,42,1904.0254721124286,0.022058528425779374
TG,synonymous,all,HA,1759,6255.877415494143,0.28117558628041933
TG,synonymous,all,MP,690,2453.137895812053,0.2812724067317838
TG,synonymous,all,NA,1404,5278.475921974816,0.2659858680334241
TG,synonymous,all,NP,1434,5288.511378848728,0.2711538081841419
TG,synonymous,all,NS,408,1217.5784431137724,0.3350913465226945
TG,synonymous,all,PA,1113,4517.364059590316,0.24638262166121253
TG,synonymous,all,PB1,1316,4404.333333333333,0.2987966396730493
TG,synonymous,all,PB2,1825,6726.388669301713,0.27131943896269956
TG,synonymous,avian,HA,319,1062.588224962259,0.30021036607226687
TG,synonymous,avian,MP,209,746.3156281920327,0.2800423736352774
TG,synonymous,avian,NA,276,1012.056396252985,0.2727120751589103
TG,synonymous,avian,NP,385,1569.6117804551538,0.24528358208955225
TG,synonymous,avian,NS,131,387.2610778443114,0.3382730862838358
TG,synonymous,avian,PA,281,1073.548417132216,0.2617487907537873
TG,synonymous,avian,PB1,367,1228.716864817261,0.2986855723304339
TG,synonymous,avian,PB2,372,1390.8383838383838,0.267464576993747
TG,synonymous,human,HA,1268,4653.4428087073675,0.272486426098836
TG,synonymous,human,MP,387,1315.0817160367721,0.29427829106033954
TG,synonymous,human,NA,946,3626.3991842993764,0.26086482814571005
TG,synonymous,human,NP,898,3155.4779116465866,0.2845844671216244
TG,synonymous,human,NS,209,623.6383233532933,0.3351301422212322
TG,synonymous,human,PA,749,3071.763500931099,0.24383387580878754
TG,synonymous,human,PB1,853,2793.6944077498897,0.30533046049479234
TG,synonymous,human,PB2,1343,4851.4356609574,0.27682527273482743
TG,synonymous,swine,HA,122,399.1666666666667,0.3056367432150313
TG,synonymous,swine,MP,60,278.2318692543412,0.21564747475118304
TG,synonymous,swine,NA,143,505.7526135840621,0.2827469323126527
TG,synonymous,swine,NP,103,360.15595716198123,0.285987217347832
TG,synonymous,swine,NS,41,147.30898203592815,0.27832654488101916
TG,synonymous,swine,PA,56,233.14106145251395,0.24019792846060303
TG,synonymous,swine,PB1,59,227.99339498018495,0.2587794265054377
TG,synonymous,swine,PB2,66,306.24549846288977,0.21551337189042064
